{"type": "FeatureCollection", "features": [{"type": "Feature", "geometry": {"type": "Polygon", "coordinates": [[[108.06005321514249, 15.9898776510085], [108.06005321514249, 15.994583610020992], [108.06154678532212, 15.994583610020992], [108.06154678532212, 15.9898776510085], [108.06005321514249, 15.9898776510085]]]}, "properties": {"db_hole_id": 523, "course_id": 30, "course": "Ba Na Hills Golf Club — Championship", "facility": "Ba Na Hills Golf Club", "hole_number": 1, "par": 4, "length_m": 362.0, "coords_source": "SEED", "todo": "draw: green, fairway, bunker, water, ob", "centroid": "15.992230630514745,108.0608000002323"}}, {"type": "Feature", "geometry": {"type": "Polygon", "coordinates": [[[108.06085320818627, 15.990477650562033], [108.06085320818627, 15.996318745536508], [108.06234679227822, 15.996318745536508], [108.06234679227822, 15.990477650562033], [108.06085320818627, 15.990477650562033]]]}, "properties": {"db_hole_id": 524, "course_id": 30, "course": "Ba Na Hills Golf Club — Championship", "facility": "Ba Na Hills Golf Club", "hole_number": 2, "par": 5, "length_m": 488.0, "coords_source": "SEED", "todo": "draw: green, fairway, bunker, water, ob", "centroid": "15.993398198049269,108.06160000023223"}}, {"type": "Feature", "geometry": {"type": "Polygon", "coordinates": [[[108.06165320954652, 15.991077650115708], [108.06165320954652, 15.99581964694767], [108.06314679091783, 15.99581964694767], [108.06314679091783, 15.991077650115708], [108.06165320954652, 15.991077650115708]]]}, "properties": {"db_hole_id": 525, "course_id": 30, "course": "Ba Na Hills Golf Club — Championship", "facility": "Ba Na Hills Golf Club", "hole_number": 3, "par": 4, "length_m": 366.0, "coords_source": "SEED", "todo": "draw: green, fairway, bunker, water, ob", "centroid": "15.993448648531688,108.06240000023217"}}, {"type": "Feature", "geometry": {"type": "Polygon", "coordinates": [[[108.06245321348885, 15.991677649669514], [108.06245321348885, 15.994626854705393], [108.06394678697541, 15.994626854705393], [108.06394678697541, 15.991677649669514], [108.06245321348885, 15.991677649669514]]]}, "properties": {"db_hole_id": 526, "course_id": 30, "course": "Ba Na Hills Golf Club — Championship", "facility": "Ba Na Hills Golf Club", "hole_number": 4, "par": 3, "length_m": 167.0, "coords_source": "SEED", "todo": "draw: green, fairway, bunker, water, ob", "centroid": "15.993152252187453,108.06320000023214"}}, {"type": "Feature", "geometry": {"type": "Polygon", "coordinates": [[[108.06325320395072, 15.992277649223466], [108.06325320395072, 15.997055683873787], [108.0647467965134, 15.997055683873787], [108.0647467965134, 15.992277649223466], [108.06325320395072, 15.992277649223466]]]}, "properties": {"db_hole_id": 527, "course_id": 30, "course": "Ba Na Hills Golf Club — Championship", "facility": "Ba Na Hills Golf Club", "hole_number": 5, "par": 4, "length_m": 370.0, "coords_source": "SEED", "todo": "draw: green, fairway, bunker, water, ob", "centroid": "15.994666666548627,108.06400000023207"}}, {"type": "Feature", "geometry": {"type": "Polygon", "coordinates": [[[108.06405320115287, 15.992877648777545], [108.06405320115287, 15.997673702336643], [108.06554679931112, 15.997673702336643], [108.06554679931112, 15.992877648777545], [108.06405320115287, 15.992877648777545]]]}, "properties": {"db_hole_id": 528, "course_id": 30, "course": "Ba Na Hills Golf Club — Championship", "facility": "Ba Na Hills Golf Club", "hole_number": 6, "par": 4, "length_m": 372.0, "coords_source": "SEED", "todo": "draw: green, fairway, bunker, water, ob", "centroid": "15.995275675557096,108.064800000232"}}, {"type": "Feature", "geometry": {"type": "Polygon", "coordinates": [[[108.0648531938605, 15.993477648331778], [108.0648531938605, 15.999498927936282], [108.06634680660336, 15.999498927936282], [108.06634680660336, 15.993477648331778], [108.0648531938605, 15.993477648331778]]]}, "properties": {"db_hole_id": 529, "course_id": 30, "course": "Ba Na Hills Golf Club — Championship", "facility": "Ba Na Hills Golf Club", "hole_number": 7, "par": 5, "length_m": 508.0, "coords_source": "SEED", "todo": "draw: green, fairway, bunker, water, ob", "centroid": "15.996488288134032,108.06560000023195"}}, {"type": "Feature", "geometry": {"type": "Polygon", "coordinates": [[[108.06565320216454, 15.994077647886128], [108.06565320216454, 15.997134964590517], [108.0671467982992, 15.997134964590517], [108.0671467982992, 15.994077647886128], [108.06565320216454, 15.994077647886128]]]}, "properties": {"db_hole_id": 530, "course_id": 30, "course": "Ba Na Hills Golf Club — Championship", "facility": "Ba Na Hills Golf Club", "hole_number": 8, "par": 3, "length_m": 179.0, "coords_source": "SEED", "todo": "draw: green, fairway, bunker, water, ob", "centroid": "15.995606306238322,108.06640000023187"}}, {"type": "Feature", "geometry": {"type": "Polygon", "coordinates": [[[108.06645319275954, 15.994677647440634], [108.06645319275954, 15.999527757724383], [108.06794680770406, 15.999527757724383], [108.06794680770406, 15.994677647440634], [108.06645319275954, 15.994677647440634]]]}, "properties": {"db_hole_id": 531, "course_id": 30, "course": "Ba Na Hills Golf Club — Championship", "facility": "Ba Na Hills Golf Club", "hole_number": 9, "par": 4, "length_m": 378.0, "coords_source": "SEED", "todo": "draw: green, fairway, bunker, water, ob", "centroid": "15.997102702582508,108.0672000002318"}}, {"type": "Feature", "geometry": {"type": "Polygon", "coordinates": [[[108.06725318996183, 15.995277646995266], [108.06725318996183, 16.00014577618669], [108.06874681050164, 16.00014577618669], [108.06874681050164, 15.995277646995266], [108.06725318996183, 15.995277646995266]]]}, "properties": {"db_hole_id": 532, "course_id": 30, "course": "Ba Na Hills Golf Club — Championship", "facility": "Ba Na Hills Golf Club", "hole_number": 10, "par": 4, "length_m": 380.0, "coords_source": "SEED", "todo": "draw: green, fairway, bunker, water, ob", "centroid": "15.997711711590979,108.06800000023175"}}, {"type": "Feature", "geometry": {"type": "Polygon", "coordinates": [[[108.06805318716417, 15.995877646550044], [108.06805318716417, 16.000763794648858], [108.06954681329917, 16.000763794648858], [108.06954681329917, 15.995877646550044], [108.06805318716417, 15.995877646550044]]]}, "properties": {"db_hole_id": 533, "course_id": 30, "course": "Ba Na Hills Golf Club — Championship", "facility": "Ba Na Hills Golf Club", "hole_number": 11, "par": 4, "length_m": 382.0, "coords_source": "SEED", "todo": "draw: green, fairway, bunker, water, ob", "centroid": "15.99832072059945,108.06880000023166"}}, {"type": "Feature", "geometry": {"type": "Polygon", "coordinates": [[[108.06885319084078, 15.996477646104966], [108.06885319084078, 15.999643074473436], [108.07034680962248, 15.999643074473436], [108.07034680962248, 15.996477646104966], [108.06885319084078, 15.996477646104966]]]}, "properties": {"db_hole_id": 534, "course_id": 30, "course": "Ba Na Hills Golf Club — Championship", "facility": "Ba Na Hills Golf Club", "hole_number": 12, "par": 3, "length_m": 191.0, "coords_source": "SEED", "todo": "draw: green, fairway, bunker, water, ob", "centroid": "15.998060360289204,108.06960000023163"}}, {"type": "Feature", "geometry": {"type": "Polygon", "coordinates": [[[108.06965317667064, 15.997077645660015], [108.06965317667064, 16.00331514681143], [108.07114682379249, 16.00331514681143], [108.07114682379249, 15.997077645660015], [108.06965317667064, 15.997077645660015]]]}, "properties": {"db_hole_id": 535, "course_id": 30, "course": "Ba Na Hills Golf Club — Championship", "facility": "Ba Na Hills Golf Club", "hole_number": 13, "par": 5, "length_m": 532.0, "coords_source": "SEED", "todo": "draw: green, fairway, bunker, water, ob", "centroid": "16.000196396235722,108.07040000023157"}}, {"type": "Feature", "geometry": {"type": "Polygon", "coordinates": [[[108.07045317877142, 15.997677645215205], [108.07045317877142, 16.00261785003452], [108.07194682169157, 16.00261785003452], [108.07194682169157, 15.997677645215205], [108.07045317877142, 15.997677645215205]]]}, "properties": {"db_hole_id": 536, "course_id": 30, "course": "Ba Na Hills Golf Club — Championship", "facility": "Ba Na Hills Golf Club", "hole_number": 14, "par": 4, "length_m": 388.0, "coords_source": "SEED", "todo": "draw: green, fairway, bunker, water, ob", "centroid": "16.000147747624865,108.07120000023149"}}, {"type": "Feature", "geometry": {"type": "Polygon", "coordinates": [[[108.07125317597391, 15.998277644770521], [108.07125317597391, 16.003235868496123], [108.07274682448895, 16.003235868496123], [108.07274682448895, 15.998277644770521], [108.07125317597391, 15.998277644770521]]]}, "properties": {"db_hole_id": 537, "course_id": 30, "course": "Ba Na Hills Golf Club — Championship", "facility": "Ba Na Hills Golf Club", "hole_number": 15, "par": 4, "length_m": 390.0, "coords_source": "SEED", "todo": "draw: green, fairway, bunker, water, ob", "centroid": "16.000756756633322,108.07200000023143"}}, {"type": "Feature", "geometry": {"type": "Polygon", "coordinates": [[[108.07205317951757, 15.99887764432599], [108.07205317951757, 16.002151184354148], [108.07354682094515, 16.002151184354148], [108.07354682094515, 15.99887764432599], [108.07205317951757, 15.99887764432599]]]}, "properties": {"db_hole_id": 538, "course_id": 30, "course": "Ba Na Hills Golf Club — Championship", "facility": "Ba Na Hills Golf Club", "hole_number": 16, "par": 3, "length_m": 203.0, "coords_source": "SEED", "todo": "draw: green, fairway, bunker, water, ob", "centroid": "16.000514414340067,108.07280000023137"}}, {"type": "Feature", "geometry": {"type": "Polygon", "coordinates": [[[108.07285317037899, 15.999477643881594], [108.07285317037899, 16.00447190541893], [108.07434683008361, 16.00447190541893], [108.07434683008361, 15.999477643881594], [108.07285317037899, 15.999477643881594]]]}, "properties": {"db_hole_id": 539, "course_id": 30, "course": "Ba Na Hills Golf Club — Championship", "facility": "Ba Na Hills Golf Club", "hole_number": 17, "par": 4, "length_m": 394.0, "coords_source": "SEED", "todo": "draw: green, fairway, bunker, water, ob", "centroid": "16.00197477465026,108.07360000023131"}}, {"type": "Feature", "geometry": {"type": "Polygon", "coordinates": [[[108.0736531623466, 16.000077643437344], [108.0736531623466, 16.0064953292036], [108.07514683811587, 16.0064953292036], [108.07514683811587, 16.000077643437344], [108.0736531623466, 16.000077643437344]]]}, "properties": {"db_hole_id": 540, "course_id": 30, "course": "Ba Na Hills Golf Club — Championship", "facility": "Ba Na Hills Golf Club", "hole_number": 18, "par": 5, "length_m": 552.0, "coords_source": "SEED", "todo": "draw: green, fairway, bunker, water, ob", "centroid": "16.00328648632047,108.07440000023125"}}, {"type": "Feature", "geometry": {"type": "Polygon", "coordinates": [[[108.28005297161485, 16.019877525348235], [108.28005297161485, 16.024583735675684], [108.2815470288151, 16.024583735675684], [108.2815470288151, 16.019877525348235], [108.28005297161485, 16.019877525348235]]]}, "properties": {"db_hole_id": 487, "course_id": 28, "course": "BRG Đà Nẵng Golf Resort — Championship", "facility": "BRG Đà Nẵng Golf Resort", "hole_number": 1, "par": 4, "length_m": 362.0, "coords_source": "SEED", "todo": "draw: green, fairway, bunker, water, ob", "centroid": "16.02223063051196,108.28080000021498"}}, {"type": "Feature", "geometry": {"type": "Polygon", "coordinates": [[[108.28085296468333, 16.020477524938748], [108.28085296468333, 16.02631887115263], [108.28234703574648, 16.02631887115263], [108.28234703574648, 16.020477524938748], [108.28085296468333, 16.020477524938748]]]}, "properties": {"db_hole_id": 488, "course_id": 28, "course": "BRG Đà Nẵng Golf Resort — Championship", "facility": "BRG Đà Nẵng Golf Resort", "hole_number": 2, "par": 5, "length_m": 488.0, "coords_source": "SEED", "todo": "draw: green, fairway, bunker, water, ob", "centroid": "16.02339819804569,108.28160000021492"}}, {"type": "Feature", "geometry": {"type": "Polygon", "coordinates": [[[108.2816529660845, 16.02107752452939], [108.2816529660845, 16.025819772528358], [108.28314703434518, 16.025819772528358], [108.28314703434518, 16.02107752452939], [108.2816529660845, 16.02107752452939]]]}, "properties": {"db_hole_id": 489, "course_id": 28, "course": "BRG Đà Nẵng Golf Resort — Championship", "facility": "BRG Đà Nẵng Golf Resort", "hole_number": 3, "par": 4, "length_m": 366.0, "coords_source": "SEED", "todo": "draw: green, fairway, bunker, water, ob", "centroid": "16.023448648528873,108.28240000021484"}}, {"type": "Feature", "geometry": {"type": "Polygon", "coordinates": [[[108.28245297007277, 16.021677524120175], [108.28245297007277, 16.024626980251618], [108.28394703035683, 16.024626980251618], [108.28394703035683, 16.021677524120175], [108.28245297007277, 16.021677524120175]]]}, "properties": {"db_hole_id": 490, "course_id": 28, "course": "BRG Đà Nẵng Golf Resort — Championship", "facility": "BRG Đà Nẵng Golf Resort", "hole_number": 4, "par": 3, "length_m": 167.0, "coords_source": "SEED", "todo": "draw: green, fairway, bunker, water, ob", "centroid": "16.023152252185895,108.28320000021482"}}, {"type": "Feature", "geometry": {"type": "Polygon", "coordinates": [[[108.28325296055431, 16.022277523711097], [108.28325296055431, 16.02705580938049], [108.28474703987513, 16.02705580938049], [108.28474703987513, 16.022277523711097], [108.28325296055431, 16.022277523711097]]]}, "properties": {"db_hole_id": 491, "course_id": 28, "course": "BRG Đà Nẵng Golf Resort — Championship", "facility": "BRG Đà Nẵng Golf Resort", "hole_number": 5, "par": 4, "length_m": 370.0, "coords_source": "SEED", "todo": "draw: green, fairway, bunker, water, ob", "centroid": "16.024666666545794,108.28400000021473"}}, {"type": "Feature", "geometry": {"type": "Polygon", "coordinates": [[[108.28405295778927, 16.022877523302153], [108.28405295778927, 16.027673827806346], [108.28554704264005, 16.027673827806346], [108.28554704264005, 16.022877523302153], [108.28405295778927, 16.022877523302153]]]}, "properties": {"db_hole_id": 492, "course_id": 28, "course": "BRG Đà Nẵng Golf Resort — Championship", "facility": "BRG Đà Nẵng Golf Resort", "hole_number": 6, "par": 4, "length_m": 372.0, "coords_source": "SEED", "todo": "draw: green, fairway, bunker, water, ob", "centroid": "16.025275675554248,108.28480000021467"}}, {"type": "Feature", "geometry": {"type": "Polygon", "coordinates": [[[108.28485295052094, 16.02347752289335], [108.28485295052094, 16.029499053367296], [108.28634704990823, 16.029499053367296], [108.28634704990823, 16.02347752289335], [108.28485295052094, 16.02347752289335]]]}, "properties": {"db_hole_id": 493, "course_id": 28, "course": "BRG Đà Nẵng Golf Resort — Championship", "facility": "BRG Đà Nẵng Golf Resort", "hole_number": 7, "par": 5, "length_m": 508.0, "coords_source": "SEED", "todo": "draw: green, fairway, bunker, water, ob", "centroid": "16.026488288130327,108.28560000021459"}}, {"type": "Feature", "geometry": {"type": "Polygon", "coordinates": [[[108.28565295887941, 16.024077522484685], [108.28565295887941, 16.0271350899887], [108.28714704154966, 16.0271350899887], [108.28714704154966, 16.024077522484685], [108.28565295887941, 16.024077522484685]]]}, "properties": {"db_hole_id": 494, "course_id": 28, "course": "BRG Đà Nẵng Golf Resort — Championship", "facility": "BRG Đà Nẵng Golf Resort", "hole_number": 8, "par": 3, "length_m": 179.0, "coords_source": "SEED", "todo": "draw: green, fairway, bunker, water, ob", "centroid": "16.02560630623669,108.28640000021453"}}, {"type": "Feature", "geometry": {"type": "Polygon", "coordinates": [[[108.28645294949436, 16.02467752207616], [108.28645294949436, 16.029527883083105], [108.28794705093458, 16.029527883083105], [108.28794705093458, 16.02467752207616], [108.28645294949436, 16.02467752207616]]]}, "properties": {"db_hole_id": 495, "course_id": 28, "course": "BRG Đà Nẵng Golf Resort — Championship", "facility": "BRG Đà Nẵng Golf Resort", "hole_number": 9, "par": 4, "length_m": 378.0, "coords_source": "SEED", "todo": "draw: green, fairway, bunker, water, ob", "centroid": "16.027102702579633,108.28720000021445"}}, {"type": "Feature", "geometry": {"type": "Polygon", "coordinates": [[[108.28725294672945, 16.025277521667768], [108.28725294672945, 16.030145901508412], [108.28874705369934, 16.030145901508412], [108.28874705369934, 16.025277521667768], [108.28725294672945, 16.025277521667768]]]}, "properties": {"db_hole_id": 496, "course_id": 28, "course": "BRG Đà Nẵng Golf Resort — Championship", "facility": "BRG Đà Nẵng Golf Resort", "hole_number": 10, "par": 4, "length_m": 380.0, "coords_source": "SEED", "todo": "draw: green, fairway, bunker, water, ob", "centroid": "16.02771171158809,108.2880000002144"}}, {"type": "Feature", "geometry": {"type": "Polygon", "coordinates": [[[108.28805294396462, 16.025877521259517], [108.28805294396462, 16.030763919933577], [108.28954705646407, 16.030763919933577], [108.28954705646407, 16.025877521259517], [108.28805294396462, 16.025877521259517]]]}, "properties": {"db_hole_id": 497, "course_id": 28, "course": "BRG Đà Nẵng Golf Resort — Championship", "facility": "BRG Đà Nẵng Golf Resort", "hole_number": 11, "par": 4, "length_m": 382.0, "coords_source": "SEED", "todo": "draw: green, fairway, bunker, water, ob", "centroid": "16.028320720596547,108.28880000021435"}}, {"type": "Feature", "geometry": {"type": "Polygon", "coordinates": [[[108.28885294768662, 16.026477520851397], [108.28885294768662, 16.029643199723587], [108.29034705274194, 16.029643199723587], [108.29034705274194, 16.026477520851397], [108.28885294768662, 16.026477520851397]]]}, "properties": {"db_hole_id": 498, "course_id": 28, "course": "BRG Đà Nẵng Golf Resort — Championship", "facility": "BRG Đà Nẵng Golf Resort", "hole_number": 12, "par": 3, "length_m": 191.0, "coords_source": "SEED", "todo": "draw: green, fairway, bunker, water, ob", "centroid": "16.02806036028749,108.28960000021428"}}, {"type": "Feature", "geometry": {"type": "Polygon", "coordinates": [[[108.28965293352715, 16.027077520443417], [108.28965293352715, 16.033315272020346], [108.2911470669013, 16.033315272020346], [108.2911470669013, 16.027077520443417], [108.28965293352715, 16.027077520443417]]]}, "properties": {"db_hole_id": 499, "course_id": 28, "course": "BRG Đà Nẵng Golf Resort — Championship", "facility": "BRG Đà Nẵng Golf Resort", "hole_number": 13, "par": 5, "length_m": 532.0, "coords_source": "SEED", "todo": "draw: green, fairway, bunker, water, ob", "centroid": "16.03019639623188,108.29040000021423"}}, {"type": "Feature", "geometry": {"type": "Polygon", "coordinates": [[[108.29045293567027, 16.02767752003558], [108.29045293567027, 16.032617975208264], [108.29194706475803, 16.032617975208264], [108.29194706475803, 16.02767752003558], [108.29045293567027, 16.02767752003558]]]}, "properties": {"db_hole_id": 500, "course_id": 28, "course": "BRG Đà Nẵng Golf Resort — Championship", "facility": "BRG Đà Nẵng Golf Resort", "hole_number": 14, "par": 4, "length_m": 388.0, "coords_source": "SEED", "todo": "draw: green, fairway, bunker, water, ob", "centroid": "16.030147747621925,108.29120000021416"}}, {"type": "Feature", "geometry": {"type": "Polygon", "coordinates": [[[108.29125293290556, 16.02827751962787], [108.29125293290556, 16.03323599363288], [108.29274706752261, 16.03323599363288], [108.29274706752261, 16.02827751962787], [108.29125293290556, 16.02827751962787]]]}, "properties": {"db_hole_id": 501, "course_id": 28, "course": "BRG Đà Nẵng Golf Resort — Championship", "facility": "BRG Đà Nẵng Golf Resort", "hole_number": 15, "par": 4, "length_m": 390.0, "coords_source": "SEED", "todo": "draw: green, fairway, bunker, water, ob", "centroid": "16.030756756630375,108.2920000002141"}}, {"type": "Feature", "geometry": {"type": "Polygon", "coordinates": [[[108.29205293649439, 16.028877519220302], [108.29205293649439, 16.03215130945627], [108.29354706393366, 16.03215130945627], [108.29354706393366, 16.028877519220302], [108.29205293649439, 16.028877519220302]]]}, "properties": {"db_hole_id": 502, "course_id": 28, "course": "BRG Đà Nẵng Golf Resort — Championship", "facility": "BRG Đà Nẵng Golf Resort", "hole_number": 16, "par": 3, "length_m": 203.0, "coords_source": "SEED", "todo": "draw: green, fairway, bunker, water, ob", "centroid": "16.030514414338285,108.29280000021402"}}, {"type": "Feature", "geometry": {"type": "Polygon", "coordinates": [[[108.29285292737627, 16.029477518812886], [108.29285292737627, 16.0344720304817], [108.29434707305167, 16.0344720304817], [108.29434707305167, 16.029477518812886], [108.29285292737627, 16.029477518812886]]]}, "properties": {"db_hole_id": 503, "course_id": 28, "course": "BRG Đà Nẵng Golf Resort — Championship", "facility": "BRG Đà Nẵng Golf Resort", "hole_number": 17, "par": 4, "length_m": 394.0, "coords_source": "SEED", "todo": "draw: green, fairway, bunker, water, ob", "centroid": "16.031974774647296,108.29360000021396"}}, {"type": "Feature", "geometry": {"type": "Polygon", "coordinates": [[[108.2936529193665, 16.030077518405594], [108.2936529193665, 16.036495454227413], [108.29514708106132, 16.036495454227413], [108.29514708106132, 16.030077518405594], [108.2936529193665, 16.030077518405594]]]}, "properties": {"db_hole_id": 504, "course_id": 28, "course": "BRG Đà Nẵng Golf Resort — Championship", "facility": "BRG Đà Nẵng Golf Resort", "hole_number": 18, "par": 5, "length_m": 552.0, "coords_source": "SEED", "todo": "draw: green, fairway, bunker, water, ob", "centroid": "16.033286486316506,108.2944000002139"}}, {"type": "Feature", "geometry": {"type": "Polygon", "coordinates": [[[105.40163006186008, 21.03437716667852], [105.40163006186008, 21.039120130278068], [105.40316993807626, 21.039120130278068], [105.40316993807626, 21.03437716667852], [105.40163006186008, 21.03437716667852]]]}, "properties": {"db_hole_id": 3, "course_id": 1, "course": "BRG Kings Island Golf Resort — Championship", "facility": "BRG Kings Island Golf Resort", "hole_number": 3, "par": 4, "length_m": 366.0, "coords_source": "SEED", "todo": "draw: green, fairway, bunker, water, ob", "centroid": "21.036748648478294,105.40239999996815"}}, {"type": "Feature", "geometry": {"type": "Polygon", "coordinates": [[[105.40403005253093, 21.03617716701796], [105.40403005253093, 21.04097418398809], [105.40556994740504, 21.04097418398809], [105.40556994740504, 21.03617716701796], [105.40403005253093, 21.03617716701796]]]}, "properties": {"db_hole_id": 6, "course_id": 1, "course": "BRG Kings Island Golf Resort — Championship", "facility": "BRG Kings Island Golf Resort", "hole_number": 6, "par": 4, "length_m": 372.0, "coords_source": "SEED", "todo": "draw: green, fairway, bunker, water, ob", "centroid": "21.038575675503022,105.40479999996799"}}, {"type": "Feature", "geometry": {"type": "Polygon", "coordinates": [[[105.40483004321659, 21.03677716713136], [105.40483004321659, 21.042799408996064], [105.40636995671925, 21.042799408996064], [105.40636995671925, 21.03677716713136], [105.40483004321659, 21.03677716713136]]]}, "properties": {"db_hole_id": 7, "course_id": 1, "course": "BRG Kings Island Golf Resort — Championship", "facility": "BRG Kings Island Golf Resort", "hole_number": 7, "par": 5, "length_m": 508.0, "coords_source": "SEED", "todo": "draw: green, fairway, bunker, water, ob", "centroid": "21.03978828806371,105.40559999996792"}}, {"type": "Feature", "geometry": {"type": "Polygon", "coordinates": [[[105.40803003698264, 21.039177167586157], [105.40803003698264, 21.044064273502322], [105.40956996295266, 21.044064273502322], [105.40956996295266, 21.039177167586157], [105.40803003698264, 21.039177167586157]]]}, "properties": {"db_hole_id": 11, "course_id": 1, "course": "BRG Kings Island Golf Resort — Championship", "facility": "BRG Kings Island Golf Resort", "hole_number": 11, "par": 4, "length_m": 382.0, "coords_source": "SEED", "todo": "draw: green, fairway, bunker, water, ob", "centroid": "21.041620720544238,105.40879999996764"}}, {"type": "Feature", "geometry": {"type": "Polygon", "coordinates": [[[105.40883004281045, 21.039777167700162], [105.40883004281045, 21.042943552813444], [105.41036995712476, 21.042943552813444], [105.41036995712476, 21.039777167700162], [105.40883004281045, 21.039777167700162]]]}, "properties": {"db_hole_id": 12, "course_id": 1, "course": "BRG Kings Island Golf Resort — Championship", "facility": "BRG Kings Island Golf Resort", "hole_number": 12, "par": 3, "length_m": 191.0, "coords_source": "SEED", "todo": "draw: green, fairway, bunker, water, ob", "centroid": "21.0413603602568,105.40959999996761"}}, {"type": "Feature", "geometry": {"type": "Polygon", "coordinates": [[[105.40963002400167, 21.040377167814302], [105.40963002400167, 21.04661562451096], [105.4111699759334, 21.04661562451096], [105.4111699759334, 21.040377167814302], [105.40963002400167, 21.040377167814302]]]}, "properties": {"db_hole_id": 13, "course_id": 1, "course": "BRG Kings Island Golf Resort — Championship", "facility": "BRG Kings Island Golf Resort", "hole_number": 13, "par": 5, "length_m": 532.0, "coords_source": "SEED", "todo": "draw: green, fairway, bunker, water, ob", "centroid": "21.043496396162634,105.41039999996751"}}, {"type": "Feature", "geometry": {"type": "Polygon", "coordinates": [[[105.41123002454431, 21.041577168042945], [105.41123002454431, 21.04653634511148], [105.41276997539049, 21.04653634511148], [105.41276997539049, 21.041577168042945], [105.41123002454431, 21.041577168042945]]]}, "properties": {"db_hole_id": 15, "course_id": 1, "course": "BRG Kings Island Golf Resort — Championship", "facility": "BRG Kings Island Golf Resort", "hole_number": 15, "par": 4, "length_m": 390.0, "coords_source": "SEED", "todo": "draw: green, fairway, bunker, water, ob", "centroid": "21.044056756577216,105.4119999999674"}}, {"type": "Feature", "geometry": {"type": "Polygon", "coordinates": [[[105.41203003018823, 21.04217716815745], [105.41203003018823, 21.045451660455086], [105.41356996974646, 21.045451660455086], [105.41356996974646, 21.04217716815745], [105.41203003018823, 21.04217716815745]]]}, "properties": {"db_hole_id": 16, "course_id": 1, "course": "BRG Kings Island Golf Resort — Championship", "facility": "BRG Kings Island Golf Resort", "hole_number": 16, "par": 3, "length_m": 203.0, "coords_source": "SEED", "todo": "draw: green, fairway, bunker, water, ob", "centroid": "21.043814414306265,105.41279999996735"}}, {"type": "Feature", "geometry": {"type": "Polygon", "coordinates": [[[105.41363000798947, 21.04337716838683], [105.41363000798947, 21.049795804103304], [105.41516999194496, 21.049795804103304], [105.41516999194496, 21.04337716838683], [105.41363000798947, 21.04337716838683]]]}, "properties": {"db_hole_id": 18, "course_id": 1, "course": "BRG Kings Island Golf Resort — Championship", "facility": "BRG Kings Island Golf Resort", "hole_number": 18, "par": 5, "length_m": 552.0, "coords_source": "SEED", "todo": "draw: green, fairway, bunker, water, ob", "centroid": "21.046586486245065,105.4143999999672"}}, {"type": "Feature", "geometry": {"type": "Polygon", "coordinates": [[[105.8300290017837, 21.249877235833036], [105.8300290017837, 21.254584025090562], [105.83157099808486, 21.254584025090562], [105.83157099808486, 21.249877235833036], [105.8300290017837, 21.249877235833036]]]}, "properties": {"db_hole_id": 145, "course_id": 9, "course": "BRG Legend Hill Golf Resort — Championship", "facility": "BRG Legend Hill Golf Resort", "hole_number": 1, "par": 4, "length_m": 362.0, "coords_source": "SEED", "todo": "draw: green, fairway, bunker, water, ob", "centroid": "21.2522306304618,105.83079999993429"}}, {"type": "Feature", "geometry": {"type": "Polygon", "coordinates": [[[105.83082899288915, 21.2504772360118], [105.83082899288915, 21.256319159950714], [105.83237100697929, 21.256319159950714], [105.83237100697929, 21.2504772360118], [105.83082899288915, 21.2504772360118]]]}, "properties": {"db_hole_id": 146, "course_id": 9, "course": "BRG Legend Hill Golf Resort — Championship", "facility": "BRG Legend Hill Golf Resort", "hole_number": 2, "par": 5, "length_m": 488.0, "coords_source": "SEED", "todo": "draw: green, fairway, bunker, water, ob", "centroid": "21.253398197981255,105.83159999993421"}}, {"type": "Feature", "geometry": {"type": "Polygon", "coordinates": [[[105.83162899562343, 21.251077236190692], [105.83162899562343, 21.25582006076588], [105.83317100424486, 21.25582006076588], [105.83317100424486, 21.251077236190692], [105.83162899562343, 21.251077236190692]]]}, "properties": {"db_hole_id": 147, "course_id": 9, "course": "BRG Legend Hill Golf Resort — Championship", "facility": "BRG Legend Hill Golf Resort", "hole_number": 3, "par": 4, "length_m": 366.0, "coords_source": "SEED", "todo": "draw: green, fairway, bunker, water, ob", "centroid": "21.253448648478287,105.83239999993415"}}, {"type": "Feature", "geometry": {"type": "Polygon", "coordinates": [[[105.8324290019682, 21.2516772363697], [105.8324290019682, 21.254627267946027], [105.8339709979, 21.254627267946027], [105.8339709979, 21.2516772363697], [105.8324290019682, 21.2516772363697]]]}, "properties": {"db_hole_id": 148, "course_id": 9, "course": "BRG Legend Hill Golf Resort — Championship", "facility": "BRG Legend Hill Golf Resort", "hole_number": 4, "par": 3, "length_m": 167.0, "coords_source": "SEED", "todo": "draw: green, fairway, bunker, water, ob", "centroid": "21.253152252157864,105.83319999993408"}}, {"type": "Feature", "geometry": {"type": "Polygon", "coordinates": [[[105.83322898946324, 21.252277236548842], [105.83322898946324, 21.257056096440717], [105.83477101040482, 21.257056096440717], [105.83477101040482, 21.252277236548842], [105.83322898946324, 21.252277236548842]]]}, "properties": {"db_hole_id": 149, "course_id": 9, "course": "BRG Legend Hill Golf Resort — Championship", "facility": "BRG Legend Hill Golf Resort", "hole_number": 5, "par": 4, "length_m": 370.0, "coords_source": "SEED", "todo": "draw: green, fairway, bunker, water, ob", "centroid": "21.254666666494778,105.83399999993404"}}, {"type": "Feature", "geometry": {"type": "Polygon", "coordinates": [[[105.83402898638316, 21.25287723672809], [105.83402898638316, 21.25767411427795], [105.83557101348477, 21.25767411427795], [105.83557101348477, 21.25287723672809], [105.83402898638316, 21.25287723672809]]]}, "properties": {"db_hole_id": 150, "course_id": 9, "course": "BRG Legend Hill Golf Resort — Championship", "facility": "BRG Legend Hill Golf Resort", "hole_number": 6, "par": 4, "length_m": 372.0, "coords_source": "SEED", "todo": "draw: green, fairway, bunker, water, ob", "centroid": "21.255275675503018,105.83479999993396"}}, {"type": "Feature", "geometry": {"type": "Polygon", "coordinates": [[[105.83482897701862, 21.25347723690748], [105.83482897701862, 21.259499339219957], [105.83637102284918, 21.259499339219957], [105.83637102284918, 21.25347723690748], [105.83482897701862, 21.25347723690748]]]}, "properties": {"db_hole_id": 151, "course_id": 9, "course": "BRG Legend Hill Golf Resort — Championship", "facility": "BRG Legend Hill Golf Resort", "hole_number": 7, "par": 5, "length_m": 508.0, "coords_source": "SEED", "todo": "draw: green, fairway, bunker, water, ob", "centroid": "21.256488288063718,105.83559999993388"}}, {"type": "Feature", "geometry": {"type": "Polygon", "coordinates": [[[105.8356289894617, 21.254077237086968], [105.8356289894617, 21.25713537532771], [105.83717101040598, 21.25713537532771], [105.83717101040598, 21.254077237086968], [105.8356289894617, 21.254077237086968]]]}, "properties": {"db_hole_id": 152, "course_id": 9, "course": "BRG Legend Hill Golf Resort — Championship", "facility": "BRG Legend Hill Golf Resort", "hole_number": 8, "par": 3, "length_m": 179.0, "coords_source": "SEED", "todo": "draw: green, fairway, bunker, water, ob", "centroid": "21.25560630620734,105.83639999993386"}}, {"type": "Feature", "geometry": {"type": "Polygon", "coordinates": [[[105.83642897714302, 21.25467723726659], [105.83642897714302, 21.25952816778893], [105.83797102272455, 21.25952816778893], [105.83797102272455, 21.25467723726659], [105.83642897714302, 21.25467723726659]]]}, "properties": {"db_hole_id": 153, "course_id": 9, "course": "BRG Legend Hill Golf Resort — Championship", "facility": "BRG Legend Hill Golf Resort", "hole_number": 9, "par": 4, "length_m": 378.0, "coords_source": "SEED", "todo": "draw: green, fairway, bunker, water, ob", "centroid": "21.25710270252776,105.83719999993377"}}, {"type": "Feature", "geometry": {"type": "Polygon", "coordinates": [[[105.83722897406298, 21.255277237446343], [105.83722897406298, 21.26014618562567], [105.83877102580443, 21.26014618562567], [105.83877102580443, 21.255277237446343], [105.83722897406298, 21.255277237446343]]]}, "properties": {"db_hole_id": 154, "course_id": 9, "course": "BRG Legend Hill Golf Resort — Championship", "facility": "BRG Legend Hill Golf Resort", "hole_number": 10, "par": 4, "length_m": 380.0, "coords_source": "SEED", "todo": "draw: green, fairway, bunker, water, ob", "centroid": "21.257711711536007,105.83799999993371"}}, {"type": "Feature", "geometry": {"type": "Polygon", "coordinates": [[[105.83802897098298, 21.25587723762621], [105.83802897098298, 21.260764203462298], [105.83957102888431, 21.260764203462298], [105.83957102888431, 21.25587723762621], [105.83802897098298, 21.25587723762621]]]}, "properties": {"db_hole_id": 155, "course_id": 9, "course": "BRG Legend Hill Golf Resort — Championship", "facility": "BRG Legend Hill Golf Resort", "hole_number": 11, "par": 4, "length_m": 382.0, "coords_source": "SEED", "todo": "draw: green, fairway, bunker, water, ob", "centroid": "21.258320720544255,105.83879999993366"}}, {"type": "Feature", "geometry": {"type": "Polygon", "coordinates": [[[105.83882897695537, 21.256477237806195], [105.83882897695537, 21.25964348270744], [105.8403710229118, 21.25964348270744], [105.8403710229118, 21.256477237806195], [105.83882897695537, 21.256477237806195]]]}, "properties": {"db_hole_id": 156, "course_id": 9, "course": "BRG Legend Hill Golf Resort — Championship", "facility": "BRG Legend Hill Golf Resort", "hole_number": 12, "par": 3, "length_m": 191.0, "coords_source": "SEED", "todo": "draw: green, fairway, bunker, water, ob", "centroid": "21.258060360256813,105.83959999993357"}}, {"type": "Feature", "geometry": {"type": "Polygon", "coordinates": [[[105.83962895797423, 21.2570772379863], [105.83962895797423, 21.263315554339002], [105.84117104189284, 21.263315554339002], [105.84117104189284, 21.2570772379863], [105.83962895797423, 21.2570772379863]]]}, "properties": {"db_hole_id": 157, "course_id": 9, "course": "BRG Legend Hill Golf Resort — Championship", "facility": "BRG Legend Hill Golf Resort", "hole_number": 13, "par": 5, "length_m": 532.0, "coords_source": "SEED", "todo": "draw: green, fairway, bunker, water, ob", "centroid": "21.260196396162655,105.84039999993352"}}, {"type": "Feature", "geometry": {"type": "Polygon", "coordinates": [[[105.84042896174304, 21.257677238166547], [105.84042896174304, 21.262618256971432], [105.84197103812389, 21.262618256971432], [105.84197103812389, 21.257677238166547], [105.84042896174304, 21.257677238166547]]]}, "properties": {"db_hole_id": 158, "course_id": 9, "course": "BRG Legend Hill Golf Resort — Championship", "facility": "BRG Legend Hill Golf Resort", "hole_number": 14, "par": 4, "length_m": 388.0, "coords_source": "SEED", "todo": "draw: green, fairway, bunker, water, ob", "centroid": "21.26014774756899,105.84119999993348"}}, {"type": "Feature", "geometry": {"type": "Polygon", "coordinates": [[[105.84122895866308, 21.258277238346892], [105.84122895866308, 21.263236274807564], [105.84277104120372, 21.263236274807564], [105.84277104120372, 21.258277238346892], [105.84122895866308, 21.258277238346892]]]}, "properties": {"db_hole_id": 159, "course_id": 9, "course": "BRG Legend Hill Golf Resort — Championship", "facility": "BRG Legend Hill Golf Resort", "hole_number": 15, "par": 4, "length_m": 390.0, "coords_source": "SEED", "todo": "draw: green, fairway, bunker, water, ob", "centroid": "21.26075675657723,105.84199999993338"}}, {"type": "Feature", "geometry": {"type": "Polygon", "coordinates": [[[105.8420289644492, 21.258877238527372], [105.8420289644492, 21.262151590085193], [105.84357103541745, 21.262151590085193], [105.84357103541745, 21.258877238527372], [105.8420289644492, 21.258877238527372]]]}, "properties": {"db_hole_id": 160, "course_id": 9, "course": "BRG Legend Hill Golf Resort — Championship", "facility": "BRG Legend Hill Golf Resort", "hole_number": 16, "par": 3, "length_m": 203.0, "coords_source": "SEED", "todo": "draw: green, fairway, bunker, water, ob", "centroid": "21.26051441430628,105.84279999993333"}}, {"type": "Feature", "geometry": {"type": "Polygon", "coordinates": [[[105.8428289525032, 21.25947723870798], [105.8428289525032, 21.264472310479476], [105.84437104736332, 21.264472310479476], [105.84437104736332, 21.25947723870798], [105.8428289525032, 21.25947723870798]]]}, "properties": {"db_hole_id": 161, "course_id": 9, "course": "BRG Legend Hill Golf Resort — Championship", "facility": "BRG Legend Hill Golf Resort", "hole_number": 17, "par": 4, "length_m": 394.0, "coords_source": "SEED", "todo": "draw: green, fairway, bunker, water, ob", "centroid": "21.26197477459373,105.84359999993325"}}, {"type": "Feature", "geometry": {"type": "Polygon", "coordinates": [[[105.84362894210408, 21.260077238888694], [105.84362894210408, 21.26649573360151], [105.84517105776233, 21.26649573360151], [105.84517105776233, 21.260077238888694], [105.84362894210408, 21.260077238888694]]]}, "properties": {"db_hole_id": 162, "course_id": 9, "course": "BRG Legend Hill Golf Resort — Championship", "facility": "BRG Legend Hill Golf Resort", "hole_number": 18, "par": 5, "length_m": 552.0, "coords_source": "SEED", "todo": "draw: green, fairway, bunker, water, ob", "centroid": "21.2632864862451,105.84439999993322"}}, {"type": "Feature", "geometry": {"type": "Polygon", "coordinates": [[[106.79003197668958, 20.719877435175874], [106.79003197668958, 20.72458382576762], [106.79156802302722, 20.72458382576762], [106.79156802302722, 20.719877435175874], [106.79003197668958, 20.719877435175874]]]}, "properties": {"db_hole_id": 289, "course_id": 17, "course": "BRG Ruby Tree Golf Resort — Championship", "facility": "BRG Ruby Tree Golf Resort", "hole_number": 1, "par": 4, "length_m": 362.0, "coords_source": "SEED", "todo": "draw: green, fairway, bunker, water, ob", "centroid": "20.72223063047175,106.79079999985841"}}, {"type": "Feature", "geometry": {"type": "Polygon", "coordinates": [[[106.79083196822828, 20.720477435501333], [106.79083196822828, 20.726318960486758], [106.7923680314884, 20.726318960486758], [106.7923680314884, 20.720477435501333], [106.79083196822828, 20.720477435501333]]]}, "properties": {"db_hole_id": 290, "course_id": 17, "course": "BRG Ruby Tree Golf Resort — Championship", "facility": "BRG Ruby Tree Golf Resort", "hole_number": 2, "par": 5, "length_m": 488.0, "coords_source": "SEED", "todo": "draw: green, fairway, bunker, water, ob", "centroid": "20.723398197994047,106.79159999985833"}}, {"type": "Feature", "geometry": {"type": "Polygon", "coordinates": [[[106.79163197104216, 20.72107743582691], [106.79163197104216, 20.72581986114976], [106.79316802867436, 20.72581986114976], [106.79316802867436, 20.72107743582691], [106.79163197104216, 20.72107743582691]]]}, "properties": {"db_hole_id": 291, "course_id": 17, "course": "BRG Ruby Tree Golf Resort — Championship", "facility": "BRG Ruby Tree Golf Resort", "hole_number": 3, "par": 4, "length_m": 366.0, "coords_source": "SEED", "todo": "draw: green, fairway, bunker, water, ob", "centroid": "20.723448648488336,106.79239999985828"}}, {"type": "Feature", "geometry": {"type": "Polygon", "coordinates": [[[106.79243197735676, 20.72167743615261], [106.79243197735676, 20.724627068174275], [106.7939680223597, 20.724627068174275], [106.7939680223597, 20.72167743615261], [106.79243197735676, 20.72167743615261]]]}, "properties": {"db_hole_id": 292, "course_id": 17, "course": "BRG Ruby Tree Golf Resort — Championship", "facility": "BRG Ruby Tree Golf Resort", "hole_number": 4, "par": 3, "length_m": 167.0, "coords_source": "SEED", "todo": "draw: green, fairway, bunker, water, ob", "centroid": "20.723152252163445,106.79319999985822"}}, {"type": "Feature", "geometry": {"type": "Polygon", "coordinates": [[[106.79323196539484, 20.722277436478425], [106.79323196539484, 20.727055896531432], [106.79476803432146, 20.727055896531432], [106.79476803432146, 20.722277436478425], [106.79323196539484, 20.722277436478425]]]}, "properties": {"db_hole_id": 293, "course_id": 17, "course": "BRG Ruby Tree Golf Resort — Championship", "facility": "BRG Ruby Tree Golf Resort", "hole_number": 5, "par": 4, "length_m": 370.0, "coords_source": "SEED", "todo": "draw: green, fairway, bunker, water, ob", "centroid": "20.724666666504927,106.79399999985816"}}, {"type": "Feature", "geometry": {"type": "Polygon", "coordinates": [[[106.7940319625712, 20.72287743680437], [106.7940319625712, 20.72767391422207], [106.79556803714497, 20.72767391422207], [106.79556803714497, 20.72287743680437], [106.7940319625712, 20.72287743680437]]]}, "properties": {"db_hole_id": 294, "course_id": 17, "course": "BRG Ruby Tree Golf Resort — Championship", "facility": "BRG Ruby Tree Golf Resort", "hole_number": 6, "par": 4, "length_m": 372.0, "coords_source": "SEED", "todo": "draw: green, fairway, bunker, water, ob", "centroid": "20.72527567551322,106.79479999985809"}}, {"type": "Feature", "geometry": {"type": "Polygon", "coordinates": [[[106.79483195365418, 20.723477437130423], [106.79483195365418, 20.729499139023517], [106.79636804606184, 20.729499139023517], [106.79636804606184, 20.723477437130423], [106.79483195365418, 20.723477437130423]]]}, "properties": {"db_hole_id": 295, "course_id": 17, "course": "BRG Ruby Tree Golf Resort — Championship", "facility": "BRG Ruby Tree Golf Resort", "hole_number": 7, "par": 5, "length_m": 508.0, "coords_source": "SEED", "todo": "draw: green, fairway, bunker, water, ob", "centroid": "20.726488288076975,106.79559999985801"}}, {"type": "Feature", "geometry": {"type": "Polygon", "coordinates": [[[106.79563196588167, 20.72407743745661], [106.79563196588167, 20.727135174969778], [106.79716803383427, 20.727135174969778], [106.79716803383427, 20.72407743745661], [106.79563196588167, 20.72407743745661]]]}, "properties": {"db_hole_id": 296, "course_id": 17, "course": "BRG Ruby Tree Golf Resort — Championship", "facility": "BRG Ruby Tree Golf Resort", "hole_number": 8, "par": 3, "length_m": 179.0, "coords_source": "SEED", "todo": "draw: green, fairway, bunker, water, ob", "centroid": "20.725606306213194,106.79639999985798"}}, {"type": "Feature", "geometry": {"type": "Polygon", "coordinates": [[[106.79643195410034, 20.724677437782912], [106.79643195410034, 20.729527967293297], [106.79796804561545, 20.729527967293297], [106.79796804561545, 20.724677437782912], [106.79643195410034, 20.724677437782912]]]}, "properties": {"db_hole_id": 297, "course_id": 17, "course": "BRG Ruby Tree Golf Resort — Championship", "facility": "BRG Ruby Tree Golf Resort", "hole_number": 9, "par": 4, "length_m": 378.0, "coords_source": "SEED", "todo": "draw: green, fairway, bunker, water, ob", "centroid": "20.727102702538104,106.7971999998579"}}, {"type": "Feature", "geometry": {"type": "Polygon", "coordinates": [[[106.79723195127676, 20.725277438109334], [106.79723195127676, 20.730145984983462], [106.7987680484389, 20.730145984983462], [106.7987680484389, 20.725277438109334], [106.79723195127676, 20.725277438109334]]]}, "properties": {"db_hole_id": 298, "course_id": 17, "course": "BRG Ruby Tree Golf Resort — Championship", "facility": "BRG Ruby Tree Golf Resort", "hole_number": 10, "par": 4, "length_m": 380.0, "coords_source": "SEED", "todo": "draw: green, fairway, bunker, water, ob", "centroid": "20.727711711546398,106.79799999985782"}}, {"type": "Feature", "geometry": {"type": "Polygon", "coordinates": [[[106.79803194845319, 20.725877438435877], [106.79803194845319, 20.730764002673514], [106.79956805126234, 20.730764002673514], [106.79956805126234, 20.725877438435877], [106.79803194845319, 20.725877438435877]]]}, "properties": {"db_hole_id": 299, "course_id": 17, "course": "BRG Ruby Tree Golf Resort — Championship", "facility": "BRG Ruby Tree Golf Resort", "hole_number": 11, "par": 4, "length_m": 382.0, "coords_source": "SEED", "todo": "draw: green, fairway, bunker, water, ob", "centroid": "20.7283207205547,106.79879999985776"}}, {"type": "Feature", "geometry": {"type": "Polygon", "coordinates": [[[106.79883195440678, 20.726477438762533], [106.79883195440678, 20.729643281763355], [106.80036804530866, 20.729643281763355], [106.80036804530866, 20.726477438762533], [106.79883195440678, 20.726477438762533]]]}, "properties": {"db_hole_id": 300, "course_id": 17, "course": "BRG Ruby Tree Golf Resort — Championship", "facility": "BRG Ruby Tree Golf Resort", "hole_number": 12, "par": 3, "length_m": 191.0, "coords_source": "SEED", "todo": "draw: green, fairway, bunker, water, ob", "centroid": "20.728060360262944,106.7995999998577"}}, {"type": "Feature", "geometry": {"type": "Polygon", "coordinates": [[[106.79963193616555, 20.72707743908932], [106.79963193616555, 20.733315353263656], [106.80116806354975, 20.733315353263656], [106.80116806354975, 20.72707743908932], [106.79963193616555, 20.72707743908932]]]}, "properties": {"db_hole_id": 301, "course_id": 17, "course": "BRG Ruby Tree Golf Resort — Championship", "facility": "BRG Ruby Tree Golf Resort", "hole_number": 13, "par": 5, "length_m": 532.0, "coords_source": "SEED", "todo": "draw: green, fairway, bunker, water, ob", "centroid": "20.73019639617649,106.80039999985767"}}, {"type": "Feature", "geometry": {"type": "Polygon", "coordinates": [[[106.80043193998256, 20.727677439416222], [106.80043193998256, 20.732618055742932], [106.8019680597326, 20.732618055742932], [106.8019680597326, 20.727677439416222], [106.80043193998256, 20.727677439416222]]]}, "properties": {"db_hole_id": 302, "course_id": 17, "course": "BRG Ruby Tree Golf Resort — Championship", "facility": "BRG Ruby Tree Golf Resort", "hole_number": 14, "par": 4, "length_m": 388.0, "coords_source": "SEED", "todo": "draw: green, fairway, bunker, water, ob", "centroid": "20.73014774757958,106.80119999985759"}}, {"type": "Feature", "geometry": {"type": "Polygon", "coordinates": [[[106.80123193715906, 20.72827743974325], [106.80123193715906, 20.733236073432487], [106.80276806255598, 20.733236073432487], [106.80276806255598, 20.72827743974325], [106.80123193715906, 20.72827743974325]]]}, "properties": {"db_hole_id": 303, "course_id": 17, "course": "BRG Ruby Tree Golf Resort — Championship", "facility": "BRG Ruby Tree Golf Resort", "hole_number": 15, "par": 4, "length_m": 390.0, "coords_source": "SEED", "todo": "draw: green, fairway, bunker, water, ob", "centroid": "20.73075675658787,106.80199999985751"}}, {"type": "Feature", "geometry": {"type": "Polygon", "coordinates": [[[106.80203194293206, 20.728877440070388], [106.80203194293206, 20.732151388555003], [106.80356805678284, 20.732151388555003], [106.80356805678284, 20.728877440070388], [106.80203194293206, 20.728877440070388]]]}, "properties": {"db_hole_id": 304, "course_id": 17, "course": "BRG Ruby Tree Golf Resort — Championship", "facility": "BRG Ruby Tree Golf Resort", "hole_number": 16, "par": 3, "length_m": 203.0, "coords_source": "SEED", "todo": "draw: green, fairway, bunker, water, ob", "centroid": "20.730514414312694,106.80279999985746"}}, {"type": "Feature", "geometry": {"type": "Polygon", "coordinates": [[[106.80283193151207, 20.729477440397666], [106.80283193151207, 20.73447210881125], [106.8043680682027, 20.73447210881125], [106.8043680682027, 20.729477440397666], [106.80283193151207, 20.729477440397666]]]}, "properties": {"db_hole_id": 305, "course_id": 17, "course": "BRG Ruby Tree Golf Resort — Championship", "facility": "BRG Ruby Tree Golf Resort", "hole_number": 17, "par": 4, "length_m": 394.0, "coords_source": "SEED", "todo": "draw: green, fairway, bunker, water, ob", "centroid": "20.73197477460446,106.80359999985741"}}, {"type": "Feature", "geometry": {"type": "Polygon", "coordinates": [[[106.80363192159189, 20.730077440725044], [106.80363192159189, 20.736495531793796], [106.80516807812278, 20.736495531793796], [106.80516807812278, 20.730077440725044], [106.80363192159189, 20.730077440725044]]]}, "properties": {"db_hole_id": 306, "course_id": 17, "course": "BRG Ruby Tree Golf Resort — Championship", "facility": "BRG Ruby Tree Golf Resort", "hole_number": 18, "par": 5, "length_m": 552.0, "coords_source": "SEED", "todo": "draw: green, fairway, bunker, water, ob", "centroid": "20.733286486259416,106.80439999985734"}}, {"type": "Feature", "geometry": {"type": "Polygon", "coordinates": [[[106.3800296972835, 21.139877343701222], [106.3800296972835, 21.14458391723019], [106.38157030249809, 21.14458391723019], [106.38157030249809, 21.139877343701222], [106.3800296972835, 21.139877343701222]]]}, "properties": {"db_hole_id": 271, "course_id": 16, "course": "Chí Linh Star Golf & Country Club — Championship", "facility": "Chí Linh Star Golf & Country Club", "hole_number": 1, "par": 4, "length_m": 362.0, "coords_source": "SEED", "todo": "draw: green, fairway, bunker, water, ob", "centroid": "21.142230630465708,106.3807999998908"}}, {"type": "Feature", "geometry": {"type": "Polygon", "coordinates": [[[106.3808296885359, 21.14047734396377], [106.3808296885359, 21.146319052008796], [106.38237031124555, 21.146319052008796], [106.38237031124555, 21.14047734396377], [106.3808296885359, 21.14047734396377]]]}, "properties": {"db_hole_id": 272, "course_id": 16, "course": "Chí Linh Star Golf & Country Club — Championship", "facility": "Chí Linh Star Golf & Country Club", "hole_number": 2, "par": 5, "length_m": 488.0, "coords_source": "SEED", "todo": "draw: green, fairway, bunker, water, ob", "centroid": "21.143398197986283,106.38159999989072"}}, {"type": "Feature", "geometry": {"type": "Polygon", "coordinates": [[[106.38162969134437, 21.141077344226428], [106.38162969134437, 21.14581995273806], [106.38317030843695, 21.14581995273806], [106.38317030843695, 21.141077344226428], [106.38162969134437, 21.141077344226428]]]}, "properties": {"db_hole_id": 273, "course_id": 16, "course": "Chí Linh Star Golf & Country Club — Championship", "facility": "Chí Linh Star Golf & Country Club", "hole_number": 3, "par": 4, "length_m": 366.0, "coords_source": "SEED", "todo": "draw: green, fairway, bunker, water, ob", "centroid": "21.14344864848224,106.38239999989067"}}, {"type": "Feature", "geometry": {"type": "Polygon", "coordinates": [[[106.38242969774073, 21.14167734448921], [106.38242969774073, 21.144627159830915], [106.3839703020405, 21.144627159830915], [106.3839703020405, 21.14167734448921], [106.38242969774073, 21.14167734448921]]]}, "properties": {"db_hole_id": 274, "course_id": 16, "course": "Chí Linh Star Golf & Country Club — Championship", "facility": "Chí Linh Star Golf & Country Club", "hole_number": 4, "par": 3, "length_m": 167.0, "coords_source": "SEED", "todo": "draw: green, fairway, bunker, water, ob", "centroid": "21.143152252160064,106.38319999989062"}}, {"type": "Feature", "geometry": {"type": "Polygon", "coordinates": [[[106.38322968540531, 21.142277344752113], [106.38322968540531, 21.14705598824544], [106.38477031437576, 21.14705598824544], [106.38477031437576, 21.142277344752113], [106.38322968540531, 21.142277344752113]]]}, "properties": {"db_hole_id": 275, "course_id": 16, "course": "Chí Linh Star Golf & Country Club — Championship", "facility": "Chí Linh Star Golf & Country Club", "hole_number": 5, "par": 4, "length_m": 370.0, "coords_source": "SEED", "todo": "draw: green, fairway, bunker, water, ob", "centroid": "21.14466666649878,106.38399999989055"}}, {"type": "Feature", "geometry": {"type": "Polygon", "coordinates": [[[106.38402968243581, 21.14287734501513], [106.38402968243581, 21.14767400599894], [106.38557031734514, 21.14767400599894], [106.38557031734514, 21.14287734501513], [106.38402968243581, 21.14287734501513]]]}, "properties": {"db_hole_id": 276, "course_id": 16, "course": "Chí Linh Star Golf & Country Club — Championship", "facility": "Chí Linh Star Golf & Country Club", "hole_number": 6, "par": 4, "length_m": 372.0, "coords_source": "SEED", "todo": "draw: green, fairway, bunker, water, ob", "centroid": "21.145275675507037,106.38479999989049"}}, {"type": "Feature", "geometry": {"type": "Polygon", "coordinates": [[[106.38482967322115, 21.143477345278267], [106.38482967322115, 21.149499230859586], [106.38637032655969, 21.149499230859586], [106.38637032655969, 21.143477345278267], [106.38482967322115, 21.143477345278267]]]}, "properties": {"db_hole_id": 277, "course_id": 16, "course": "Chí Linh Star Golf & Country Club — Championship", "facility": "Chí Linh Star Golf & Country Club", "hole_number": 7, "par": 5, "length_m": 508.0, "coords_source": "SEED", "todo": "draw: green, fairway, bunker, water, ob", "centroid": "21.146488288068923,106.38559999989042"}}, {"type": "Feature", "geometry": {"type": "Polygon", "coordinates": [[[106.38562968567767, 21.144077345541533], [106.38562968567767, 21.147135266877754], [106.38717031410303, 21.147135266877754], [106.38717031410303, 21.144077345541533], [106.38562968567767, 21.144077345541533]]]}, "properties": {"db_hole_id": 278, "course_id": 16, "course": "Chí Linh Star Golf & Country Club — Championship", "facility": "Chí Linh Star Golf & Country Club", "hole_number": 8, "par": 3, "length_m": 179.0, "coords_source": "SEED", "todo": "draw: green, fairway, bunker, water, ob", "centroid": "21.145606306209647,106.38639999989034"}}, {"type": "Feature", "geometry": {"type": "Polygon", "coordinates": [[[106.38642967352735, 21.14467734580492], [106.38642967352735, 21.149528059258753], [106.38797032625322, 21.149528059258753], [106.38797032625322, 21.14467734580492], [106.38642967352735, 21.14467734580492]]]}, "properties": {"db_hole_id": 279, "course_id": 16, "course": "Chí Linh Star Golf & Country Club — Championship", "facility": "Chí Linh Star Golf & Country Club", "hole_number": 9, "par": 4, "length_m": 378.0, "coords_source": "SEED", "todo": "draw: green, fairway, bunker, water, ob", "centroid": "21.147102702531832,106.38719999989029"}}, {"type": "Feature", "geometry": {"type": "Polygon", "coordinates": [[[106.38722967055789, 21.14527734606842], [106.38722967055789, 21.15014607701177], [106.38877032922254, 21.15014607701177], [106.38877032922254, 21.14527734606842], [106.38722967055789, 21.14527734606842]]]}, "properties": {"db_hole_id": 280, "course_id": 16, "course": "Chí Linh Star Golf & Country Club — Championship", "facility": "Chí Linh Star Golf & Country Club", "hole_number": 10, "par": 4, "length_m": 380.0, "coords_source": "SEED", "todo": "draw: green, fairway, bunker, water, ob", "centroid": "21.14771171154009,106.38799999989021"}}, {"type": "Feature", "geometry": {"type": "Polygon", "coordinates": [[[106.38802966758844, 21.145877346332046], [106.38802966758844, 21.150764094764675], [106.38957033219185, 21.150764094764675], [106.38957033219185, 21.145877346332046], [106.38802966758844, 21.145877346332046]]]}, "properties": {"db_hole_id": 281, "course_id": 16, "course": "Chí Linh Star Golf & Country Club — Championship", "facility": "Chí Linh Star Golf & Country Club", "hole_number": 11, "par": 4, "length_m": 382.0, "coords_source": "SEED", "todo": "draw: green, fairway, bunker, water, ob", "centroid": "21.14832072054836,106.38879999989015"}}, {"type": "Feature", "geometry": {"type": "Polygon", "coordinates": [[[106.3888296736148, 21.14647734659579], [106.3888296736148, 21.149643373922657], [106.39037032616542, 21.149643373922657], [106.39037032616542, 21.14647734659579], [106.3888296736148, 21.14647734659579]]]}, "properties": {"db_hole_id": 282, "course_id": 16, "course": "Chí Linh Star Golf & Country Club — Championship", "facility": "Chí Linh Star Golf & Country Club", "hole_number": 12, "par": 3, "length_m": 191.0, "coords_source": "SEED", "todo": "draw: green, fairway, bunker, water, ob", "centroid": "21.148060360259223,106.38959999989011"}}, {"type": "Feature", "geometry": {"type": "Polygon", "coordinates": [[[106.38962965484366, 21.14707734685967], [106.38962965484366, 21.153315445476537], [106.39117034493641, 21.153315445476537], [106.39117034493641, 21.14707734685967], [106.38962965484366, 21.14707734685967]]]}, "properties": {"db_hole_id": 283, "course_id": 16, "course": "Chí Linh Star Golf & Country Club — Championship", "facility": "Chí Linh Star Golf & Country Club", "hole_number": 13, "par": 5, "length_m": 532.0, "coords_source": "SEED", "todo": "draw: green, fairway, bunker, water, ob", "centroid": "21.150196396168106,106.39039999989004"}}, {"type": "Feature", "geometry": {"type": "Polygon", "coordinates": [[[106.39042965868019, 21.14767734712365], [106.39042965868019, 21.152618148022665], [106.39197034109975, 21.152618148022665], [106.39197034109975, 21.14767734712365], [106.39042965868019, 21.14767734712365]]]}, "properties": {"db_hole_id": 284, "course_id": 16, "course": "Chí Linh Star Golf & Country Club — Championship", "facility": "Chí Linh Star Golf & Country Club", "hole_number": 14, "par": 4, "length_m": 388.0, "coords_source": "SEED", "todo": "draw: green, fairway, bunker, water, ob", "centroid": "21.150147747573158,106.39119999988998"}}, {"type": "Feature", "geometry": {"type": "Polygon", "coordinates": [[[106.39122965571082, 21.14827734738776], [106.39122965571082, 21.153236165775088], [106.392770344069, 21.153236165775088], [106.392770344069, 21.14827734738776], [106.39122965571082, 21.14827734738776]]]}, "properties": {"db_hole_id": 285, "course_id": 16, "course": "Chí Linh Star Golf & Country Club — Championship", "facility": "Chí Linh Star Golf & Country Club", "hole_number": 15, "par": 4, "length_m": 390.0, "coords_source": "SEED", "todo": "draw: green, fairway, bunker, water, ob", "centroid": "21.150756756581423,106.39199999988992"}}, {"type": "Feature", "geometry": {"type": "Polygon", "coordinates": [[[106.39202966155206, 21.148877347651982], [106.39202966155206, 21.152151480965642], [106.39357033822765, 21.152151480965642], [106.39357033822765, 21.148877347651982], [106.39202966155206, 21.148877347651982]]]}, "properties": {"db_hole_id": 286, "course_id": 16, "course": "Chí Linh Star Golf & Country Club — Championship", "facility": "Chí Linh Star Golf & Country Club", "hole_number": 16, "par": 3, "length_m": 203.0, "coords_source": "SEED", "todo": "draw: green, fairway, bunker, water, ob", "centroid": "21.150514414308812,106.39279999988986"}}, {"type": "Feature", "geometry": {"type": "Polygon", "coordinates": [[[106.39282964977207, 21.149477347916353], [106.39282964977207, 21.154472201279567], [106.39437035000749, 21.154472201279567], [106.39437035000749, 21.149477347916353], [106.39282964977207, 21.149477347916353]]]}, "properties": {"db_hole_id": 287, "course_id": 16, "course": "Chí Linh Star Golf & Country Club — Championship", "facility": "Chí Linh Star Golf & Country Club", "hole_number": 17, "par": 4, "length_m": 394.0, "coords_source": "SEED", "todo": "draw: green, fairway, bunker, water, ob", "centroid": "21.15197477459796,106.39359999988976"}}, {"type": "Feature", "geometry": {"type": "Polygon", "coordinates": [[[106.39362963952927, 21.150077348180815], [106.39362963952927, 21.156495624320694], [106.39517036025016, 21.156495624320694], [106.39517036025016, 21.150077348180815], [106.39362963952927, 21.150077348180815]]]}, "properties": {"db_hole_id": 288, "course_id": 16, "course": "Chí Linh Star Golf & Country Club — Championship", "facility": "Chí Linh Star Golf & Country Club", "hole_number": 18, "par": 5, "length_m": 552.0, "coords_source": "SEED", "todo": "draw: green, fairway, bunker, water, ob", "centroid": "21.153286486250757,106.39439999988971"}}, {"type": "Feature", "geometry": {"type": "Polygon", "coordinates": [[[105.63002834510007, 21.369877217954986], [105.63002834510007, 21.374584042965513], [105.6315716548001, 21.374584042965513], [105.6315716548001, 21.369877217954986], [105.63002834510007, 21.369877217954986]]]}, "properties": {"db_hole_id": 181, "course_id": 11, "course": "Đại Lải Star Golf & Country Club — Championship", "facility": "Đại Lải Star Golf & Country Club", "hole_number": 1, "par": 4, "length_m": 362.0, "coords_source": "SEED", "todo": "draw: green, fairway, bunker, water, ob", "centroid": "21.372230630460248,105.63079999995009"}}, {"type": "Feature", "geometry": {"type": "Polygon", "coordinates": [[[105.63082833610946, 21.370477218103293], [105.63082833610946, 21.37631917785525], [105.6323716637906, 21.37631917785525], [105.6323716637906, 21.370477218103293], [105.63082833610946, 21.370477218103293]]]}, "properties": {"db_hole_id": 182, "course_id": 11, "course": "Đại Lải Star Golf & Country Club — Championship", "facility": "Đại Lải Star Golf & Country Club", "hole_number": 2, "par": 5, "length_m": 488.0, "coords_source": "SEED", "todo": "draw: green, fairway, bunker, water, ob", "centroid": "21.37339819797927,105.63159999995003"}}, {"type": "Feature", "geometry": {"type": "Polygon", "coordinates": [[[105.63162833882902, 21.371077218251706], [105.63162833882902, 21.375820078701746], [105.63317166107093, 21.375820078701746], [105.63317166107093, 21.371077218251706], [105.63162833882902, 21.371077218251706]]]}, "properties": {"db_hole_id": 183, "course_id": 11, "course": "Đại Lải Star Golf & Country Club — Championship", "facility": "Đại Lải Star Golf & Country Club", "hole_number": 3, "par": 4, "length_m": 366.0, "coords_source": "SEED", "todo": "draw: green, fairway, bunker, water, ob", "centroid": "21.373448648476728,105.63239999994998"}}, {"type": "Feature", "geometry": {"type": "Polygon", "coordinates": [[[105.63242834518425, 21.371677218400244], [105.63242834518425, 21.374627285913764], [105.63397165471557, 21.374627285913764], [105.63397165471557, 21.371677218400244], [105.63242834518425, 21.371677218400244]]]}, "properties": {"db_hole_id": 184, "course_id": 11, "course": "Đại Lải Star Golf & Country Club — Championship", "facility": "Đại Lải Star Golf & Country Club", "hole_number": 4, "par": 3, "length_m": 167.0, "coords_source": "SEED", "todo": "draw: green, fairway, bunker, water, ob", "centroid": "21.373152252157002,105.63319999994991"}}, {"type": "Feature", "geometry": {"type": "Polygon", "coordinates": [[[105.633228332558, 21.372277218548913], [105.633228332558, 21.3770561144375], [105.63477166734168, 21.3770561144375], [105.63477166734168, 21.372277218548913], [105.633228332558, 21.372277218548913]]]}, "properties": {"db_hole_id": 185, "course_id": 11, "course": "Đại Lải Star Golf & Country Club — Championship", "facility": "Đại Lải Star Golf & Country Club", "hole_number": 5, "par": 4, "length_m": 370.0, "coords_source": "SEED", "todo": "draw: green, fairway, bunker, water, ob", "centroid": "21.37466666649321,105.63399999994985"}}, {"type": "Feature", "geometry": {"type": "Polygon", "coordinates": [[[105.63402832942252, 21.372877218697692], [105.63402832942252, 21.37767413230519], [105.63557167047705, 21.37767413230519], [105.63557167047705, 21.372877218697692], [105.63402832942252, 21.372877218697692]]]}, "properties": {"db_hole_id": 186, "course_id": 11, "course": "Đại Lải Star Golf & Country Club — Championship", "facility": "Đại Lải Star Golf & Country Club", "hole_number": 6, "par": 4, "length_m": 372.0, "coords_source": "SEED", "todo": "draw: green, fairway, bunker, water, ob", "centroid": "21.37527567550144,105.63479999994979"}}, {"type": "Feature", "geometry": {"type": "Polygon", "coordinates": [[[105.63482831995864, 21.373477218846602], [105.63482831995864, 21.379499357276696], [105.6363716799408, 21.379499357276696], [105.6363716799408, 21.373477218846602], [105.63482831995864, 21.373477218846602]]]}, "properties": {"db_hole_id": 187, "course_id": 11, "course": "Đại Lải Star Golf & Country Club — Championship", "facility": "Đại Lải Star Golf & Country Club", "hole_number": 7, "par": 5, "length_m": 508.0, "coords_source": "SEED", "todo": "draw: green, fairway, bunker, water, ob", "centroid": "21.37648828806165,105.63559999994973"}}, {"type": "Feature", "geometry": {"type": "Polygon", "coordinates": [[[105.63562833245483, 21.374077218995634], [105.63562833245483, 21.37713539341724], [105.63717166744448, 21.37713539341724], [105.63717166744448, 21.374077218995634], [105.63562833245483, 21.374077218995634]]]}, "properties": {"db_hole_id": 188, "course_id": 11, "course": "Đại Lải Star Golf & Country Club — Championship", "facility": "Đại Lải Star Golf & Country Club", "hole_number": 8, "par": 3, "length_m": 179.0, "coords_source": "SEED", "todo": "draw: green, fairway, bunker, water, ob", "centroid": "21.375606306206432,105.63639999994965"}}, {"type": "Feature", "geometry": {"type": "Polygon", "coordinates": [[[105.63642832001615, 21.374677219144782], [105.63642832001615, 21.37952818590753], [105.63797167988302, 21.37952818590753], [105.63797167988302, 21.374677219144782], [105.63642832001615, 21.374677219144782]]]}, "properties": {"db_hole_id": 189, "course_id": 11, "course": "Đại Lải Star Golf & Country Club — Championship", "facility": "Đại Lải Star Golf & Country Club", "hole_number": 9, "par": 4, "length_m": 378.0, "coords_source": "SEED", "todo": "draw: green, fairway, bunker, water, ob", "centroid": "21.37710270252616,105.63719999994959"}}, {"type": "Feature", "geometry": {"type": "Polygon", "coordinates": [[[105.63722831688072, 21.37527721929406], [105.63722831688072, 21.38014620377473], [105.63877168301833, 21.38014620377473], [105.63877168301833, 21.37527721929406], [105.63722831688072, 21.37527721929406]]]}, "properties": {"db_hole_id": 190, "course_id": 11, "course": "Đại Lải Star Golf & Country Club — Championship", "facility": "Đại Lải Star Golf & Country Club", "hole_number": 10, "par": 4, "length_m": 380.0, "coords_source": "SEED", "todo": "draw: green, fairway, bunker, water, ob", "centroid": "21.377711711534396,105.63799999994951"}}, {"type": "Feature", "geometry": {"type": "Polygon", "coordinates": [[[105.63802831374531, 21.375877219443446], [105.63802831374531, 21.3807642216418], [105.63957168615362, 21.3807642216418], [105.63957168615362, 21.375877219443446], [105.63802831374531, 21.375877219443446]]]}, "properties": {"db_hole_id": 191, "course_id": 11, "course": "Đại Lải Star Golf & Country Club — Championship", "facility": "Đại Lải Star Golf & Country Club", "hole_number": 11, "par": 4, "length_m": 382.0, "coords_source": "SEED", "todo": "draw: green, fairway, bunker, water, ob", "centroid": "21.378320720542625,105.63879999994946"}}, {"type": "Feature", "geometry": {"type": "Polygon", "coordinates": [[[105.63882831972556, 21.376477219592978], [105.63882831972556, 21.37964350091875], [105.64037168017325, 21.37964350091875], [105.64037168017325, 21.376477219592978], [105.63882831972556, 21.376477219592978]]]}, "properties": {"db_hole_id": 192, "course_id": 11, "course": "Đại Lải Star Golf & Country Club — Championship", "facility": "Đại Lải Star Golf & Country Club", "hole_number": 12, "par": 3, "length_m": 191.0, "coords_source": "SEED", "todo": "draw: green, fairway, bunker, water, ob", "centroid": "21.37806036025587,105.6395999999494"}}, {"type": "Feature", "geometry": {"type": "Polygon", "coordinates": [[[105.63962830057785, 21.37707721974261], [105.63962830057785, 21.383315572578383], [105.64117169932082, 21.383315572578383], [105.64117169932082, 21.37707721974261], [105.63962830057785, 21.37707721974261]]]}, "properties": {"db_hole_id": 193, "course_id": 11, "course": "Đại Lải Star Golf & Country Club — Championship", "facility": "Đại Lải Star Golf & Country Club", "hole_number": 13, "par": 5, "length_m": 532.0, "coords_source": "SEED", "todo": "draw: green, fairway, bunker, water, ob", "centroid": "21.3801963961605,105.64039999994934"}}, {"type": "Feature", "geometry": {"type": "Polygon", "coordinates": [[[105.64042830433914, 21.377677219892384], [105.64042830433914, 21.382618275242304], [105.64197169555942, 21.382618275242304], [105.64197169555942, 21.377677219892384], [105.64042830433914, 21.377677219892384]]]}, "properties": {"db_hole_id": 194, "course_id": 11, "course": "Đại Lải Star Golf & Country Club — Championship", "facility": "Đại Lải Star Golf & Country Club", "hole_number": 14, "par": 4, "length_m": 388.0, "coords_source": "SEED", "todo": "draw: green, fairway, bunker, water, ob", "centroid": "21.380147747567346,105.64119999994928"}}, {"type": "Feature", "geometry": {"type": "Polygon", "coordinates": [[[105.64122830120378, 21.37827722004226], [105.64122830120378, 21.38323629310889], [105.64277169869465, 21.38323629310889], [105.64277169869465, 21.37827722004226], [105.64122830120378, 21.37827722004226]]]}, "properties": {"db_hole_id": 195, "course_id": 11, "course": "Đại Lải Star Golf & Country Club — Championship", "facility": "Đại Lải Star Golf & Country Club", "hole_number": 15, "par": 4, "length_m": 390.0, "coords_source": "SEED", "todo": "draw: green, fairway, bunker, water, ob", "centroid": "21.380756756575572,105.6419999999492"}}, {"type": "Feature", "geometry": {"type": "Polygon", "coordinates": [[[105.64202830699647, 21.378877220192276], [105.64202830699647, 21.3821516084183], [105.64357169290183, 21.3821516084183], [105.64357169290183, 21.378877220192276], [105.64202830699647, 21.378877220192276]]]}, "properties": {"db_hole_id": 196, "course_id": 11, "course": "Đại Lải Star Golf & Country Club — Championship", "facility": "Đại Lải Star Golf & Country Club", "hole_number": 16, "par": 3, "length_m": 203.0, "coords_source": "SEED", "todo": "draw: green, fairway, bunker, water, ob", "centroid": "21.38051441430529,105.64279999994915"}}, {"type": "Feature", "geometry": {"type": "Polygon", "coordinates": [[[105.64282829493308, 21.379477220342405], [105.64282829493308, 21.384472328841703], [105.64437170496507, 21.384472328841703], [105.64437170496507, 21.379477220342405], [105.64282829493308, 21.379477220342405]]]}, "properties": {"db_hole_id": 197, "course_id": 11, "course": "Đại Lải Star Golf & Country Club — Championship", "facility": "Đại Lải Star Golf & Country Club", "hole_number": 17, "par": 4, "length_m": 394.0, "coords_source": "SEED", "todo": "draw: green, fairway, bunker, water, ob", "centroid": "21.381974774592052,105.64359999994906"}}, {"type": "Feature", "geometry": {"type": "Polygon", "coordinates": [[[105.6436282844274, 21.38007722049266], [105.6436282844274, 21.386495751993095], [105.64517171547062, 21.386495751993095], [105.64517171547062, 21.38007722049266], [105.6436282844274, 21.38007722049266]]]}, "properties": {"db_hole_id": 198, "course_id": 11, "course": "Đại Lải Star Golf & Country Club — Championship", "facility": "Đại Lải Star Golf & Country Club", "hole_number": 18, "par": 5, "length_m": 552.0, "coords_source": "SEED", "todo": "draw: green, fairway, bunker, water, ob", "centroid": "21.38328648624288,105.64439999994899"}}, {"type": "Feature", "geometry": {"type": "Polygon", "coordinates": [[[108.35006571510803, 12.04987727591054], [108.35006571510803, 12.054583985166822], [108.35153428531105, 12.054583985166822], [108.35153428531105, 12.04987727591054], [108.35006571510803, 12.04987727591054]]]}, "properties": {"db_hole_id": 613, "course_id": 35, "course": "Dalat at 1200 Country Club — Championship", "facility": "Dalat at 1200 Country Club", "hole_number": 1, "par": 4, "length_m": 362.0, "coords_source": "SEED", "todo": "draw: green, fairway, bunker, water, ob", "centroid": "12.05223063053868,108.35080000020955"}}, {"type": "Feature", "geometry": {"type": "Polygon", "coordinates": [[[108.35086570992318, 12.050477275488895], [108.35086570992318, 12.05631912067117], [108.35233429049576, 12.05631912067117], [108.35233429049576, 12.050477275488895], [108.35086570992318, 12.050477275488895]]]}, "properties": {"db_hole_id": 614, "course_id": 35, "course": "Dalat at 1200 Country Club — Championship", "facility": "Dalat at 1200 Country Club", "hole_number": 2, "par": 5, "length_m": 488.0, "coords_source": "SEED", "todo": "draw: green, fairway, bunker, water, ob", "centroid": "12.053398198080032,108.35160000020947"}}, {"type": "Feature", "geometry": {"type": "Polygon", "coordinates": [[[108.35166571082686, 12.051077275067383], [108.35166571082686, 12.055820022044307], [108.35313428959194, 12.055820022044307], [108.35313428959194, 12.051077275067383], [108.35166571082686, 12.051077275067383]]]}, "properties": {"db_hole_id": 615, "course_id": 35, "course": "Dalat at 1200 Country Club — Championship", "facility": "Dalat at 1200 Country Club", "hole_number": 3, "par": 4, "length_m": 366.0, "coords_source": "SEED", "todo": "draw: green, fairway, bunker, water, ob", "centroid": "12.053448648555843,108.3524000002094"}}, {"type": "Feature", "geometry": {"type": "Polygon", "coordinates": [[[108.35246571362089, 12.051677274646014], [108.35246571362089, 12.054627229755651], [108.35393428679782, 12.054627229755651], [108.35393428679782, 12.051677274646014], [108.35246571362089, 12.051677274646014]]]}, "properties": {"db_hole_id": 616, "course_id": 35, "course": "Dalat at 1200 Country Club — Championship", "facility": "Dalat at 1200 Country Club", "hole_number": 4, "par": 3, "length_m": 167.0, "coords_source": "SEED", "todo": "draw: green, fairway, bunker, water, ob", "centroid": "12.05315225220083,108.35320000020936"}}, {"type": "Feature", "geometry": {"type": "Polygon", "coordinates": [[[108.35326570654591, 12.052277274224796], [108.35326570654591, 12.057056058921226], [108.35473429387268, 12.057056058921226], [108.35473429387268, 12.052277274224796], [108.35326570654591, 12.052277274224796]]]}, "properties": {"db_hole_id": 617, "course_id": 35, "course": "Dalat at 1200 Country Club — Championship", "facility": "Dalat at 1200 Country Club", "hole_number": 5, "par": 4, "length_m": 370.0, "coords_source": "SEED", "todo": "draw: green, fairway, bunker, water, ob", "centroid": "12.05466666657301,108.3540000002093"}}, {"type": "Feature", "geometry": {"type": "Polygon", "coordinates": [[[108.3540657044055, 12.052877273803706], [108.3540657044055, 12.057674077359476], [108.35553429601296, 12.057674077359476], [108.35553429601296, 12.052877273803706], [108.3540657044055, 12.052877273803706]]]}, "properties": {"db_hole_id": 618, "course_id": 35, "course": "Dalat at 1200 Country Club — Championship", "facility": "Dalat at 1200 Country Club", "hole_number": 6, "par": 4, "length_m": 372.0, "coords_source": "SEED", "todo": "draw: green, fairway, bunker, water, ob", "centroid": "12.05527567558159,108.35480000020924"}}, {"type": "Feature", "geometry": {"type": "Polygon", "coordinates": [[[108.35486569897446, 12.053477273382768], [108.35486569897446, 12.05949930294901], [108.35633430144385, 12.05949930294901], [108.35633430144385, 12.053477273382768], [108.35486569897446, 12.053477273382768]]]}, "properties": {"db_hole_id": 619, "course_id": 35, "course": "Dalat at 1200 Country Club — Championship", "facility": "Dalat at 1200 Country Club", "hole_number": 7, "par": 5, "length_m": 508.0, "coords_source": "SEED", "todo": "draw: green, fairway, bunker, water, ob", "centroid": "12.05648828816589,108.35560000020915"}}, {"type": "Feature", "geometry": {"type": "Polygon", "coordinates": [[[108.35566570496218, 12.054077272961957], [108.35566570496218, 12.05713533954277], [108.35713429545602, 12.05713533954277], [108.35713429545602, 12.054077272961957], [108.35566570496218, 12.054077272961957]]]}, "properties": {"db_hole_id": 620, "course_id": 35, "course": "Dalat at 1200 Country Club — Championship", "facility": "Dalat at 1200 Country Club", "hole_number": 8, "par": 3, "length_m": 179.0, "coords_source": "SEED", "todo": "draw: green, fairway, bunker, water, ob", "centroid": "12.055606306252363,108.3564000002091"}}, {"type": "Feature", "geometry": {"type": "Polygon", "coordinates": [[[108.35646569798452, 12.0546772725413], [108.35646569798452, 12.05952813267337], [108.35793430243355, 12.05952813267337], [108.35793430243355, 12.0546772725413], [108.35646569798452, 12.0546772725413]]]}, "properties": {"db_hole_id": 621, "course_id": 35, "course": "Dalat at 1200 Country Club — Championship", "facility": "Dalat at 1200 Country Club", "hole_number": 9, "par": 4, "length_m": 378.0, "coords_source": "SEED", "todo": "draw: green, fairway, bunker, water, ob", "centroid": "12.057102702607333,108.35720000020905"}}, {"type": "Feature", "geometry": {"type": "Polygon", "coordinates": [[[108.3572656958443, 12.055277272120783], [108.3572656958443, 12.060146151111052], [108.35873430457364, 12.060146151111052], [108.35873430457364, 12.055277272120783], [108.3572656958443, 12.055277272120783]]]}, "properties": {"db_hole_id": 622, "course_id": 35, "course": "Dalat at 1200 Country Club — Championship", "facility": "Dalat at 1200 Country Club", "hole_number": 10, "par": 4, "length_m": 380.0, "coords_source": "SEED", "todo": "draw: green, fairway, bunker, water, ob", "centroid": "12.05771171161592,108.35800000020897"}}, {"type": "Feature", "geometry": {"type": "Polygon", "coordinates": [[[108.35806569370412, 12.055877271700403], [108.35806569370412, 12.060764169548593], [108.3595343067137, 12.060764169548593], [108.3595343067137, 12.055877271700403], [108.35806569370412, 12.055877271700403]]]}, "properties": {"db_hole_id": 623, "course_id": 35, "course": "Dalat at 1200 Country Club — Championship", "facility": "Dalat at 1200 Country Club", "hole_number": 11, "par": 4, "length_m": 382.0, "coords_source": "SEED", "todo": "draw: green, fairway, bunker, water, ob", "centroid": "12.058320720624499,108.35880000020893"}}, {"type": "Feature", "geometry": {"type": "Polygon", "coordinates": [[[108.35886569630419, 12.056477271280164], [108.35886569630419, 12.059643449327629], [108.36033430411351, 12.059643449327629], [108.36033430411351, 12.056477271280164], [108.35886569630419, 12.056477271280164]]]}, "properties": {"db_hole_id": 624, "course_id": 35, "course": "Dalat at 1200 Country Club — Championship", "facility": "Dalat at 1200 Country Club", "hole_number": 12, "par": 3, "length_m": 191.0, "coords_source": "SEED", "todo": "draw: green, fairway, bunker, water, ob", "centroid": "12.058060360303896,108.35960000020884"}}, {"type": "Feature", "geometry": {"type": "Polygon", "coordinates": [[[108.35966568583738, 12.057077270860068], [108.35966568583738, 12.063315521677751], [108.3611343145802, 12.063315521677751], [108.3611343145802, 12.057077270860068], [108.35966568583738, 12.057077270860068]]]}, "properties": {"db_hole_id": 625, "course_id": 35, "course": "Dalat at 1200 Country Club — Championship", "facility": "Dalat at 1200 Country Club", "hole_number": 13, "par": 5, "length_m": 532.0, "coords_source": "SEED", "todo": "draw: green, fairway, bunker, water, ob", "centroid": "12.06019639626891,108.36040000020878"}}, {"type": "Feature", "geometry": {"type": "Polygon", "coordinates": [[[108.36046568728386, 12.05767727044011], [108.36046568728386, 12.062618224860367], [108.36193431313357, 12.062618224860367], [108.36193431313357, 12.05767727044011], [108.36046568728386, 12.05767727044011]]]}, "properties": {"db_hole_id": 626, "course_id": 35, "course": "Dalat at 1200 Country Club — Championship", "facility": "Dalat at 1200 Country Club", "hole_number": 14, "par": 4, "length_m": 388.0, "coords_source": "SEED", "todo": "draw: green, fairway, bunker, water, ob", "centroid": "12.060147747650237,108.36120000020874"}}, {"type": "Feature", "geometry": {"type": "Polygon", "coordinates": [[[108.36126568514388, 12.058277270020294], [108.36126568514388, 12.063236243297345], [108.36273431527344, 12.063236243297345], [108.36273431527344, 12.058277270020294], [108.36126568514388, 12.058277270020294]]]}, "properties": {"db_hole_id": 627, "course_id": 35, "course": "Dalat at 1200 Country Club — Championship", "facility": "Dalat at 1200 Country Club", "hole_number": 15, "par": 4, "length_m": 390.0, "coords_source": "SEED", "todo": "draw: green, fairway, bunker, water, ob", "centroid": "12.060756756658819,108.36200000020865"}}, {"type": "Feature", "geometry": {"type": "Polygon", "coordinates": [[[108.36206568764689, 12.05887726960062], [108.36206568764689, 12.062151559110227], [108.36353431277028, 12.062151559110227], [108.36353431277028, 12.05887726960062], [108.36206568764689, 12.05887726960062]]]}, "properties": {"db_hole_id": 628, "course_id": 35, "course": "Dalat at 1200 Country Club — Championship", "facility": "Dalat at 1200 Country Club", "hole_number": 16, "par": 3, "length_m": 203.0, "coords_source": "SEED", "todo": "draw: green, fairway, bunker, water, ob", "centroid": "12.060514414355422,108.3628000002086"}}, {"type": "Feature", "geometry": {"type": "Polygon", "coordinates": [[[108.36286568086402, 12.059477269181086], [108.36286568086402, 12.064472280170882], [108.36433431955301, 12.064472280170882], [108.36433431955301, 12.059477269181086], [108.36286568086402, 12.059477269181086]]]}, "properties": {"db_hole_id": 629, "course_id": 35, "course": "Dalat at 1200 Country Club — Championship", "facility": "Dalat at 1200 Country Club", "hole_number": 17, "par": 4, "length_m": 394.0, "coords_source": "SEED", "todo": "draw: green, fairway, bunker, water, ob", "centroid": "12.061974774675983,108.36360000020852"}}, {"type": "Feature", "geometry": {"type": "Polygon", "coordinates": [[[108.36366567489095, 12.060077268761694], [108.36366567489095, 12.066495703947812], [108.36513432552599, 12.066495703947812], [108.36513432552599, 12.060077268761694], [108.36366567489095, 12.060077268761694]]]}, "properties": {"db_hole_id": 630, "course_id": 35, "course": "Dalat at 1200 Country Club — Championship", "facility": "Dalat at 1200 Country Club", "hole_number": 18, "par": 5, "length_m": 552.0, "coords_source": "SEED", "todo": "draw: green, fairway, bunker, water, ob", "centroid": "12.063286486354754,108.36440000020845"}}, {"type": "Feature", "geometry": {"type": "Polygon", "coordinates": [[[108.44006596284453, 11.939877221113859], [108.44006596284453, 11.944584039963592], [108.44153403756036, 11.944584039963592], [108.44153403756036, 11.939877221113859], [108.44006596284453, 11.939877221113859]]]}, "properties": {"db_hole_id": 577, "course_id": 33, "course": "Dalat Palace Golf Club — Championship", "facility": "Dalat Palace Golf Club", "hole_number": 1, "par": 4, "length_m": 362.0, "coords_source": "SEED", "todo": "draw: green, fairway, bunker, water, ob", "centroid": "11.942230630538726,108.44080000020244"}}, {"type": "Feature", "geometry": {"type": "Polygon", "coordinates": [[[108.44086595772167, 11.940477220707091], [108.44086595772167, 11.946319175453086], [108.4423340426831, 11.946319175453086], [108.4423340426831, 11.940477220707091], [108.44086595772167, 11.940477220707091]]]}, "properties": {"db_hole_id": 578, "course_id": 33, "course": "Dalat Palace Golf Club — Championship", "facility": "Dalat Palace Golf Club", "hole_number": 2, "par": 5, "length_m": 488.0, "coords_source": "SEED", "todo": "draw: green, fairway, bunker, water, ob", "centroid": "11.943398198080088,108.44160000020237"}}, {"type": "Feature", "geometry": {"type": "Polygon", "coordinates": [[[108.44166595862724, 11.941077220300468], [108.44166595862724, 11.94582007681131], [108.44313404177738, 11.94582007681131], [108.44313404177738, 11.941077220300468], [108.44166595862724, 11.941077220300468]]]}, "properties": {"db_hole_id": 579, "course_id": 33, "course": "Dalat Palace Golf Club — Championship", "facility": "Dalat Palace Golf Club", "hole_number": 3, "par": 4, "length_m": 366.0, "coords_source": "SEED", "todo": "draw: green, fairway, bunker, water, ob", "centroid": "11.943448648555888,108.44240000020231"}}, {"type": "Feature", "geometry": {"type": "Polygon", "coordinates": [[[108.44246596140448, 11.941677219893979], [108.44246596140448, 11.944627284507732], [108.44393403900004, 11.944627284507732], [108.44393403900004, 11.941677219893979], [108.44246596140448, 11.941677219893979]]]}, "properties": {"db_hole_id": 580, "course_id": 33, "course": "Dalat Palace Golf Club — Championship", "facility": "Dalat Palace Golf Club", "hole_number": 4, "par": 3, "length_m": 167.0, "coords_source": "SEED", "todo": "draw: green, fairway, bunker, water, ob", "centroid": "11.943152252200855,108.44320000020225"}}, {"type": "Feature", "geometry": {"type": "Polygon", "coordinates": [[[108.44326595441015, 11.942277219487638], [108.44326595441015, 11.947056113658471], [108.44473404599424, 11.947056113658471], [108.44473404599424, 11.942277219487638], [108.44326595441015, 11.942277219487638]]]}, "properties": {"db_hole_id": 581, "course_id": 33, "course": "Dalat Palace Golf Club — Championship", "facility": "Dalat Palace Golf Club", "hole_number": 5, "par": 4, "length_m": 370.0, "coords_source": "SEED", "todo": "draw: green, fairway, bunker, water, ob", "centroid": "11.944666666573056,108.44400000020218"}}, {"type": "Feature", "geometry": {"type": "Polygon", "coordinates": [[[108.4440659523017, 11.942877219081437], [108.4440659523017, 11.94767413208184], [108.44553404810257, 11.94767413208184], [108.44553404810257, 11.942877219081437], [108.4440659523017, 11.942877219081437]]]}, "properties": {"db_hole_id": 582, "course_id": 33, "course": "Dalat Palace Golf Club — Championship", "facility": "Dalat Palace Golf Club", "hole_number": 6, "par": 4, "length_m": 372.0, "coords_source": "SEED", "todo": "draw: green, fairway, bunker, water, ob", "centroid": "11.945275675581636,108.44480000020214"}}, {"type": "Feature", "geometry": {"type": "Polygon", "coordinates": [[[108.44486594693508, 11.943477218675374], [108.44486594693508, 11.949499357656524], [108.44633405346906, 11.949499357656524], [108.44633405346906, 11.943477218675374], [108.44486594693508, 11.943477218675374]]]}, "properties": {"db_hole_id": 583, "course_id": 33, "course": "Dalat Palace Golf Club — Championship", "facility": "Dalat Palace Golf Club", "hole_number": 7, "par": 5, "length_m": 508.0, "coords_source": "SEED", "todo": "draw: green, fairway, bunker, water, ob", "centroid": "11.946488288165948,108.44560000020206"}}, {"type": "Feature", "geometry": {"type": "Polygon", "coordinates": [[[108.4456659528745, 11.944077218269454], [108.4456659528745, 11.94713539423533], [108.4471340475295, 11.94713539423533], [108.4471340475295, 11.944077218269454], [108.4456659528745, 11.944077218269454]]]}, "properties": {"db_hole_id": 584, "course_id": 33, "course": "Dalat Palace Golf Club — Championship", "facility": "Dalat Palace Golf Club", "hole_number": 8, "par": 3, "length_m": 179.0, "coords_source": "SEED", "todo": "draw: green, fairway, bunker, water, ob", "centroid": "11.945606306252392,108.446400000202"}}, {"type": "Feature", "geometry": {"type": "Polygon", "coordinates": [[[108.44646594597654, 11.944677217863669], [108.44646594597654, 11.949528187351092], [108.44793405442732, 11.949528187351092], [108.44793405442732, 11.944677217863669], [108.44646594597654, 11.944677217863669]]]}, "properties": {"db_hole_id": 585, "course_id": 33, "course": "Dalat Palace Golf Club — Championship", "facility": "Dalat Palace Golf Club", "hole_number": 9, "par": 4, "length_m": 378.0, "coords_source": "SEED", "todo": "draw: green, fairway, bunker, water, ob", "centroid": "11.94710270260738,108.44720000020193"}}, {"type": "Feature", "geometry": {"type": "Polygon", "coordinates": [[[108.44726594386825, 11.945277217458038], [108.44726594386825, 11.950146205773892], [108.44873405653549, 11.950146205773892], [108.44873405653549, 11.945277217458038], [108.44726594386825, 11.945277217458038]]]}, "properties": {"db_hole_id": 586, "course_id": 33, "course": "Dalat Palace Golf Club — Championship", "facility": "Dalat Palace Golf Club", "hole_number": 10, "par": 4, "length_m": 380.0, "coords_source": "SEED", "todo": "draw: green, fairway, bunker, water, ob", "centroid": "11.947711711615966,108.44800000020187"}}, {"type": "Feature", "geometry": {"type": "Polygon", "coordinates": [[[108.44806594176002, 11.945877217052537], [108.44806594176002, 11.950764224196554], [108.44953405864361, 11.950764224196554], [108.44953405864361, 11.945877217052537], [108.44806594176002, 11.945877217052537]]]}, "properties": {"db_hole_id": 587, "course_id": 33, "course": "Dalat Palace Golf Club — Championship", "facility": "Dalat Palace Golf Club", "hole_number": 11, "par": 4, "length_m": 382.0, "coords_source": "SEED", "todo": "draw: green, fairway, bunker, water, ob", "centroid": "11.948320720624546,108.44880000020183"}}, {"type": "Feature", "geometry": {"type": "Polygon", "coordinates": [[[108.44886594434526, 11.946477216647176], [108.44886594434526, 11.949643503960667], [108.45033405605825, 11.949643503960667], [108.45033405605825, 11.946477216647176], [108.44886594434526, 11.946477216647176]]]}, "properties": {"db_hole_id": 588, "course_id": 33, "course": "Dalat Palace Golf Club — Championship", "facility": "Dalat Palace Golf Club", "hole_number": 12, "par": 3, "length_m": 191.0, "coords_source": "SEED", "todo": "draw: green, fairway, bunker, water, ob", "centroid": "11.948060360303922,108.44960000020177"}}, {"type": "Feature", "geometry": {"type": "Polygon", "coordinates": [[[108.44966593399255, 11.947077216241963], [108.44966593399255, 11.953315576295985], [108.45113406641083, 11.953315576295985], [108.45113406641083, 11.947077216241963], [108.44966593399255, 11.947077216241963]]]}, "properties": {"db_hole_id": 589, "course_id": 33, "course": "Dalat Palace Golf Club — Championship", "facility": "Dalat Palace Golf Club", "hole_number": 13, "par": 5, "length_m": 532.0, "coords_source": "SEED", "todo": "draw: green, fairway, bunker, water, ob", "centroid": "11.950196396268977,108.45040000020167"}}, {"type": "Feature", "geometry": {"type": "Polygon", "coordinates": [[[108.4504659354356, 11.94767721583689], [108.4504659354356, 11.95261827946369], [108.45193406496765, 11.95261827946369], [108.45193406496765, 11.94767721583689], [108.4504659354356, 11.94767721583689]]]}, "properties": {"db_hole_id": 590, "course_id": 33, "course": "Dalat Palace Golf Club — Championship", "facility": "Dalat Palace Golf Club", "hole_number": 14, "par": 4, "length_m": 388.0, "coords_source": "SEED", "todo": "draw: green, fairway, bunker, water, ob", "centroid": "11.950147747650291,108.45120000020164"}}, {"type": "Feature", "geometry": {"type": "Polygon", "coordinates": [[[108.45126593332755, 11.94827721543195], [108.45126593332755, 11.953236297885788], [108.45273406707558, 11.953236297885788], [108.45273406707558, 11.94827721543195], [108.45126593332755, 11.94827721543195]]]}, "properties": {"db_hole_id": 591, "course_id": 33, "course": "Dalat Palace Golf Club — Championship", "facility": "Dalat Palace Golf Club", "hole_number": 15, "par": 4, "length_m": 390.0, "coords_source": "SEED", "todo": "draw: green, fairway, bunker, water, ob", "centroid": "11.95075675665887,108.45200000020156"}}, {"type": "Feature", "geometry": {"type": "Polygon", "coordinates": [[[108.4520659358167, 11.948877215027158], [108.4520659358167, 11.952151613683746], [108.4535340645863, 11.952151613683746], [108.4535340645863, 11.948877215027158], [108.4520659358167, 11.948877215027158]]]}, "properties": {"db_hole_id": 592, "course_id": 33, "course": "Dalat Palace Golf Club — Championship", "facility": "Dalat Palace Golf Club", "hole_number": 16, "par": 3, "length_m": 203.0, "coords_source": "SEED", "todo": "draw: green, fairway, bunker, water, ob", "centroid": "11.950514414355455,108.4528000002015"}}, {"type": "Feature", "geometry": {"type": "Polygon", "coordinates": [[[108.45286592911158, 11.949477214622508], [108.45286592911158, 11.954472334729555], [108.45433407129127, 11.954472334729555], [108.45433407129127, 11.949477214622508], [108.45286592911158, 11.949477214622508]]]}, "properties": {"db_hole_id": 593, "course_id": 33, "course": "Dalat Palace Golf Club — Championship", "facility": "Dalat Palace Golf Club", "hole_number": 17, "par": 4, "length_m": 394.0, "coords_source": "SEED", "todo": "draw: green, fairway, bunker, water, ob", "centroid": "11.951974774676032,108.45360000020143"}}, {"type": "Feature", "geometry": {"type": "Polygon", "coordinates": [[[108.45366592320826, 11.950077214217997], [108.45366592320826, 11.956495758491647], [108.45513407719447, 11.956495758491647], [108.45513407719447, 11.950077214217997], [108.45366592320826, 11.950077214217997]]]}, "properties": {"db_hole_id": 594, "course_id": 33, "course": "Dalat Palace Golf Club — Championship", "facility": "Dalat Palace Golf Club", "hole_number": 18, "par": 5, "length_m": 552.0, "coords_source": "SEED", "todo": "draw: green, fairway, bunker, water, ob", "centroid": "11.953286486354822,108.45440000020137"}}, {"type": "Feature", "geometry": {"type": "Polygon", "coordinates": [[[109.17006496334724, 12.17987689293148], [109.17006496334724, 12.184584368132125], [109.17153503694233, 12.184584368132125], [109.17153503694233, 12.17987689293148], [109.17006496334724, 12.17987689293148]]]}, "properties": {"db_hole_id": 649, "course_id": 37, "course": "Diamond Bay Golf & Villas — Championship", "facility": "Diamond Bay Golf & Villas", "hole_number": 1, "par": 4, "length_m": 362.0, "coords_source": "SEED", "todo": "draw: green, fairway, bunker, water, ob", "centroid": "12.182230630531803,109.1708000001448"}}, {"type": "Feature", "geometry": {"type": "Polygon", "coordinates": [[[109.17086495825156, 12.18047689265125], [109.17086495825156, 12.186319503491145], [109.17233504203789, 12.186319503491145], [109.17233504203789, 12.18047689265125], [109.17086495825156, 12.18047689265125]]]}, "properties": {"db_hole_id": 650, "course_id": 37, "course": "Diamond Bay Golf & Villas — Championship", "facility": "Diamond Bay Golf & Villas", "hole_number": 2, "par": 5, "length_m": 488.0, "coords_source": "SEED", "todo": "draw: green, fairway, bunker, water, ob", "centroid": "12.183398198071199,109.17160000014472"}}, {"type": "Feature", "geometry": {"type": "Polygon", "coordinates": [[[109.1716649593117, 12.181076892371152], [109.1716649593117, 12.185820404726663], [109.17313504097764, 12.185820404726663], [109.17313504097764, 12.181076892371152], [109.1716649593117, 12.181076892371152]]]}, "properties": {"db_hole_id": 651, "course_id": 37, "course": "Diamond Bay Golf & Villas — Championship", "facility": "Diamond Bay Golf & Villas", "hole_number": 3, "par": 4, "length_m": 366.0, "coords_source": "SEED", "todo": "draw: green, fairway, bunker, water, ob", "centroid": "12.18344864854891,109.17240000014465"}}, {"type": "Feature", "geometry": {"type": "Polygon", "coordinates": [[[109.17246496228304, 12.181676892091197], [109.17246496228304, 12.184627612302773], [109.17393503800618, 12.184627612302773], [109.17393503800618, 12.181676892091197], [109.17246496228304, 12.181676892091197]]]}, "properties": {"db_hole_id": 652, "course_id": 37, "course": "Diamond Bay Golf & Villas — Championship", "facility": "Diamond Bay Golf & Villas", "hole_number": 4, "par": 3, "length_m": 167.0, "coords_source": "SEED", "todo": "draw: green, fairway, bunker, water, ob", "centroid": "12.183152252196985,109.1732000001446"}}, {"type": "Feature", "geometry": {"type": "Polygon", "coordinates": [[[109.17326495527634, 12.182276891811384], [109.17326495527634, 12.18705644132064], [109.17473504501275, 12.18705644132064], [109.17473504501275, 12.182276891811384], [109.17326495527634, 12.182276891811384]]]}, "properties": {"db_hole_id": 653, "course_id": 37, "course": "Diamond Bay Golf & Villas — Championship", "facility": "Diamond Bay Golf & Villas", "hole_number": 5, "par": 4, "length_m": 370.0, "coords_source": "SEED", "todo": "draw: green, fairway, bunker, water, ob", "centroid": "12.184666666566015,109.17400000014455"}}, {"type": "Feature", "geometry": {"type": "Polygon", "coordinates": [[[109.17406495325872, 12.182876891531713], [109.17406495325872, 12.187674459617417], [109.17553504703024, 12.187674459617417], [109.17553504703024, 12.182876891531713], [109.17406495325872, 12.182876891531713]]]}, "properties": {"db_hole_id": 654, "course_id": 37, "course": "Diamond Bay Golf & Villas — Championship", "facility": "Diamond Bay Golf & Villas", "hole_number": 6, "par": 4, "length_m": 372.0, "coords_source": "SEED", "todo": "draw: green, fairway, bunker, water, ob", "centroid": "12.185275675574566,109.17480000014446"}}, {"type": "Feature", "geometry": {"type": "Polygon", "coordinates": [[[109.17486494791414, 12.183476891252177], [109.17486494791414, 12.189499685061325], [109.1763350523747, 12.189499685061325], [109.1763350523747, 12.183476891252177], [109.17486494791414, 12.183476891252177]]]}, "properties": {"db_hole_id": 655, "course_id": 37, "course": "Diamond Bay Golf & Villas — Championship", "facility": "Diamond Bay Golf & Villas", "hole_number": 7, "par": 5, "length_m": 508.0, "coords_source": "SEED", "todo": "draw: green, fairway, bunker, water, ob", "centroid": "12.18648828815675,109.17560000014443"}}, {"type": "Feature", "geometry": {"type": "Polygon", "coordinates": [[[109.17566495411445, 12.184076890972788], [109.17566495411445, 12.187135721523887], [109.17713504617424, 12.187135721523887], [109.17713504617424, 12.184076890972788], [109.17566495411445, 12.184076890972788]]]}, "properties": {"db_hole_id": 656, "course_id": 37, "course": "Diamond Bay Golf & Villas — Championship", "facility": "Diamond Bay Golf & Villas", "hole_number": 8, "par": 3, "length_m": 179.0, "coords_source": "SEED", "todo": "draw: green, fairway, bunker, water, ob", "centroid": "12.185606306248339,109.17640000014435"}}, {"type": "Feature", "geometry": {"type": "Polygon", "coordinates": [[[109.17646494720616, 12.18467689069353], [109.17646494720616, 12.189528514506911], [109.17793505308241, 12.189528514506911], [109.17793505308241, 12.18467689069353], [109.17646494720616, 12.18467689069353]]]}, "properties": {"db_hole_id": 657, "course_id": 37, "course": "Diamond Bay Golf & Villas — Championship", "facility": "Diamond Bay Golf & Villas", "hole_number": 9, "par": 4, "length_m": 378.0, "coords_source": "SEED", "todo": "draw: green, fairway, bunker, water, ob", "centroid": "12.18710270260022,109.17720000014427"}}, {"type": "Feature", "geometry": {"type": "Polygon", "coordinates": [[[109.17726494518872, 12.185276890414412], [109.17726494518872, 12.190146532803132], [109.17873505509971, 12.190146532803132], [109.17873505509971, 12.185276890414412], [109.17726494518872, 12.185276890414412]]]}, "properties": {"db_hole_id": 658, "course_id": 37, "course": "Diamond Bay Golf & Villas — Championship", "facility": "Diamond Bay Golf & Villas", "hole_number": 10, "par": 4, "length_m": 380.0, "coords_source": "SEED", "todo": "draw: green, fairway, bunker, water, ob", "centroid": "12.18771171160877,109.17800000014422"}}, {"type": "Feature", "geometry": {"type": "Polygon", "coordinates": [[[109.17806494317135, 12.18587689013544], [109.17806494317135, 12.190764551099212], [109.17953505711696, 12.190764551099212], [109.17953505711696, 12.18587689013544], [109.17806494317135, 12.18587689013544]]]}, "properties": {"db_hole_id": 659, "course_id": 37, "course": "Diamond Bay Golf & Villas — Championship", "facility": "Diamond Bay Golf & Villas", "hole_number": 11, "par": 4, "length_m": 382.0, "coords_source": "SEED", "todo": "draw: green, fairway, bunker, water, ob", "centroid": "12.188320720617325,109.17880000014416"}}, {"type": "Feature", "geometry": {"type": "Polygon", "coordinates": [[[109.1788649459466, 12.186476889856605], [109.1788649459466, 12.189643830742764], [109.18033505434163, 12.189643830742764], [109.18033505434163, 12.186476889856605], [109.1788649459466, 12.186476889856605]]]}, "properties": {"db_hole_id": 660, "course_id": 37, "course": "Diamond Bay Golf & Villas — Championship", "facility": "Diamond Bay Golf & Villas", "hole_number": 12, "par": 3, "length_m": 191.0, "coords_source": "SEED", "todo": "draw: green, fairway, bunker, water, ob", "centroid": "12.188060360299684,109.17960000014412"}}, {"type": "Feature", "geometry": {"type": "Polygon", "coordinates": [[[109.17966493551057, 12.187076889577906], [109.17966493551057, 12.193315902940926], [109.18113506477751, 12.193315902940926], [109.18113506477751, 12.187076889577906], [109.17966493551057, 12.187076889577906]]]}, "properties": {"db_hole_id": 661, "course_id": 37, "course": "Diamond Bay Golf & Villas — Championship", "facility": "Diamond Bay Golf & Villas", "hole_number": 13, "par": 5, "length_m": 532.0, "coords_source": "SEED", "todo": "draw: green, fairway, bunker, water, ob", "centroid": "12.190196396259417,109.18040000014403"}}, {"type": "Feature", "geometry": {"type": "Polygon", "coordinates": [[[109.18046493711948, 12.18767688929935], [109.18046493711948, 12.192618605986608], [109.18193506316845, 12.192618605986608], [109.18193506316845, 12.18767688929935], [109.18046493711948, 12.18767688929935]]]}, "properties": {"db_hole_id": 662, "course_id": 37, "course": "Diamond Bay Golf & Villas — Championship", "facility": "Diamond Bay Golf & Villas", "hole_number": 14, "par": 4, "length_m": 388.0, "coords_source": "SEED", "todo": "draw: green, fairway, bunker, water, ob", "centroid": "12.190147747642978,109.18120000014396"}}, {"type": "Feature", "geometry": {"type": "Polygon", "coordinates": [[[109.18126493510229, 12.188276889020937], [109.18126493510229, 12.193236624282125], [109.18273506518554, 12.193236624282125], [109.18273506518554, 12.188276889020937], [109.18126493510229, 12.188276889020937]]]}, "properties": {"db_hole_id": 663, "course_id": 37, "course": "Diamond Bay Golf & Villas — Championship", "facility": "Diamond Bay Golf & Villas", "hole_number": 15, "par": 4, "length_m": 390.0, "coords_source": "SEED", "todo": "draw: green, fairway, bunker, water, ob", "centroid": "12.190756756651531,109.1820000001439"}}, {"type": "Feature", "geometry": {"type": "Polygon", "coordinates": [[[109.18206493777939, 12.188876888742662], [109.18206493777939, 12.192151939959398], [109.1835350625083, 12.192151939959398], [109.1835350625083, 12.188876888742662], [109.18206493777939, 12.188876888742662]]]}, "properties": {"db_hole_id": 664, "course_id": 37, "course": "Diamond Bay Golf & Villas — Championship", "facility": "Diamond Bay Golf & Villas", "hole_number": 16, "par": 3, "length_m": 203.0, "coords_source": "SEED", "todo": "draw: green, fairway, bunker, water, ob", "centroid": "12.190514414351028,109.18280000014384"}}, {"type": "Feature", "geometry": {"type": "Polygon", "coordinates": [[[109.18286493106802, 12.189476888464522], [109.18286493106802, 12.19447266087274], [109.18433506921953, 12.19447266087274], [109.18433506921953, 12.189476888464522], [109.18286493106802, 12.189476888464522]]]}, "properties": {"db_hole_id": 665, "course_id": 37, "course": "Diamond Bay Golf & Villas — Championship", "facility": "Diamond Bay Golf & Villas", "hole_number": 17, "par": 4, "length_m": 394.0, "coords_source": "SEED", "todo": "draw: green, fairway, bunker, water, ob", "centroid": "12.191974774668632,109.18360000014376"}}, {"type": "Feature", "geometry": {"type": "Polygon", "coordinates": [[[109.18366492517538, 12.190076888186528], [109.18366492517538, 12.196496084503401], [109.18513507511204, 12.196496084503401], [109.18513507511204, 12.190076888186528], [109.18366492517538, 12.190076888186528]]]}, "properties": {"db_hole_id": 666, "course_id": 37, "course": "Diamond Bay Golf & Villas — Championship", "facility": "Diamond Bay Golf & Villas", "hole_number": 18, "par": 5, "length_m": 552.0, "coords_source": "SEED", "todo": "draw: green, fairway, bunker, water, ob", "centroid": "12.193286486344965,109.18440000014371"}}, {"type": "Feature", "geometry": {"type": "Polygon", "coordinates": [[[107.00726818000568, 10.97527690929821], [107.00726818000568, 10.980146513940879], [107.00873181967646, 10.980146513940879], [107.00873181967646, 10.97527690929821], [107.00726818000568, 10.97527690929821]]]}, "properties": {"db_hole_id": 784, "course_id": 44, "course": "Đồng Nai Golf Resort — Championship", "facility": "Đồng Nai Golf Resort", "hole_number": 10, "par": 4, "length_m": 380.0, "coords_source": "SEED", "todo": "draw: green, fairway, bunker, water, ob", "centroid": "10.977711711619545,107.00799999984106"}}, {"type": "Feature", "geometry": {"type": "Polygon", "coordinates": [[[107.00806817882972, 10.975876909668294], [107.00806817882972, 10.980764531588012], [107.00953182085227, 10.980764531588012], [107.00953182085227, 10.975876909668294], [107.00806817882972, 10.975876909668294]]]}, "properties": {"db_hole_id": 785, "course_id": 44, "course": "Đồng Nai Golf Resort — Championship", "facility": "Đồng Nai Golf Resort", "hole_number": 11, "par": 4, "length_m": 382.0, "coords_source": "SEED", "todo": "draw: green, fairway, bunker, water, ob", "centroid": "10.978320720628153,107.00879999984099"}}, {"type": "Feature", "geometry": {"type": "Polygon", "coordinates": [[[107.00886818193993, 10.976476910038517], [107.00886818193993, 10.979643810573574], [107.01033181774196, 10.979643810573574], [107.01033181774196, 10.976476910038517], [107.00886818193993, 10.976476910038517]]]}, "properties": {"db_hole_id": 786, "course_id": 44, "course": "Đồng Nai Golf Resort — Championship", "facility": "Đồng Nai Golf Resort", "hole_number": 12, "par": 3, "length_m": 191.0, "coords_source": "SEED", "todo": "draw: green, fairway, bunker, water, ob", "centroid": "10.978060360306047,107.00959999984094"}}, {"type": "Feature", "geometry": {"type": "Polygon", "coordinates": [[[107.00966817323494, 10.977076910408877], [107.00966817323494, 10.983315882138692], [107.01113182644681, 10.983315882138692], [107.01113182644681, 10.977076910408877], [107.00966817323494, 10.977076910408877]]]}, "properties": {"db_hole_id": 787, "course_id": 44, "course": "Đồng Nai Golf Resort — Championship", "facility": "Đồng Nai Golf Resort", "hole_number": 13, "par": 5, "length_m": 532.0, "coords_source": "SEED", "todo": "draw: green, fairway, bunker, water, ob", "centroid": "10.980196396273785,107.01039999984087"}}, {"type": "Feature", "geometry": {"type": "Polygon", "coordinates": [[[107.01046817530215, 10.977676910779373], [107.01046817530215, 10.98261858452859], [107.01193182437949, 10.98261858452859], [107.01193182437949, 10.977676910779373], [107.01046817530215, 10.977676910779373]]]}, "properties": {"db_hole_id": 788, "course_id": 44, "course": "Đồng Nai Golf Resort — Championship", "facility": "Đồng Nai Golf Resort", "hole_number": 14, "par": 4, "length_m": 388.0, "coords_source": "SEED", "todo": "draw: green, fairway, bunker, water, ob", "centroid": "10.98014774765398,107.0111999998408"}}, {"type": "Feature", "geometry": {"type": "Polygon", "coordinates": [[[107.01126817412637, 10.97827691115], [107.01126817412637, 10.983236602175174], [107.01273182555512, 10.983236602175174], [107.01273182555512, 10.97827691115], [107.01126817412637, 10.97827691115]]]}, "properties": {"db_hole_id": 789, "course_id": 44, "course": "Đồng Nai Golf Resort — Championship", "facility": "Đồng Nai Golf Resort", "hole_number": 15, "par": 4, "length_m": 390.0, "coords_source": "SEED", "todo": "draw: green, fairway, bunker, water, ob", "centroid": "10.980756756662586,107.01199999984074"}}, {"type": "Feature", "geometry": {"type": "Polygon", "coordinates": [[[107.01206817714893, 10.978876911520764], [107.01206817714893, 10.982151917194626], [107.01353182253243, 10.982151917194626], [107.01353182253243, 10.978876911520764], [107.01206817714893, 10.978876911520764]]]}, "properties": {"db_hole_id": 790, "course_id": 44, "course": "Đồng Nai Golf Resort — Championship", "facility": "Đồng Nai Golf Resort", "hole_number": 16, "par": 3, "length_m": 203.0, "coords_source": "SEED", "todo": "draw: green, fairway, bunker, water, ob", "centroid": "10.980514414357694,107.01279999984067"}}, {"type": "Feature", "geometry": {"type": "Polygon", "coordinates": [[[107.01286817177497, 10.979476911891659], [107.01286817177497, 10.984472637467947], [107.01433182790628, 10.984472637467947], [107.01433182790628, 10.979476911891659], [107.01286817177497, 10.979476911891659]]]}, "properties": {"db_hole_id": 791, "course_id": 44, "course": "Đồng Nai Golf Resort — Championship", "facility": "Đồng Nai Golf Resort", "hole_number": 17, "par": 4, "length_m": 394.0, "coords_source": "SEED", "todo": "draw: green, fairway, bunker, water, ob", "centroid": "10.981974774679802,107.01359999984061"}}, {"type": "Feature", "geometry": {"type": "Polygon", "coordinates": [[[107.01366816713313, 10.980076912262696], [107.01366816713313, 10.986496060457043], [107.01513183254797, 10.986496060457043], [107.01513183254797, 10.980076912262696], [107.01366816713313, 10.980076912262696]]]}, "properties": {"db_hole_id": 792, "course_id": 44, "course": "Đồng Nai Golf Resort — Championship", "facility": "Đồng Nai Golf Resort", "hole_number": 18, "par": 5, "length_m": 552.0, "coords_source": "SEED", "todo": "draw: green, fairway, bunker, water, ob", "centroid": "10.98328648635987,107.01439999984055"}}, {"type": "Feature", "geometry": {"type": "Polygon", "coordinates": [[[107.0800309235072, 20.94987756201749], [107.0800309235072, 20.954583698929], [107.08156907616383, 20.954583698929], [107.08156907616383, 20.94987756201749], [107.0800309235072, 20.94987756201749]]]}, "properties": {"db_hole_id": 415, "course_id": 24, "course": "FLC Hạ Long Golf Club — Championship", "facility": "FLC Hạ Long Golf Club", "hole_number": 1, "par": 4, "length_m": 362.0, "coords_source": "SEED", "todo": "draw: green, fairway, bunker, water, ob", "centroid": "20.952230630473245,107.0807999998355"}}, {"type": "Feature", "geometry": {"type": "Polygon", "coordinates": [[[107.08083091497176, 20.95047756238643], [107.08083091497176, 20.956318833605522], [107.08236908469912, 20.956318833605522], [107.08236908469912, 20.95047756238643], [107.08083091497176, 20.95047756238643]]]}, "properties": {"db_hole_id": 416, "course_id": 24, "course": "FLC Hạ Long Golf Club — Championship", "facility": "FLC Hạ Long Golf Club", "hole_number": 2, "par": 5, "length_m": 488.0, "coords_source": "SEED", "todo": "draw: green, fairway, bunker, water, ob", "centroid": "20.953398197995973,107.08159999983543"}}, {"type": "Feature", "geometry": {"type": "Polygon", "coordinates": [[[107.08163091786777, 20.951077562755472], [107.08163091786777, 20.95581973422423], [107.08316908180298, 20.95581973422423], [107.08316908180298, 20.951077562755472], [107.08163091786777, 20.951077562755472]]]}, "properties": {"db_hole_id": 417, "course_id": 24, "course": "FLC Hạ Long Golf Club — Championship", "facility": "FLC Hạ Long Golf Club", "hole_number": 3, "par": 4, "length_m": 366.0, "coords_source": "SEED", "todo": "draw: green, fairway, bunker, water, ob", "centroid": "20.953448648489854,107.08239999983537"}}, {"type": "Feature", "geometry": {"type": "Polygon", "coordinates": [[[107.08243092431296, 20.951677563124633], [107.08243092431296, 20.954626941203923], [107.0839690753577, 20.954626941203923], [107.0839690753577, 20.951677563124633], [107.08243092431296, 20.951677563124633]]]}, "properties": {"db_hole_id": 418, "course_id": 24, "course": "FLC Hạ Long Golf Club — Championship", "facility": "FLC Hạ Long Golf Club", "hole_number": 4, "par": 3, "length_m": 167.0, "coords_source": "SEED", "todo": "draw: green, fairway, bunker, water, ob", "centroid": "20.95315225216428,107.08319999983532"}}, {"type": "Feature", "geometry": {"type": "Polygon", "coordinates": [[[107.08323091222842, 20.952277563493922], [107.08323091222842, 20.957055769518988], [107.08476908744211, 20.957055769518988], [107.08476908744211, 20.952277563493922], [107.08323091222842, 20.952277563493922]]]}, "properties": {"db_hole_id": 419, "course_id": 24, "course": "FLC Hạ Long Golf Club — Championship", "facility": "FLC Hạ Long Golf Club", "hole_number": 5, "par": 4, "length_m": 370.0, "coords_source": "SEED", "todo": "draw: green, fairway, bunker, water, ob", "centroid": "20.954666666506455,107.08399999983526"}}, {"type": "Feature", "geometry": {"type": "Polygon", "coordinates": [[[107.08403090940875, 20.95287756386333], [107.08403090940875, 20.957673787166183], [107.08556909026164, 20.957673787166183], [107.08556909026164, 20.95287756386333], [107.08403090940875, 20.95287756386333]]]}, "properties": {"db_hole_id": 420, "course_id": 24, "course": "FLC Hạ Long Golf Club — Championship", "facility": "FLC Hạ Long Golf Club", "hole_number": 6, "par": 4, "length_m": 372.0, "coords_source": "SEED", "todo": "draw: green, fairway, bunker, water, ob", "centroid": "20.955275675514756,107.0847999998352"}}, {"type": "Feature", "geometry": {"type": "Polygon", "coordinates": [[[107.08483090041129, 20.953477564232863], [107.08483090041129, 20.959499011925086], [107.08636909925896, 20.959499011925086], [107.08636909925896, 20.953477564232863], [107.08483090041129, 20.953477564232863]]]}, "properties": {"db_hole_id": 421, "course_id": 24, "course": "FLC Hạ Long Golf Club — Championship", "facility": "FLC Hạ Long Golf Club", "hole_number": 7, "par": 5, "length_m": 508.0, "coords_source": "SEED", "todo": "draw: green, fairway, bunker, water, ob", "centroid": "20.956488288078972,107.08559999983513"}}, {"type": "Feature", "geometry": {"type": "Polygon", "coordinates": [[[107.0856309128513, 20.9540775646025], [107.0856309128513, 20.957135047825652], [107.08716908681882, 20.957135047825652], [107.08716908681882, 20.9540775646025], [107.0856309128513, 20.9540775646025]]]}, "properties": {"db_hole_id": 422, "course_id": 24, "course": "FLC Hạ Long Golf Club — Championship", "facility": "FLC Hạ Long Golf Club", "hole_number": 8, "par": 3, "length_m": 179.0, "coords_source": "SEED", "todo": "draw: green, fairway, bunker, water, ob", "centroid": "20.955606306214072,107.08639999983507"}}, {"type": "Feature", "geometry": {"type": "Polygon", "coordinates": [[[107.08643090094985, 20.954677564972265], [107.08643090094985, 20.959527840107068], [107.08796909872017, 20.959527840107068], [107.08796909872017, 20.954677564972265], [107.08643090094985, 20.954677564972265]]]}, "properties": {"db_hole_id": 423, "course_id": 24, "course": "FLC Hạ Long Golf Club — Championship", "facility": "FLC Hạ Long Golf Club", "hole_number": 9, "par": 4, "length_m": 378.0, "coords_source": "SEED", "todo": "draw: green, fairway, bunker, water, ob", "centroid": "20.957102702539665,107.087199999835"}}, {"type": "Feature", "geometry": {"type": "Polygon", "coordinates": [[[107.08723089813023, 20.955277565342143], [107.08723089813023, 20.960145857753783], [107.08876910153965, 20.960145857753783], [107.08876910153965, 20.955277565342143], [107.08723089813023, 20.955277565342143]]]}, "properties": {"db_hole_id": 424, "course_id": 24, "course": "FLC Hạ Long Golf Club — Championship", "facility": "FLC Hạ Long Golf Club", "hole_number": 10, "par": 4, "length_m": 380.0, "coords_source": "SEED", "todo": "draw: green, fairway, bunker, water, ob", "centroid": "20.95771171154797,107.08799999983493"}}, {"type": "Feature", "geometry": {"type": "Polygon", "coordinates": [[[107.08803089531064, 20.955877565712143], [107.08803089531064, 20.96076387540038], [107.0895691043591, 20.96076387540038], [107.0895691043591, 20.955877565712143], [107.08803089531064, 20.955877565712143]]]}, "properties": {"db_hole_id": 425, "course_id": 24, "course": "FLC Hạ Long Golf Club — Championship", "facility": "FLC Hạ Long Golf Club", "hole_number": 11, "par": 4, "length_m": 382.0, "coords_source": "SEED", "todo": "draw: green, fairway, bunker, water, ob", "centroid": "20.958320720556262,107.08879999983488"}}, {"type": "Feature", "geometry": {"type": "Polygon", "coordinates": [[[107.08883090138983, 20.956477566082267], [107.08883090138983, 20.959643154445477], [107.09036909827981, 20.959643154445477], [107.09036909827981, 20.956477566082267], [107.08883090138983, 20.956477566082267]]]}, "properties": {"db_hole_id": 426, "course_id": 24, "course": "FLC Hạ Long Golf Club — Championship", "facility": "FLC Hạ Long Golf Club", "hole_number": 12, "par": 3, "length_m": 191.0, "coords_source": "SEED", "todo": "draw: green, fairway, bunker, water, ob", "centroid": "20.95806036026387,107.08959999983482"}}, {"type": "Feature", "geometry": {"type": "Polygon", "coordinates": [[[107.08963088293893, 20.95707756645252], [107.08963088293893, 20.963315225904655], [107.09116911673058, 20.963315225904655], [107.09116911673058, 20.95707756645252], [107.08963088293893, 20.95707756645252]]]}, "properties": {"db_hole_id": 427, "course_id": 24, "course": "FLC Hạ Long Golf Club — Championship", "facility": "FLC Hạ Long Golf Club", "hole_number": 13, "par": 5, "length_m": 532.0, "coords_source": "SEED", "todo": "draw: green, fairway, bunker, water, ob", "centroid": "20.96019639617859,107.09039999983474"}}, {"type": "Feature", "geometry": {"type": "Polygon", "coordinates": [[[107.09043088685193, 20.957677566822877], [107.09043088685193, 20.96261792833949], [107.09196911281745, 20.96261792833949], [107.09196911281745, 20.957677566822877], [107.09043088685193, 20.957677566822877]]]}, "properties": {"db_hole_id": 428, "course_id": 24, "course": "FLC Hạ Long Golf Club — Championship", "facility": "FLC Hạ Long Golf Club", "hole_number": 14, "par": 4, "length_m": 388.0, "coords_source": "SEED", "todo": "draw: green, fairway, bunker, water, ob", "centroid": "20.960147747581182,107.0911999998347"}}, {"type": "Feature", "geometry": {"type": "Polygon", "coordinates": [[[107.0912308840324, 20.958277567193356], [107.0912308840324, 20.963235945985613], [107.09276911563686, 20.963235945985613], [107.09276911563686, 20.958277567193356], [107.0912308840324, 20.958277567193356]]]}, "properties": {"db_hole_id": 429, "course_id": 24, "course": "FLC Hạ Long Golf Club — Championship", "facility": "FLC Hạ Long Golf Club", "hole_number": 15, "par": 4, "length_m": 390.0, "coords_source": "SEED", "todo": "draw: green, fairway, bunker, water, ob", "centroid": "20.960756756589486,107.09199999983463"}}, {"type": "Feature", "geometry": {"type": "Polygon", "coordinates": [[[107.0920308899285, 20.958877567563952], [107.0920308899285, 20.96215126106339], [107.09356910974063, 20.96215126106339], [107.09356910974063, 20.958877567563952], [107.0920308899285, 20.958877567563952]]]}, "properties": {"db_hole_id": 430, "course_id": 24, "course": "FLC Hạ Long Golf Club — Championship", "facility": "FLC Hạ Long Golf Club", "hole_number": 16, "par": 3, "length_m": 203.0, "coords_source": "SEED", "todo": "draw: green, fairway, bunker, water, ob", "centroid": "20.96051441431367,107.09279999983455"}}, {"type": "Feature", "geometry": {"type": "Polygon", "coordinates": [[[107.09283087839334, 20.95947756793467], [107.09283087839334, 20.964471981277505], [107.09436912127563, 20.964471981277505], [107.09436912127563, 20.95947756793467], [107.09283087839334, 20.95947756793467]]]}, "properties": {"db_hole_id": 431, "course_id": 24, "course": "FLC Hạ Long Golf Club — Championship", "facility": "FLC Hạ Long Golf Club", "hole_number": 17, "par": 4, "length_m": 394.0, "coords_source": "SEED", "todo": "draw: green, fairway, bunker, water, ob", "centroid": "20.961974774606087,107.0935999998345"}}, {"type": "Feature", "geometry": {"type": "Polygon", "coordinates": [[[107.09363086837881, 20.960077568305504], [107.09363086837881, 20.966495404217678], [107.09516913129006, 20.966495404217678], [107.09516913129006, 20.960077568305504], [107.09363086837881, 20.960077568305504]]]}, "properties": {"db_hole_id": 432, "course_id": 24, "course": "FLC Hạ Long Golf Club — Championship", "facility": "FLC Hạ Long Golf Club", "hole_number": 18, "par": 5, "length_m": 552.0, "coords_source": "SEED", "todo": "draw: green, fairway, bunker, water, ob", "centroid": "20.96328648626159,107.09439999983445"}}, {"type": "Feature", "geometry": {"type": "Polygon", "coordinates": [[[105.90003653132091, 19.73987712349503], [105.90003653132091, 19.744584137449017], [105.90156346853657, 19.744584137449017], [105.90156346853657, 19.73987712349503], [105.90003653132091, 19.73987712349503]]]}, "properties": {"db_hole_id": 451, "course_id": 26, "course": "FLC Sầm Sơn Golf Links — Championship", "facility": "FLC Sầm Sơn Golf Links", "hole_number": 1, "par": 4, "length_m": 362.0, "coords_source": "SEED", "todo": "draw: green, fairway, bunker, water, ob", "centroid": "19.742230630472022,105.90079999992875"}}, {"type": "Feature", "geometry": {"type": "Polygon", "coordinates": [[[105.90083652321884, 19.740477123684297], [105.90083652321884, 19.746319272304504], [105.9023634766385, 19.746319272304504], [105.9023634766385, 19.740477123684297], [105.90083652321884, 19.740477123684297]]]}, "properties": {"db_hole_id": 452, "course_id": 26, "course": "FLC Sầm Sơn Golf Links — Championship", "facility": "FLC Sầm Sơn Golf Links", "hole_number": 2, "par": 5, "length_m": 488.0, "coords_source": "SEED", "todo": "draw: green, fairway, bunker, water, ob", "centroid": "19.743398197994402,105.90159999992868"}}, {"type": "Feature", "geometry": {"type": "Polygon", "coordinates": [[[105.90163652574189, 19.741077123873676], [105.90163652574189, 19.74582017310354], [105.90316347411532, 19.74582017310354], [105.90316347411532, 19.741077123873676], [105.90163652574189, 19.741077123873676]]]}, "properties": {"db_hole_id": 453, "course_id": 26, "course": "FLC Sầm Sơn Golf Links — Championship", "facility": "FLC Sầm Sơn Golf Links", "hole_number": 3, "par": 4, "length_m": 366.0, "coords_source": "SEED", "todo": "draw: green, fairway, bunker, water, ob", "centroid": "19.74344864848861,105.9023999999286"}}, {"type": "Feature", "geometry": {"type": "Polygon", "coordinates": [[[105.90243653156378, 19.74167712406319], [105.90243653156378, 19.744627380263974], [105.90396346829331, 19.744627380263974], [105.90396346829331, 19.74167712406319], [105.90243653156378, 19.74167712406319]]]}, "properties": {"db_hole_id": 454, "course_id": 26, "course": "FLC Sầm Sơn Golf Links — Championship", "facility": "FLC Sầm Sơn Golf Links", "hole_number": 4, "par": 3, "length_m": 167.0, "coords_source": "SEED", "todo": "draw: green, fairway, bunker, water, ob", "centroid": "19.743152252163583,105.90319999992855"}}, {"type": "Feature", "geometry": {"type": "Polygon", "coordinates": [[[105.90323652016299, 19.742277124252812], [105.90323652016299, 19.747056208757563], [105.904763479694, 19.747056208757563], [105.904763479694, 19.742277124252812], [105.90323652016299, 19.742277124252812]]]}, "properties": {"db_hole_id": 455, "course_id": 26, "course": "FLC Sầm Sơn Golf Links — Championship", "facility": "FLC Sầm Sơn Golf Links", "hole_number": 5, "par": 4, "length_m": 370.0, "coords_source": "SEED", "todo": "draw: green, fairway, bunker, water, ob", "centroid": "19.74466666650519,105.90399999992849"}}, {"type": "Feature", "geometry": {"type": "Polygon", "coordinates": [[[105.90403651737354, 19.742877124442575], [105.90403651737354, 19.747674226584394], [105.9055634824833, 19.747674226584394], [105.9055634824833, 19.742877124442575], [105.90403651737354, 19.742877124442575]]]}, "properties": {"db_hole_id": 456, "course_id": 26, "course": "FLC Sầm Sơn Golf Links — Championship", "facility": "FLC Sầm Sơn Golf Links", "hole_number": 6, "par": 4, "length_m": 372.0, "coords_source": "SEED", "todo": "draw: green, fairway, bunker, water, ob", "centroid": "19.745275675513483,105.9047999999284"}}, {"type": "Feature", "geometry": {"type": "Polygon", "coordinates": [[[105.90483650884205, 19.743477124632452], [105.90483650884205, 19.74949945152218], [105.90636349101466, 19.74949945152218], [105.90636349101466, 19.743477124632452], [105.90483650884205, 19.743477124632452]]]}, "properties": {"db_hole_id": 457, "course_id": 26, "course": "FLC Sầm Sơn Golf Links — Championship", "facility": "FLC Sầm Sơn Golf Links", "hole_number": 7, "par": 5, "length_m": 508.0, "coords_source": "SEED", "todo": "draw: green, fairway, bunker, water, ob", "centroid": "19.746488288077316,105.90559999992837"}}, {"type": "Feature", "geometry": {"type": "Polygon", "coordinates": [[[105.905636520236, 19.74407712482245], [105.905636520236, 19.747135487604204], [105.90716347962058, 19.747135487604204], [105.90716347962058, 19.74407712482245], [105.905636520236, 19.74407712482245]]]}, "properties": {"db_hole_id": 458, "course_id": 26, "course": "FLC Sầm Sơn Golf Links — Championship", "facility": "FLC Sầm Sơn Golf Links", "hole_number": 8, "par": 3, "length_m": 179.0, "coords_source": "SEED", "todo": "draw: green, fairway, bunker, water, ob", "centroid": "19.745606306213325,105.90639999992828"}}, {"type": "Feature", "geometry": {"type": "Polygon", "coordinates": [[[105.90643650900536, 19.744677125012593], [105.90643650900536, 19.749528280064123], [105.90796349085109, 19.749528280064123], [105.90796349085109, 19.744677125012593], [105.90643650900536, 19.744677125012593]]]}, "properties": {"db_hole_id": 459, "course_id": 26, "course": "FLC Sầm Sơn Golf Links — Championship", "facility": "FLC Sầm Sơn Golf Links", "hole_number": 9, "par": 4, "length_m": 378.0, "coords_source": "SEED", "todo": "draw: green, fairway, bunker, water, ob", "centroid": "19.747102702538356,105.90719999992821"}}, {"type": "Feature", "geometry": {"type": "Polygon", "coordinates": [[[105.90723650621602, 19.745277125202843], [105.90723650621602, 19.75014629789045], [105.90876349364031, 19.75014629789045], [105.90876349364031, 19.745277125202843], [105.90723650621602, 19.745277125202843]]]}, "properties": {"db_hole_id": 460, "course_id": 26, "course": "FLC Sầm Sơn Golf Links — Championship", "facility": "FLC Sầm Sơn Golf Links", "hole_number": 10, "par": 4, "length_m": 380.0, "coords_source": "SEED", "todo": "draw: green, fairway, bunker, water, ob", "centroid": "19.747711711546646,105.90799999992817"}}, {"type": "Feature", "geometry": {"type": "Polygon", "coordinates": [[[105.90803650342667, 19.745877125393218], [105.90803650342667, 19.75076431571665], [105.90956349642951, 19.75076431571665], [105.90956349642951, 19.745877125393218], [105.90803650342667, 19.745877125393218]]]}, "properties": {"db_hole_id": 461, "course_id": 26, "course": "FLC Sầm Sơn Golf Links — Championship", "facility": "FLC Sầm Sơn Golf Links", "hole_number": 11, "par": 4, "length_m": 382.0, "coords_source": "SEED", "todo": "draw: green, fairway, bunker, water, ob", "centroid": "19.748320720554936,105.9087999999281"}}, {"type": "Feature", "geometry": {"type": "Polygon", "coordinates": [[[105.90883650890851, 19.74647712558373], [105.90883650890851, 19.749643594942434], [105.91036349094757, 19.749643594942434], [105.91036349094757, 19.74647712558373], [105.90883650890851, 19.74647712558373]]]}, "properties": {"db_hole_id": 462, "course_id": 26, "course": "FLC Sầm Sơn Golf Links — Championship", "facility": "FLC Sầm Sơn Golf Links", "hole_number": 12, "par": 3, "length_m": 191.0, "coords_source": "SEED", "todo": "draw: green, fairway, bunker, water, ob", "centroid": "19.748060360263086,105.90959999992805"}}, {"type": "Feature", "geometry": {"type": "Polygon", "coordinates": [[[105.90963649159032, 19.747077125774364], [105.90963649159032, 19.75331566657926], [105.91116350826562, 19.75331566657926], [105.91116350826562, 19.747077125774364], [105.90963649159032, 19.747077125774364]]]}, "properties": {"db_hole_id": 463, "course_id": 26, "course": "FLC Sầm Sơn Golf Links — Championship", "facility": "FLC Sầm Sơn Golf Links", "hole_number": 13, "par": 5, "length_m": 532.0, "coords_source": "SEED", "todo": "draw: green, fairway, bunker, water, ob", "centroid": "19.750196396176815,105.91039999992796"}}, {"type": "Feature", "geometry": {"type": "Polygon", "coordinates": [[[105.91043649505882, 19.74767712596511], [105.91043649505882, 19.75261836919451], [105.91196350479701, 19.75261836919451], [105.91196350479701, 19.74767712596511], [105.91043649505882, 19.74767712596511]]]}, "properties": {"db_hole_id": 464, "course_id": 26, "course": "FLC Sầm Sơn Golf Links — Championship", "facility": "FLC Sầm Sơn Golf Links", "hole_number": 14, "par": 4, "length_m": 388.0, "coords_source": "SEED", "todo": "draw: green, fairway, bunker, water, ob", "centroid": "19.75014774757981,105.91119999992792"}}, {"type": "Feature", "geometry": {"type": "Polygon", "coordinates": [[[105.91123649226957, 19.74827712615599], [105.91123649226957, 19.753236387020216], [105.91276350758615, 19.753236387020216], [105.91276350758615, 19.74827712615599], [105.91123649226957, 19.74827712615599]]]}, "properties": {"db_hole_id": 465, "course_id": 26, "course": "FLC Sầm Sơn Golf Links — Championship", "facility": "FLC Sầm Sơn Golf Links", "hole_number": 15, "par": 4, "length_m": 390.0, "coords_source": "SEED", "todo": "draw: green, fairway, bunker, water, ob", "centroid": "19.750756756588103,105.91199999992786"}}, {"type": "Feature", "geometry": {"type": "Polygon", "coordinates": [[[105.9120364975813, 19.748877126346994], [105.9120364975813, 19.75215170227867], [105.91356350227429, 19.75215170227867], [105.91356350227429, 19.748877126346994], [105.9120364975813, 19.748877126346994]]]}, "properties": {"db_hole_id": 466, "course_id": 26, "course": "FLC Sầm Sơn Golf Links — Championship", "facility": "FLC Sầm Sơn Golf Links", "hole_number": 16, "par": 3, "length_m": 203.0, "coords_source": "SEED", "todo": "draw: green, fairway, bunker, water, ob", "centroid": "19.75051441431283,105.9127999999278"}}, {"type": "Feature", "geometry": {"type": "Polygon", "coordinates": [[[105.91283648669112, 19.749477126538125], [105.91283648669112, 19.754472422671256], [105.91436351316432, 19.754472422671256], [105.91436351316432, 19.749477126538125], [105.91283648669112, 19.749477126538125]]]}, "properties": {"db_hole_id": 467, "course_id": 26, "course": "FLC Sầm Sơn Golf Links — Championship", "facility": "FLC Sầm Sơn Golf Links", "hole_number": 17, "par": 4, "length_m": 394.0, "coords_source": "SEED", "todo": "draw: green, fairway, bunker, water, ob", "centroid": "19.751974774604694,105.91359999992771"}}, {"type": "Feature", "geometry": {"type": "Polygon", "coordinates": [[[105.91363647721428, 19.750077126729376], [105.91363647721428, 19.75649584579008], [105.91516352264104, 19.75649584579008], [105.91516352264104, 19.750077126729376], [105.91363647721428, 19.750077126729376]]]}, "properties": {"db_hole_id": 468, "course_id": 26, "course": "FLC Sầm Sơn Golf Links — Championship", "facility": "FLC Sầm Sơn Golf Links", "hole_number": 18, "par": 5, "length_m": 552.0, "coords_source": "SEED", "todo": "draw: green, fairway, bunker, water, ob", "centroid": "19.75328648625973,105.91439999992765"}}, {"type": "Feature", "geometry": {"type": "Polygon", "coordinates": [[[106.66984331132217, 11.029852579123656], [106.66984331132217, 11.034560281955986], [106.67130748841332, 11.034560281955986], [106.67130748841332, 11.029852579123656], [106.66984331132217, 11.029852579123656]]]}, "properties": {"db_hole_id": 757, "course_id": 43, "course": "Harmonie Golf Park — Championship", "facility": "Harmonie Golf Park", "hole_number": 1, "par": 4, "length_m": 362.0, "coords_source": "derived:facility-offset", "todo": "draw: green, fairway, bunker, water, ob", "centroid": "11.032206430539821,106.67057539986773"}}, {"type": "Feature", "geometry": {"type": "Polygon", "coordinates": [[[106.67064330731208, 11.030452579436638], [106.67064330731208, 11.036295416726386], [106.67210749242328, 11.036295416726386], [106.67210749242328, 11.030452579436638], [106.67064330731208, 11.030452579436638]]]}, "properties": {"db_hole_id": 758, "course_id": 43, "course": "Harmonie Golf Park — Championship", "facility": "Harmonie Golf Park", "hole_number": 2, "par": 5, "length_m": 488.0, "coords_source": "derived:facility-offset", "todo": "draw: green, fairway, bunker, water, ob", "centroid": "11.033373998081512,106.67137539986767"}}, {"type": "Feature", "geometry": {"type": "Polygon", "coordinates": [[[106.67144330883796, 11.031052579749744], [106.67144330883796, 11.035796317364282], [106.67290749089724, 11.035796317364282], [106.67290749089724, 11.031052579749744], [106.67144330883796, 11.031052579749744]]]}, "properties": {"db_hole_id": 759, "course_id": 43, "course": "Harmonie Golf Park — Championship", "facility": "Harmonie Golf Park", "hole_number": 3, "par": 4, "length_m": 366.0, "coords_source": "derived:facility-offset", "todo": "draw: green, fairway, bunker, water, ob", "centroid": "11.033424448557012,106.6721753998676"}}, {"type": "Feature", "geometry": {"type": "Polygon", "coordinates": [[[106.60246771330178, 11.101676758853488], [106.60246771330178, 11.104627745548488], [106.60393228644435, 11.104627745548488], [106.60393228644435, 11.101676758853488], [106.60246771330178, 11.101676758853488]]]}, "properties": {"db_hole_id": 760, "course_id": 43, "course": "Harmonie Golf Park — Championship", "facility": "Harmonie Golf Park", "hole_number": 4, "par": 3, "length_m": 167.0, "coords_source": "SEED", "todo": "draw: green, fairway, bunker, water, ob", "centroid": "11.103152252200989,106.60319999987307"}}, {"type": "Feature", "geometry": {"type": "Polygon", "coordinates": [[[106.67384330511204, 11.032852580689909], [106.67384330511204, 11.037650370475708], [106.6753074946228, 11.037650370475708], [106.6753074946228, 11.032852580689909], [106.67384330511204, 11.032852580689909]]]}, "properties": {"db_hole_id": 762, "course_id": 43, "course": "Harmonie Golf Park — Championship", "facility": "Harmonie Golf Park", "hole_number": 6, "par": 4, "length_m": 372.0, "coords_source": "derived:facility-offset", "todo": "draw: green, fairway, bunker, water, ob", "centroid": "11.03525147558281,106.67457539986742"}}, {"type": "Feature", "geometry": {"type": "Polygon", "coordinates": [[[106.67464330087806, 11.033452581003568], [106.67464330087806, 11.039475595331403], [106.67610749885667, 11.039475595331403], [106.67610749885667, 11.033452581003568], [106.67464330087806, 11.033452581003568]]]}, "properties": {"db_hole_id": 763, "course_id": 43, "course": "Harmonie Golf Park — Championship", "facility": "Harmonie Golf Park", "hole_number": 7, "par": 5, "length_m": 508.0, "coords_source": "derived:facility-offset", "todo": "draw: green, fairway, bunker, water, ob", "centroid": "11.036464088167484,106.67537539986735"}}, {"type": "Feature", "geometry": {"type": "Polygon", "coordinates": [[[106.6754433070268, 11.034052581317365], [106.6754433070268, 11.037111631188777], [106.67690749270781, 11.037111631188777], [106.67690749270781, 11.034052581317365], [106.6754433070268, 11.034052581317365]]]}, "properties": {"db_hole_id": 764, "course_id": 43, "course": "Harmonie Golf Park — Championship", "facility": "Harmonie Golf Park", "hole_number": 8, "par": 3, "length_m": 179.0, "coords_source": "derived:facility-offset", "todo": "draw: green, fairway, bunker, water, ob", "centroid": "11.03558210625307,106.67617539986729"}}, {"type": "Feature", "geometry": {"type": "Polygon", "coordinates": [[[106.60726770119928, 11.105276760665102], [106.60726770119928, 11.110146662567441], [106.60873229854609, 11.110146662567441], [106.60873229854609, 11.105276760665102], [106.60726770119928, 11.105276760665102]]]}, "properties": {"db_hole_id": 766, "course_id": 43, "course": "Harmonie Golf Park — Championship", "facility": "Harmonie Golf Park", "hole_number": 10, "par": 4, "length_m": 380.0, "coords_source": "SEED", "todo": "draw: green, fairway, bunker, water, ob", "centroid": "11.107711711616272,106.60799999987269"}}, {"type": "Feature", "geometry": {"type": "Polygon", "coordinates": [[[106.60806769993513, 11.105876760967512], [106.60806769993513, 11.110764680282221], [106.60953229981007, 11.110764680282221], [106.60953229981007, 11.105876760967512], [106.60806769993513, 11.105876760967512]]]}, "properties": {"db_hole_id": 767, "course_id": 43, "course": "Harmonie Golf Park — Championship", "facility": "Harmonie Golf Park", "hole_number": 11, "par": 4, "length_m": 382.0, "coords_source": "SEED", "todo": "draw: green, fairway, bunker, water, ob", "centroid": "11.108320720624867,106.6087999998726"}}, {"type": "Feature", "geometry": {"type": "Polygon", "coordinates": [[[106.6088677030102, 11.106476761270065], [106.6088677030102, 11.109643959338165], [106.61033229673492, 11.109643959338165], [106.61033229673492, 11.106476761270065], [106.6088677030102, 11.106476761270065]]]}, "properties": {"db_hole_id": 768, "course_id": 43, "course": "Harmonie Golf Park — Championship", "facility": "Harmonie Golf Park", "hole_number": 12, "par": 3, "length_m": 191.0, "coords_source": "SEED", "todo": "draw: green, fairway, bunker, water, ob", "centroid": "11.108060360304115,106.60959999987256"}}, {"type": "Feature", "geometry": {"type": "Polygon", "coordinates": [[[106.60966769412394, 11.107076761572742], [106.60966769412394, 11.113316030966114], [106.61113230562106, 11.113316030966114], [106.61113230562106, 11.107076761572742], [106.60966769412394, 11.107076761572742]]]}, "properties": {"db_hole_id": 769, "course_id": 43, "course": "Harmonie Golf Park — Championship", "facility": "Harmonie Golf Park", "hole_number": 13, "par": 5, "length_m": 532.0, "coords_source": "SEED", "todo": "draw: green, fairway, bunker, water, ob", "centroid": "11.110196396269428,106.6103999998725"}}, {"type": "Feature", "geometry": {"type": "Polygon", "coordinates": [[[106.61046769614306, 11.107676761875565], [106.61046769614306, 11.11261873342573], [106.61193230360179, 11.11261873342573], [106.61193230360179, 11.107676761875565], [106.61046769614306, 11.107676761875565]]]}, "properties": {"db_hole_id": 770, "course_id": 43, "course": "Harmonie Golf Park — Championship", "facility": "Harmonie Golf Park", "hole_number": 14, "par": 4, "length_m": 388.0, "coords_source": "SEED", "todo": "draw: green, fairway, bunker, water, ob", "centroid": "11.110147747650647,106.61119999987243"}}, {"type": "Feature", "geometry": {"type": "Polygon", "coordinates": [[[106.61126769487913, 11.108276762178516], [106.61126769487913, 11.11323675113996], [106.6127323048656, 11.11323675113996], [106.6127323048656, 11.108276762178516], [106.61126769487913, 11.108276762178516]]]}, "properties": {"db_hole_id": 771, "course_id": 43, "course": "Harmonie Golf Park — Championship", "facility": "Harmonie Golf Park", "hole_number": 15, "par": 4, "length_m": 390.0, "coords_source": "SEED", "todo": "draw: green, fairway, bunker, water, ob", "centroid": "11.110756756659237,106.61199999987238"}}, {"type": "Feature", "geometry": {"type": "Polygon", "coordinates": [[[106.61206769786546, 11.108876762481612], [106.61206769786546, 11.112152066229747], [106.61353230187916, 11.112152066229747], [106.61353230187916, 11.108876762481612], [106.61206769786546, 11.108876762481612]]]}, "properties": {"db_hole_id": 772, "course_id": 43, "course": "Harmonie Golf Park — Championship", "facility": "Harmonie Golf Park", "hole_number": 16, "par": 3, "length_m": 203.0, "coords_source": "SEED", "todo": "draw: green, fairway, bunker, water, ob", "centroid": "11.11051441435568,106.61279999987231"}}, {"type": "Feature", "geometry": {"type": "Polygon", "coordinates": [[[106.6128676923514, 11.109476762784837], [106.6128676923514, 11.114472786568015], [106.61433230739308, 11.114472786568015], [106.61433230739308, 11.109476762784837], [106.6128676923514, 11.109476762784837]]]}, "properties": {"db_hole_id": 773, "course_id": 43, "course": "Harmonie Golf Park — Championship", "facility": "Harmonie Golf Park", "hole_number": 17, "par": 4, "length_m": 394.0, "coords_source": "SEED", "todo": "draw: green, fairway, bunker, water, ob", "centroid": "11.111974774676426,106.61359999987225"}}, {"type": "Feature", "geometry": {"type": "Polygon", "coordinates": [[[106.61366768757854, 11.110076763088193], [106.61366768757854, 11.116496209622532], [106.6151323121658, 11.116496209622532], [106.6151323121658, 11.110076763088193], [106.61366768757854, 11.110076763088193]]]}, "properties": {"db_hole_id": 774, "course_id": 43, "course": "Harmonie Golf Park — Championship", "facility": "Harmonie Golf Park", "hole_number": 18, "par": 5, "length_m": 552.0, "coords_source": "SEED", "todo": "draw: green, fairway, bunker, water, ob", "centroid": "11.113286486355365,106.61439999987218"}}, {"type": "Feature", "geometry": {"type": "Polygon", "coordinates": [[[105.65002840011978, 21.359877219561685], [105.65002840011978, 21.364584041359084], [105.65157159977724, 21.364584041359084], [105.65157159977724, 21.359877219561685], [105.65002840011978, 21.359877219561685]]]}, "properties": {"db_hole_id": 199, "course_id": 12, "course": "Heron Lake Golf Course & Resort — Championship", "facility": "Heron Lake Golf Course & Resort", "hole_number": 1, "par": 4, "length_m": 362.0, "coords_source": "SEED", "todo": "draw: green, fairway, bunker, water, ob", "centroid": "21.362230630460385,105.65079999994852"}}, {"type": "Feature", "geometry": {"type": "Polygon", "coordinates": [[[105.65082839113775, 21.360477219713033], [105.65082839113775, 21.366319176245856], [105.65237160875918, 21.366319176245856], [105.65237160875918, 21.360477219713033], [105.65082839113775, 21.360477219713033]]]}, "properties": {"db_hole_id": 200, "course_id": 12, "course": "Heron Lake Golf Course & Resort — Championship", "facility": "Heron Lake Golf Course & Resort", "hole_number": 2, "par": 5, "length_m": 488.0, "coords_source": "SEED", "todo": "draw: green, fairway, bunker, water, ob", "centroid": "21.36339819797944,105.65159999994846"}}, {"type": "Feature", "geometry": {"type": "Polygon", "coordinates": [[[105.65162839385906, 21.36107721986448], [105.65162839385906, 21.365820077089232], [105.65317160603772, 21.365820077089232], [105.65317160603772, 21.36107721986448], [105.65162839385906, 21.36107721986448]]]}, "properties": {"db_hole_id": 201, "course_id": 12, "course": "Heron Lake Golf Course & Resort — Championship", "facility": "Heron Lake Golf Course & Resort", "hole_number": 3, "par": 4, "length_m": 366.0, "coords_source": "SEED", "todo": "draw: green, fairway, bunker, water, ob", "centroid": "21.363448648476854,105.65239999994837"}}, {"type": "Feature", "geometry": {"type": "Polygon", "coordinates": [[[105.65242840021396, 21.361677220016084], [105.65242840021396, 21.36462728429808], [105.6539715996827, 21.36462728429808], [105.6539715996827, 21.361677220016084], [105.65242840021396, 21.361677220016084]]]}, "properties": {"db_hole_id": 202, "course_id": 12, "course": "Heron Lake Golf Course & Resort — Championship", "facility": "Heron Lake Golf Course & Resort", "hole_number": 4, "par": 3, "length_m": 167.0, "coords_source": "SEED", "todo": "draw: green, fairway, bunker, water, ob", "centroid": "21.36315225215708,105.65319999994834"}}, {"type": "Feature", "geometry": {"type": "Polygon", "coordinates": [[[105.65322838759838, 21.362277220167783], [105.65322838759838, 21.367056112818894], [105.65477161229815, 21.367056112818894], [105.65477161229815, 21.362277220167783], [105.65322838759838, 21.362277220167783]]]}, "properties": {"db_hole_id": 203, "course_id": 12, "course": "Heron Lake Golf Course & Resort — Championship", "facility": "Heron Lake Golf Course & Resort", "hole_number": 5, "par": 4, "length_m": 370.0, "coords_source": "SEED", "todo": "draw: green, fairway, bunker, water, ob", "centroid": "21.36466666649334,105.65399999994827"}}, {"type": "Feature", "geometry": {"type": "Polygon", "coordinates": [[[105.65402838446808, 21.362877220319607], [105.65402838446808, 21.367674130683536], [105.65557161542836, 21.367674130683536], [105.65557161542836, 21.362877220319607], [105.65402838446808, 21.362877220319607]]]}, "properties": {"db_hole_id": 204, "course_id": 12, "course": "Heron Lake Golf Course & Resort — Championship", "facility": "Heron Lake Golf Course & Resort", "hole_number": 6, "par": 4, "length_m": 372.0, "coords_source": "SEED", "todo": "draw: green, fairway, bunker, water, ob", "centroid": "21.36527567550157,105.65479999994821"}}, {"type": "Feature", "geometry": {"type": "Polygon", "coordinates": [[[105.65482837501303, 21.363477220471573], [105.65482837501303, 21.369499355652085], [105.65637162488328, 21.369499355652085], [105.65637162488328, 21.363477220471573], [105.65482837501303, 21.363477220471573]]]}, "properties": {"db_hole_id": 205, "course_id": 12, "course": "Heron Lake Golf Course & Resort — Championship", "facility": "Heron Lake Golf Course & Resort", "hole_number": 7, "par": 5, "length_m": 508.0, "coords_source": "SEED", "todo": "draw: green, fairway, bunker, water, ob", "centroid": "21.366488288061827,105.65559999994817"}}, {"type": "Feature", "geometry": {"type": "Polygon", "coordinates": [[[105.6556283875053, 21.364077220623646], [105.6556283875053, 21.36713539178937], [105.65717161239085, 21.36713539178937], [105.65717161239085, 21.364077220623646], [105.6556283875053, 21.364077220623646]]]}, "properties": {"db_hole_id": 206, "course_id": 12, "course": "Heron Lake Golf Course & Resort — Championship", "facility": "Heron Lake Golf Course & Resort", "hole_number": 8, "par": 3, "length_m": 179.0, "coords_source": "SEED", "todo": "draw: green, fairway, bunker, water, ob", "centroid": "21.36560630620651,105.65639999994806"}}, {"type": "Feature", "geometry": {"type": "Polygon", "coordinates": [[[105.65642837507718, 21.36467722077584], [105.65642837507718, 21.36952818427674], [105.65797162481884, 21.36952818427674], [105.65797162481884, 21.36467722077584], [105.65642837507718, 21.36467722077584]]]}, "properties": {"db_hole_id": 207, "course_id": 12, "course": "Heron Lake Golf Course & Resort — Championship", "facility": "Heron Lake Golf Course & Resort", "hole_number": 9, "par": 4, "length_m": 378.0, "coords_source": "SEED", "todo": "draw: green, fairway, bunker, water, ob", "centroid": "21.367102702526292,105.65719999994802"}}, {"type": "Feature", "geometry": {"type": "Polygon", "coordinates": [[[105.65722837194691, 21.36527722092816], [105.65722837194691, 21.37014620214089], [105.65877162794898, 21.37014620214089], [105.65877162794898, 21.36527722092816], [105.65722837194691, 21.36527722092816]]]}, "properties": {"db_hole_id": 208, "course_id": 12, "course": "Heron Lake Golf Course & Resort — Championship", "facility": "Heron Lake Golf Course & Resort", "hole_number": 10, "par": 4, "length_m": 380.0, "coords_source": "SEED", "todo": "draw: green, fairway, bunker, water, ob", "centroid": "21.367711711534525,105.65799999994795"}}, {"type": "Feature", "geometry": {"type": "Polygon", "coordinates": [[[105.65802836881667, 21.365877221080602], [105.65802836881667, 21.370764220004926], [105.6595716310791, 21.370764220004926], [105.6595716310791, 21.365877221080602], [105.65802836881667, 21.365877221080602]]]}, "properties": {"db_hole_id": 209, "course_id": 12, "course": "Heron Lake Golf Course & Resort — Championship", "facility": "Heron Lake Golf Course & Resort", "hole_number": 11, "par": 4, "length_m": 382.0, "coords_source": "SEED", "todo": "draw: green, fairway, bunker, water, ob", "centroid": "21.36832072054276,105.6587999999479"}}, {"type": "Feature", "geometry": {"type": "Polygon", "coordinates": [[[105.65882837479683, 21.36647722123317], [105.65882837479683, 21.36964349927871], [105.66037162509885, 21.36964349927871], [105.66037162509885, 21.36647722123317], [105.65882837479683, 21.36647722123317]]]}, "properties": {"db_hole_id": 210, "course_id": 12, "course": "Heron Lake Golf Course & Resort — Championship", "facility": "Heron Lake Golf Course & Resort", "hole_number": 12, "par": 3, "length_m": 191.0, "coords_source": "SEED", "todo": "draw: green, fairway, bunker, water, ob", "centroid": "21.368060360255942,105.65959999994784"}}, {"type": "Feature", "geometry": {"type": "Polygon", "coordinates": [[[105.65962835566356, 21.367077221385852], [105.65962835566356, 21.373315570935503], [105.66117164423198, 21.373315570935503], [105.66117164423198, 21.367077221385852], [105.65962835566356, 21.367077221385852]]]}, "properties": {"db_hole_id": 211, "course_id": 12, "course": "Heron Lake Golf Course & Resort — Championship", "facility": "Heron Lake Golf Course & Resort", "hole_number": 13, "par": 5, "length_m": 532.0, "coords_source": "SEED", "todo": "draw: green, fairway, bunker, water, ob", "centroid": "21.37019639616068,105.66039999994776"}}, {"type": "Feature", "geometry": {"type": "Polygon", "coordinates": [[[105.66042835942599, 21.367677221538667], [105.66042835942599, 21.372618273596295], [105.6619716404694, 21.372618273596295], [105.6619716404694, 21.367677221538667], [105.66042835942599, 21.367677221538667]]]}, "properties": {"db_hole_id": 212, "course_id": 12, "course": "Heron Lake Golf Course & Resort — Championship", "facility": "Heron Lake Golf Course & Resort", "hole_number": 14, "par": 4, "length_m": 388.0, "coords_source": "SEED", "todo": "draw: green, fairway, bunker, water, ob", "centroid": "21.37014774756748,105.66119999994768"}}, {"type": "Feature", "geometry": {"type": "Polygon", "coordinates": [[[105.6612283562958, 21.368277221691596], [105.6612283562958, 21.373236291459826], [105.66277164359948, 21.373236291459826], [105.66277164359948, 21.368277221691596], [105.6612283562958, 21.368277221691596]]]}, "properties": {"db_hole_id": 213, "course_id": 12, "course": "Heron Lake Golf Course & Resort — Championship", "facility": "Heron Lake Golf Course & Resort", "hole_number": 15, "par": 4, "length_m": 390.0, "coords_source": "SEED", "todo": "draw: green, fairway, bunker, water, ob", "centroid": "21.37075675657571,105.66199999994764"}}, {"type": "Feature", "geometry": {"type": "Polygon", "coordinates": [[[105.66202836208849, 21.368877221844663], [105.66202836208849, 21.372151606766085], [105.66357163780667, 21.372151606766085], [105.66357163780667, 21.368877221844663], [105.66202836208849, 21.368877221844663]]]}, "properties": {"db_hole_id": 214, "course_id": 12, "course": "Heron Lake Golf Course & Resort — Championship", "facility": "Heron Lake Golf Course & Resort", "hole_number": 16, "par": 3, "length_m": 203.0, "coords_source": "SEED", "todo": "draw: green, fairway, bunker, water, ob", "centroid": "21.370514414305372,105.6627999999476"}}, {"type": "Feature", "geometry": {"type": "Polygon", "coordinates": [[[105.66282835003544, 21.36947722199784], [105.66282835003544, 21.374472327186552], [105.66437164985958, 21.374472327186552], [105.66437164985958, 21.36947722199784], [105.66282835003544, 21.36947722199784]]]}, "properties": {"db_hole_id": 215, "course_id": 12, "course": "Heron Lake Golf Course & Resort — Championship", "facility": "Heron Lake Golf Course & Resort", "hole_number": 17, "par": 4, "length_m": 394.0, "coords_source": "SEED", "todo": "draw: green, fairway, bunker, water, ob", "centroid": "21.371974774592196,105.66359999994751"}}, {"type": "Feature", "geometry": {"type": "Polygon", "coordinates": [[[105.66362833953917, 21.37007722215113], [105.66362833953917, 21.376495750334993], [105.6651716603557, 21.376495750334993], [105.6651716603557, 21.37007722215113], [105.66362833953917, 21.37007722215113]]]}, "properties": {"db_hole_id": 216, "course_id": 12, "course": "Heron Lake Golf Course & Resort — Championship", "facility": "Heron Lake Golf Course & Resort", "hole_number": 18, "par": 5, "length_m": 552.0, "coords_source": "SEED", "todo": "draw: green, fairway, bunker, water, ob", "centroid": "21.373286486243064,105.66439999994742"}}, {"type": "Feature", "geometry": {"type": "Polygon", "coordinates": [[[105.35003100100938, 20.849877147340273], [105.35003100100938, 20.854584113585545], [105.3515689989351, 20.854584113585545], [105.3515689989351, 20.849877147340273], [105.35003100100938, 20.849877147340273]]]}, "properties": {"db_hole_id": 253, "course_id": 15, "course": "Hilltop Valley Golf Club — Championship", "facility": "Hilltop Valley Golf Club", "hole_number": 1, "par": 4, "length_m": 362.0, "coords_source": "SEED", "todo": "draw: green, fairway, bunker, water, ob", "centroid": "20.85223063046291,105.35079999997225"}}, {"type": "Feature", "geometry": {"type": "Polygon", "coordinates": [[[105.35083099224687, 20.85047714744513], [105.35083099224687, 20.856319248520236], [105.35236900769748, 20.856319248520236], [105.35236900769748, 20.85047714744513], [105.35083099224687, 20.85047714744513]]]}, "properties": {"db_hole_id": 254, "course_id": 15, "course": "Hilltop Valley Golf Club — Championship", "facility": "Hilltop Valley Golf Club", "hole_number": 2, "par": 5, "length_m": 488.0, "coords_source": "SEED", "todo": "draw: green, fairway, bunker, water, ob", "centroid": "20.85339819798268,105.35159999997217"}}, {"type": "Feature", "geometry": {"type": "Polygon", "coordinates": [[[105.35163099484193, 20.851077147550118], [105.35163099484193, 20.855820149408697], [105.35316900510229, 20.855820149408697], [105.35316900510229, 20.851077147550118], [105.35163099484193, 20.851077147550118]]]}, "properties": {"db_hole_id": 255, "course_id": 15, "course": "Hilltop Valley Golf Club — Championship", "facility": "Hilltop Valley Golf Club", "hole_number": 3, "par": 4, "length_m": 366.0, "coords_source": "SEED", "todo": "draw: green, fairway, bunker, water, ob", "centroid": "20.85344864847941,105.35239999997212"}}, {"type": "Feature", "geometry": {"type": "Polygon", "coordinates": [[[105.35243100096324, 20.851677147655227], [105.35243100096324, 20.854627356661744], [105.35396899898087, 20.854627356661744], [105.35396899898087, 20.851677147655227], [105.35243100096324, 20.851677147655227]]]}, "properties": {"db_hole_id": 256, "course_id": 15, "course": "Hilltop Valley Golf Club — Championship", "facility": "Hilltop Valley Golf Club", "hole_number": 4, "par": 3, "length_m": 167.0, "coords_source": "SEED", "todo": "draw: green, fairway, bunker, water, ob", "centroid": "20.853152252158488,105.35319999997203"}}, {"type": "Feature", "geometry": {"type": "Polygon", "coordinates": [[[105.35323098867454, 20.852277147760457], [105.35323098867454, 20.857056185231343], [105.35476901126944, 20.857056185231343], [105.35476901126944, 20.852277147760457], [105.35323098867454, 20.852277147760457]]]}, "properties": {"db_hole_id": 257, "course_id": 15, "course": "Hilltop Valley Golf Club — Championship", "facility": "Hilltop Valley Golf Club", "hole_number": 5, "par": 4, "length_m": 370.0, "coords_source": "SEED", "todo": "draw: green, fairway, bunker, water, ob", "centroid": "20.854666666495902,105.35399999997198"}}, {"type": "Feature", "geometry": {"type": "Polygon", "coordinates": [[[105.35403098559088, 20.852877147865804], [105.35403098559088, 20.857674203142476], [105.355569014353, 20.857674203142476], [105.355569014353, 20.852877147865804], [105.35403098559088, 20.852877147865804]]]}, "properties": {"db_hole_id": 258, "course_id": 15, "course": "Hilltop Valley Golf Club — Championship", "facility": "Hilltop Valley Golf Club", "hole_number": 6, "par": 4, "length_m": 372.0, "coords_source": "SEED", "todo": "draw: green, fairway, bunker, water, ob", "centroid": "20.85527567550414,105.35479999997195"}}, {"type": "Feature", "geometry": {"type": "Polygon", "coordinates": [[[105.35483097636933, 20.853477147971294], [105.35483097636933, 20.85949942815904], [105.35636902357439, 20.85949942815904], [105.35636902357439, 20.853477147971294], [105.35483097636933, 20.853477147971294]]]}, "properties": {"db_hole_id": 259, "course_id": 15, "course": "Hilltop Valley Golf Club — Championship", "facility": "Hilltop Valley Golf Club", "hole_number": 7, "par": 5, "length_m": 508.0, "coords_source": "SEED", "todo": "draw: green, fairway, bunker, water, ob", "centroid": "20.856488288065165,105.35559999997187"}}, {"type": "Feature", "geometry": {"type": "Polygon", "coordinates": [[[105.35563098844672, 20.854077148076897], [105.35563098844672, 20.857135464339063], [105.35716901149688, 20.857135464339063], [105.35716901149688, 20.854077148076897], [105.35563098844672, 20.854077148076897]]]}, "properties": {"db_hole_id": 260, "course_id": 15, "course": "Hilltop Valley Golf Club — Championship", "facility": "Hilltop Valley Golf Club", "hole_number": 8, "par": 3, "length_m": 179.0, "coords_source": "SEED", "todo": "draw: green, fairway, bunker, water, ob", "centroid": "20.85560630620798,105.35639999997181"}}, {"type": "Feature", "geometry": {"type": "Polygon", "coordinates": [[[105.35643097633995, 20.85467714818263], [105.35643097633995, 20.859528256875166], [105.35796902360352, 20.859528256875166], [105.35796902360352, 20.85467714818263], [105.35643097633995, 20.85467714818263]]]}, "properties": {"db_hole_id": 261, "course_id": 15, "course": "Hilltop Valley Golf Club — Championship", "facility": "Hilltop Valley Golf Club", "hole_number": 9, "par": 4, "length_m": 378.0, "coords_source": "SEED", "todo": "draw: green, fairway, bunker, water, ob", "centroid": "20.857102702528895,105.35719999997174"}}, {"type": "Feature", "geometry": {"type": "Polygon", "coordinates": [[[105.35723097325634, 20.855277148288472], [105.35723097325634, 20.860146274785805], [105.358769026687, 20.860146274785805], [105.358769026687, 20.855277148288472], [105.35723097325634, 20.855277148288472]]]}, "properties": {"db_hole_id": 262, "course_id": 15, "course": "Hilltop Valley Golf Club — Championship", "facility": "Hilltop Valley Golf Club", "hole_number": 10, "par": 4, "length_m": 380.0, "coords_source": "SEED", "todo": "draw: green, fairway, bunker, water, ob", "centroid": "20.85771171153714,105.35799999997167"}}, {"type": "Feature", "geometry": {"type": "Polygon", "coordinates": [[[105.35803097017275, 20.855877148394462], [105.35803097017275, 20.86076429269632], [105.35956902977046, 20.86076429269632], [105.35956902977046, 20.855877148394462], [105.35803097017275, 20.855877148394462]]]}, "properties": {"db_hole_id": 263, "course_id": 15, "course": "Hilltop Valley Golf Club — Championship", "facility": "Hilltop Valley Golf Club", "hole_number": 11, "par": 4, "length_m": 382.0, "coords_source": "SEED", "todo": "draw: green, fairway, bunker, water, ob", "centroid": "20.85832072054539,105.35879999997161"}}, {"type": "Feature", "geometry": {"type": "Polygon", "coordinates": [[[105.35883097593043, 20.856477148500556], [105.35883097593043, 20.859643572014395], [105.36036902401267, 20.859643572014395], [105.36036902401267, 20.856477148500556], [105.35883097593043, 20.856477148500556]]]}, "properties": {"db_hole_id": 264, "course_id": 15, "course": "Hilltop Valley Golf Club — Championship", "facility": "Hilltop Valley Golf Club", "hole_number": 12, "par": 3, "length_m": 191.0, "coords_source": "SEED", "todo": "draw: green, fairway, bunker, water, ob", "centroid": "20.858060360257475,105.35959999997154"}}, {"type": "Feature", "geometry": {"type": "Polygon", "coordinates": [[[105.35963095731658, 20.857077148606777], [105.35963095731658, 20.863315643721528], [105.36116904262639, 20.863315643721528], [105.36116904262639, 20.857077148606777], [105.35963095731658, 20.857077148606777]]]}, "properties": {"db_hole_id": 265, "course_id": 15, "course": "Hilltop Valley Golf Club — Championship", "facility": "Hilltop Valley Golf Club", "hole_number": 13, "par": 5, "length_m": 532.0, "coords_source": "SEED", "todo": "draw: green, fairway, bunker, water, ob", "centroid": "20.860196396164156,105.36039999997149"}}, {"type": "Feature", "geometry": {"type": "Polygon", "coordinates": [[[105.36043096092209, 20.85767714871313], [105.36043096092209, 20.862618346427134], [105.36196903902076, 20.862618346427134], [105.36196903902076, 20.85767714871313], [105.36043096092209, 20.85767714871313]]]}, "properties": {"db_hole_id": 266, "course_id": 15, "course": "Hilltop Valley Golf Club — Championship", "facility": "Hilltop Valley Golf Club", "hole_number": 14, "par": 4, "length_m": 388.0, "coords_source": "SEED", "todo": "draw: green, fairway, bunker, water, ob", "centroid": "20.86014774757013,105.36119999997143"}}, {"type": "Feature", "geometry": {"type": "Polygon", "coordinates": [[[105.36123095783856, 20.85827714881961], [105.36123095783856, 20.863236364337155], [105.36276904210415, 20.863236364337155], [105.36276904210415, 20.85827714881961], [105.36123095783856, 20.85827714881961]]]}, "properties": {"db_hole_id": 267, "course_id": 15, "course": "Hilltop Valley Golf Club — Championship", "facility": "Hilltop Valley Golf Club", "hole_number": 15, "par": 4, "length_m": 390.0, "coords_source": "SEED", "todo": "draw: green, fairway, bunker, water, ob", "centroid": "20.860756756578386,105.36199999997135"}}, {"type": "Feature", "geometry": {"type": "Polygon", "coordinates": [[[105.36203096341433, 20.8588771489262], [105.36203096341433, 20.862151679687738], [105.36356903652825, 20.862151679687738], [105.36356903652825, 20.8588771489262], [105.36203096341433, 20.8588771489262]]]}, "properties": {"db_hole_id": 268, "course_id": 15, "course": "Hilltop Valley Golf Club — Championship", "facility": "Hilltop Valley Golf Club", "hole_number": 16, "par": 3, "length_m": 203.0, "coords_source": "SEED", "todo": "draw: green, fairway, bunker, water, ob", "centroid": "20.86051441430697,105.3627999999713"}}, {"type": "Feature", "geometry": {"type": "Polygon", "coordinates": [[[105.36283095167155, 20.85947714903293], [105.36283095167155, 20.86447240015683], [105.36436904827089, 20.86447240015683], [105.36436904827089, 20.85947714903293], [105.36283095167155, 20.85947714903293]]]}, "properties": {"db_hole_id": 269, "course_id": 15, "course": "Hilltop Valley Golf Club — Championship", "facility": "Hilltop Valley Golf Club", "hole_number": 17, "par": 4, "length_m": 394.0, "coords_source": "SEED", "todo": "draw: green, fairway, bunker, water, ob", "centroid": "20.86197477459488,105.36359999997123"}}, {"type": "Feature", "geometry": {"type": "Polygon", "coordinates": [[[105.36363094143955, 20.860077149139766], [105.36363094143955, 20.866495823353503], [105.36516905850276, 20.866495823353503], [105.36516905850276, 20.860077149139766], [105.36363094143955, 20.860077149139766]]]}, "properties": {"db_hole_id": 270, "course_id": 15, "course": "Hilltop Valley Golf Club — Championship", "facility": "Hilltop Valley Golf Club", "hole_number": 18, "par": 5, "length_m": 552.0, "coords_source": "SEED", "todo": "draw: green, fairway, bunker, water, ob", "centroid": "20.86328648624664,105.36439999997116"}}, {"type": "Feature", "geometry": {"type": "Polygon", "coordinates": [[[108.36005362999245, 15.829877470129675], [108.36005362999245, 15.834583790895], [108.36154637042489, 15.834583790895], [108.36154637042489, 15.829877470129675], [108.36005362999245, 15.829877470129675]]]}, "properties": {"db_hole_id": 541, "course_id": 31, "course": "Hoiana Shores Golf Club — Championship", "facility": "Hoiana Shores Golf Club", "hole_number": 1, "par": 4, "length_m": 362.0, "coords_source": "SEED", "todo": "draw: green, fairway, bunker, water, ob", "centroid": "15.832230630512337,108.36080000020867"}}, {"type": "Feature", "geometry": {"type": "Polygon", "coordinates": [[[108.3608536231613, 15.830477469732328], [108.3608536231613, 15.836318926360017], [108.3623463772559, 15.836318926360017], [108.3623463772559, 15.830477469732328], [108.3608536231613, 15.830477469732328]]]}, "properties": {"db_hole_id": 542, "course_id": 31, "course": "Hoiana Shores Golf Club — Championship", "facility": "Hoiana Shores Golf Club", "hole_number": 2, "par": 5, "length_m": 488.0, "coords_source": "SEED", "todo": "draw: green, fairway, bunker, water, ob", "centroid": "15.83339819804617,108.36160000020861"}}, {"type": "Feature", "geometry": {"type": "Polygon", "coordinates": [[[108.36165362455048, 15.831077469335115], [108.36165362455048, 15.8358198277234], [108.3631463758666, 15.8358198277234], [108.3631463758666, 15.831077469335115], [108.36165362455048, 15.831077469335115]]]}, "properties": {"db_hole_id": 543, "course_id": 31, "course": "Hoiana Shores Golf Club — Championship", "facility": "Hoiana Shores Golf Club", "hole_number": 3, "par": 4, "length_m": 366.0, "coords_source": "SEED", "todo": "draw: green, fairway, bunker, water, ob", "centroid": "15.83344864852926,108.36240000020855"}}, {"type": "Feature", "geometry": {"type": "Polygon", "coordinates": [[[108.36245362849183, 15.83167746893805], [108.36245362849183, 15.834627035434167], [108.36394637192512, 15.834627035434167], [108.36394637192512, 15.83167746893805], [108.36245362849183, 15.83167746893805]]]}, "properties": {"db_hole_id": 544, "course_id": 31, "course": "Hoiana Shores Golf Club — Championship", "facility": "Hoiana Shores Golf Club", "hole_number": 4, "par": 3, "length_m": 167.0, "coords_source": "SEED", "todo": "draw: green, fairway, bunker, water, ob", "centroid": "15.833152252186109,108.36320000020847"}}, {"type": "Feature", "geometry": {"type": "Polygon", "coordinates": [[[108.36325361910866, 15.832277468541104], [108.36325361910866, 15.837055864551258], [108.36474638130818, 15.837055864551258], [108.36474638130818, 15.832277468541104], [108.36325361910866, 15.832277468541104]]]}, "properties": {"db_hole_id": 545, "course_id": 31, "course": "Hoiana Shores Golf Club — Championship", "facility": "Hoiana Shores Golf Club", "hole_number": 5, "par": 4, "length_m": 370.0, "coords_source": "SEED", "todo": "draw: green, fairway, bunker, water, ob", "centroid": "15.83466666654618,108.36400000020842"}}, {"type": "Feature", "geometry": {"type": "Polygon", "coordinates": [[[108.3640536163878, 15.83287746814431], [108.3640536163878, 15.837673882964975], [108.36554638402892, 15.837673882964975], [108.36554638402892, 15.83287746814431], [108.3640536163878, 15.83287746814431]]]}, "properties": {"db_hole_id": 546, "course_id": 31, "course": "Hoiana Shores Golf Club — Championship", "facility": "Hoiana Shores Golf Club", "hole_number": 6, "par": 4, "length_m": 372.0, "coords_source": "SEED", "todo": "draw: green, fairway, bunker, water, ob", "centroid": "15.835275675554644,108.36480000020836"}}, {"type": "Feature", "geometry": {"type": "Polygon", "coordinates": [[[108.3648536092244, 15.833477467747658], [108.3648536092244, 15.839499108514014], [108.3663463911922, 15.839499108514014], [108.3663463911922, 15.833477467747658], [108.3648536092244, 15.833477467747658]]]}, "properties": {"db_hole_id": 547, "course_id": 31, "course": "Hoiana Shores Golf Club — Championship", "facility": "Hoiana Shores Golf Club", "hole_number": 7, "par": 5, "length_m": 508.0, "coords_source": "SEED", "todo": "draw: green, fairway, bunker, water, ob", "centroid": "15.83648828813084,108.3656000002083"}}, {"type": "Feature", "geometry": {"type": "Polygon", "coordinates": [[[108.36565361747705, 15.834077467351122], [108.36565361747705, 15.837135145122714], [108.36714638293941, 15.837135145122714], [108.36714638293941, 15.834077467351122], [108.36565361747705, 15.834077467351122]]]}, "properties": {"db_hole_id": 548, "course_id": 31, "course": "Hoiana Shores Golf Club — Championship", "facility": "Hoiana Shores Golf Club", "hole_number": 8, "par": 3, "length_m": 179.0, "coords_source": "SEED", "todo": "draw: green, fairway, bunker, water, ob", "centroid": "15.835606306236919,108.36640000020822"}}, {"type": "Feature", "geometry": {"type": "Polygon", "coordinates": [[[108.36645360822546, 15.834677466954735], [108.36645360822546, 15.8395279382053], [108.36794639219086, 15.8395279382053], [108.36794639219086, 15.834677466954735], [108.36645360822546, 15.834677466954735]]]}, "properties": {"db_hole_id": 549, "course_id": 31, "course": "Hoiana Shores Golf Club — Championship", "facility": "Hoiana Shores Golf Club", "hole_number": 9, "par": 4, "length_m": 378.0, "coords_source": "SEED", "todo": "draw: green, fairway, bunker, water, ob", "centroid": "15.837102702580019,108.36720000020816"}}, {"type": "Feature", "geometry": {"type": "Polygon", "coordinates": [[[108.36725360550476, 15.835277466558502], [108.36725360550476, 15.840145956618473], [108.36874639491144, 15.840145956618473], [108.36874639491144, 15.835277466558502], [108.36725360550476, 15.835277466558502]]]}, "properties": {"db_hole_id": 550, "course_id": 31, "course": "Hoiana Shores Golf Club — Championship", "facility": "Hoiana Shores Golf Club", "hole_number": 10, "par": 4, "length_m": 380.0, "coords_source": "SEED", "todo": "draw: green, fairway, bunker, water, ob", "centroid": "15.837711711588486,108.36800000020811"}}, {"type": "Feature", "geometry": {"type": "Polygon", "coordinates": [[[108.36805360278407, 15.83587746616239], [108.36805360278407, 15.840763975031491], [108.36954639763198, 15.840763975031491], [108.36954639763198, 15.83587746616239], [108.36805360278407, 15.83587746616239]]]}, "properties": {"db_hole_id": 551, "course_id": 31, "course": "Hoiana Shores Golf Club — Championship", "facility": "Hoiana Shores Golf Club", "hole_number": 11, "par": 4, "length_m": 382.0, "coords_source": "SEED", "todo": "draw: green, fairway, bunker, water, ob", "centroid": "15.838320720596938,108.36880000020803"}}, {"type": "Feature", "geometry": {"type": "Polygon", "coordinates": [[[108.36885360646284, 15.836477465766409], [108.36885360646284, 15.839643254809042], [108.37034639395313, 15.839643254809042], [108.37034639395313, 15.836477465766409], [108.36885360646284, 15.836477465766409]]]}, "properties": {"db_hole_id": 552, "course_id": 31, "course": "Hoiana Shores Golf Club — Championship", "facility": "Hoiana Shores Golf Club", "hole_number": 12, "par": 3, "length_m": 191.0, "coords_source": "SEED", "todo": "draw: green, fairway, bunker, water, ob", "centroid": "15.838060360287725,108.369600000208"}}, {"type": "Feature", "geometry": {"type": "Polygon", "coordinates": [[[108.36965359250117, 15.837077465370578], [108.36965359250117, 15.843315327094237], [108.37114640791467, 15.843315327094237], [108.37114640791467, 15.837077465370578], [108.36965359250117, 15.837077465370578]]]}, "properties": {"db_hole_id": 553, "course_id": 31, "course": "Hoiana Shores Golf Club — Championship", "facility": "Hoiana Shores Golf Club", "hole_number": 13, "par": 5, "length_m": 532.0, "coords_source": "SEED", "todo": "draw: green, fairway, bunker, water, ob", "centroid": "15.840196396232407,108.37040000020792"}}, {"type": "Feature", "geometry": {"type": "Polygon", "coordinates": [[[108.37045359462232, 15.837677464974888], [108.37045359462232, 15.842618030269765], [108.37194640579338, 15.842618030269765], [108.37194640579338, 15.837677464974888], [108.37045359462232, 15.837677464974888]]]}, "properties": {"db_hole_id": 554, "course_id": 31, "course": "Hoiana Shores Golf Club — Championship", "facility": "Hoiana Shores Golf Club", "hole_number": 14, "par": 4, "length_m": 388.0, "coords_source": "SEED", "todo": "draw: green, fairway, bunker, water, ob", "centroid": "15.840147747622325,108.37120000020785"}}, {"type": "Feature", "geometry": {"type": "Polygon", "coordinates": [[[108.37125359190179, 15.838277464579333], [108.37125359190179, 15.84323604868225], [108.37274640851378, 15.84323604868225], [108.37274640851378, 15.838277464579333], [108.37125359190179, 15.838277464579333]]]}, "properties": {"db_hole_id": 555, "course_id": 31, "course": "Hoiana Shores Golf Club — Championship", "facility": "Hoiana Shores Golf Club", "hole_number": 15, "par": 4, "length_m": 390.0, "coords_source": "SEED", "todo": "draw: green, fairway, bunker, water, ob", "centroid": "15.840756756630793,108.37200000020779"}}, {"type": "Feature", "geometry": {"type": "Polygon", "coordinates": [[[108.37205359544916, 15.838877464183893], [108.37205359544916, 15.84215136449318], [108.37354640496629, 15.84215136449318], [108.37354640496629, 15.838877464183893], [108.37205359544916, 15.838877464183893]]]}, "properties": {"db_hole_id": 556, "course_id": 31, "course": "Hoiana Shores Golf Club — Championship", "facility": "Hoiana Shores Golf Club", "hole_number": 16, "par": 3, "length_m": 203.0, "coords_source": "SEED", "todo": "draw: green, fairway, bunker, water, ob", "centroid": "15.840514414338534,108.37280000020773"}}, {"type": "Feature", "geometry": {"type": "Polygon", "coordinates": [[[108.37285358646089, 15.839477463788613], [108.37285358646089, 15.84447208550679], [108.37434641395443, 15.84447208550679], [108.37434641395443, 15.839477463788613], [108.37285358646089, 15.839477463788613]]]}, "properties": {"db_hole_id": 557, "course_id": 31, "course": "Hoiana Shores Golf Club — Championship", "facility": "Hoiana Shores Golf Club", "hole_number": 17, "par": 4, "length_m": 394.0, "coords_source": "SEED", "todo": "draw: green, fairway, bunker, water, ob", "centroid": "15.841974774647703,108.37360000020767"}}, {"type": "Feature", "geometry": {"type": "Polygon", "coordinates": [[[108.373653578566, 15.840077463393474], [108.373653578566, 15.846495509240635], [108.37514642184918, 15.846495509240635], [108.37514642184918, 15.840077463393474], [108.373653578566, 15.840077463393474]]]}, "properties": {"db_hole_id": 558, "course_id": 31, "course": "Hoiana Shores Golf Club — Championship", "facility": "Hoiana Shores Golf Club", "hole_number": 18, "par": 5, "length_m": 552.0, "coords_source": "SEED", "todo": "draw: green, fairway, bunker, water, ob", "centroid": "15.843286486317053,108.37440000020761"}}, {"type": "Feature", "geometry": {"type": "Polygon", "coordinates": [[[109.19006531158873, 12.049876878798948], [109.19006531158873, 12.054584382266409], [109.19153468869767, 12.054584382266409], [109.19153468869767, 12.049876878798948], [109.19006531158873, 12.049876878798948]]]}, "properties": {"db_hole_id": 667, "course_id": 38, "course": "KN Golf Links Cam Ranh — Championship", "facility": "KN Golf Links Cam Ranh", "hole_number": 1, "par": 4, "length_m": 362.0, "coords_source": "SEED", "todo": "draw: green, fairway, bunker, water, ob", "centroid": "12.052230630532678,109.1908000001432"}}, {"type": "Feature", "geometry": {"type": "Polygon", "coordinates": [[[109.19086530655125, 12.050476878521534], [109.19086530655125, 12.056319517623104], [109.19233469373502, 12.056319517623104], [109.19233469373502, 12.050476878521534], [109.19086530655125, 12.050476878521534]]]}, "properties": {"db_hole_id": 668, "course_id": 38, "course": "KN Golf Links Cam Ranh — Championship", "facility": "KN Golf Links Cam Ranh", "hole_number": 2, "par": 5, "length_m": 488.0, "coords_source": "SEED", "todo": "draw: green, fairway, bunker, water, ob", "centroid": "12.053398198072317,109.19160000014313"}}, {"type": "Feature", "geometry": {"type": "Polygon", "coordinates": [[[109.19166530759887, 12.051076878244263], [109.19166530759887, 12.05582041885532], [109.19313469268727, 12.05582041885532], [109.19313469268727, 12.051076878244263], [109.19166530759887, 12.051076878244263]]]}, "properties": {"db_hole_id": 669, "course_id": 38, "course": "KN Golf Links Cam Ranh — Championship", "facility": "KN Golf Links Cam Ranh", "hole_number": 3, "par": 4, "length_m": 366.0, "coords_source": "SEED", "todo": "draw: green, fairway, bunker, water, ob", "centroid": "12.053448648549793,109.19240000014305"}}, {"type": "Feature", "geometry": {"type": "Polygon", "coordinates": [[[109.19246531053578, 12.051676877967134], [109.19246531053578, 12.05462762642782], [109.1939346897503, 12.05462762642782], [109.1939346897503, 12.051676877967134], [109.19246531053578, 12.051676877967134]]]}, "properties": {"db_hole_id": 670, "course_id": 38, "course": "KN Golf Links Cam Ranh — Championship", "facility": "KN Golf Links Cam Ranh", "hole_number": 4, "par": 3, "length_m": 167.0, "coords_source": "SEED", "todo": "draw: green, fairway, bunker, water, ob", "centroid": "12.053152252197476,109.19320000014304"}}, {"type": "Feature", "geometry": {"type": "Polygon", "coordinates": [[[109.19326530360922, 12.052276877690145], [109.19326530360922, 12.057056455443668], [109.19473469667669, 12.057056455443668], [109.19473469667669, 12.052276877690145], [109.19326530360922, 12.052276877690145]]]}, "properties": {"db_hole_id": 671, "course_id": 38, "course": "KN Golf Links Cam Ranh — Championship", "facility": "KN Golf Links Cam Ranh", "hole_number": 5, "par": 4, "length_m": 370.0, "coords_source": "SEED", "todo": "draw: green, fairway, bunker, water, ob", "centroid": "12.054666666566906,109.19400000014295"}}, {"type": "Feature", "geometry": {"type": "Polygon", "coordinates": [[[109.19406530161446, 12.052876877413288], [109.19406530161446, 12.057674473737631], [109.19553469867132, 12.057674473737631], [109.19553469867132, 12.052876877413288], [109.19406530161446, 12.052876877413288]]]}, "properties": {"db_hole_id": 672, "course_id": 38, "course": "KN Golf Links Cam Ranh — Championship", "facility": "KN Golf Links Cam Ranh", "hole_number": 6, "par": 4, "length_m": 372.0, "coords_source": "SEED", "todo": "draw: green, fairway, bunker, water, ob", "centroid": "12.05527567557546,109.19480000014288"}}, {"type": "Feature", "geometry": {"type": "Polygon", "coordinates": [[[109.19486529633093, 12.053476877136582], [109.19486529633093, 12.059499699179263], [109.19633470395472, 12.059499699179263], [109.19633470395472, 12.053476877136582], [109.19486529633093, 12.053476877136582]]]}, "properties": {"db_hole_id": 673, "course_id": 38, "course": "KN Golf Links Cam Ranh — Championship", "facility": "KN Golf Links Cam Ranh", "hole_number": 7, "par": 5, "length_m": 508.0, "coords_source": "SEED", "todo": "draw: green, fairway, bunker, water, ob", "centroid": "12.056488288157922,109.19560000014285"}}, {"type": "Feature", "geometry": {"type": "Polygon", "coordinates": [[[109.19566530245973, 12.054076876860005], [109.19566530245973, 12.057135735637692], [109.19713469782582, 12.057135735637692], [109.19713469782582, 12.054076876860005], [109.19566530245973, 12.054076876860005]]]}, "properties": {"db_hole_id": 674, "course_id": 38, "course": "KN Golf Links Cam Ranh — Championship", "facility": "KN Golf Links Cam Ranh", "hole_number": 8, "par": 3, "length_m": 179.0, "coords_source": "SEED", "todo": "draw: green, fairway, bunker, water, ob", "centroid": "12.05560630624885,109.19640000014277"}}, {"type": "Feature", "geometry": {"type": "Polygon", "coordinates": [[[109.19646529563045, 12.05467687658357], [109.19646529563045, 12.05952852861868], [109.19793470465495, 12.05952852861868], [109.19793470465495, 12.05467687658357], [109.19646529563045, 12.05467687658357]]]}, "properties": {"db_hole_id": 675, "course_id": 38, "course": "KN Golf Links Cam Ranh — Championship", "facility": "KN Golf Links Cam Ranh", "hole_number": 9, "par": 4, "length_m": 378.0, "coords_source": "SEED", "todo": "draw: green, fairway, bunker, water, ob", "centroid": "12.057102702601124,109.19720000014269"}}, {"type": "Feature", "geometry": {"type": "Polygon", "coordinates": [[[109.19726529363587, 12.05527687630728], [109.19726529363587, 12.06014654691209], [109.1987347066494, 12.06014654691209], [109.1987347066494, 12.05527687630728], [109.19726529363587, 12.05527687630728]]]}, "properties": {"db_hole_id": 676, "course_id": 38, "course": "KN Golf Links Cam Ranh — Championship", "facility": "KN Golf Links Cam Ranh", "hole_number": 10, "par": 4, "length_m": 380.0, "coords_source": "SEED", "todo": "draw: green, fairway, bunker, water, ob", "centroid": "12.057711711609686,109.19800000014263"}}, {"type": "Feature", "geometry": {"type": "Polygon", "coordinates": [[[109.19806529164134, 12.055876876031128], [109.19806529164134, 12.060764565205353], [109.1995347086438, 12.060764565205353], [109.1995347086438, 12.055876876031128], [109.19806529164134, 12.055876876031128]]]}, "properties": {"db_hole_id": 677, "course_id": 38, "course": "KN Golf Links Cam Ranh — Championship", "facility": "KN Golf Links Cam Ranh", "hole_number": 11, "par": 4, "length_m": 382.0, "coords_source": "SEED", "todo": "draw: green, fairway, bunker, water, ob", "centroid": "12.058320720618243,109.19880000014257"}}, {"type": "Feature", "geometry": {"type": "Polygon", "coordinates": [[[109.1988652943844, 12.056476875755116], [109.1988652943844, 12.059643844845324], [109.20033470590064, 12.059643844845324], [109.20033470590064, 12.056476875755116], [109.1988652943844, 12.056476875755116]]]}, "properties": {"db_hole_id": 678, "course_id": 38, "course": "KN Golf Links Cam Ranh — Championship", "facility": "KN Golf Links Cam Ranh", "hole_number": 12, "par": 3, "length_m": 191.0, "coords_source": "SEED", "todo": "draw: green, fairway, bunker, water, ob", "centroid": "12.05806036030022,109.19960000014254"}}, {"type": "Feature", "geometry": {"type": "Polygon", "coordinates": [[[109.19966528406792, 12.057076875479245], [109.19966528406792, 12.063315917042019], [109.201134716217, 12.063315917042019], [109.201134716217, 12.057076875479245], [109.19966528406792, 12.057076875479245]]]}, "properties": {"db_hole_id": 679, "course_id": 38, "course": "KN Golf Links Cam Ranh — Championship", "facility": "KN Golf Links Cam Ranh", "hole_number": 13, "par": 5, "length_m": 532.0, "coords_source": "SEED", "todo": "draw: green, fairway, bunker, water, ob", "centroid": "12.060196396260633,109.20040000014245"}}, {"type": "Feature", "geometry": {"type": "Polygon", "coordinates": [[[109.20046528565804, 12.05767687520351], [109.20046528565804, 12.062618620084304], [109.20193471462674, 12.062618620084304], [109.20193471462674, 12.05767687520351], [109.20046528565804, 12.05767687520351]]]}, "properties": {"db_hole_id": 680, "course_id": 38, "course": "KN Golf Links Cam Ranh — Championship", "facility": "KN Golf Links Cam Ranh", "hole_number": 14, "par": 4, "length_m": 388.0, "coords_source": "SEED", "todo": "draw: green, fairway, bunker, water, ob", "centroid": "12.060147747643907,109.20120000014239"}}, {"type": "Feature", "geometry": {"type": "Polygon", "coordinates": [[[109.20126528366369, 12.058276874927918], [109.20126528366369, 12.063236638377015], [109.20273471662095, 12.063236638377015], [109.20273471662095, 12.058276874927918], [109.20126528366369, 12.058276874927918]]]}, "properties": {"db_hole_id": 681, "course_id": 38, "course": "KN Golf Links Cam Ranh — Championship", "facility": "KN Golf Links Cam Ranh", "hole_number": 15, "par": 4, "length_m": 390.0, "coords_source": "SEED", "todo": "draw: green, fairway, bunker, water, ob", "centroid": "12.060756756652465,109.2020000001423"}}, {"type": "Feature", "geometry": {"type": "Polygon", "coordinates": [[[109.20206528630976, 12.058876874652462], [109.20206528630976, 12.062151954050723], [109.20353471397476, 12.062151954050723], [109.20353471397476, 12.058876874652462], [109.20206528630976, 12.058876874652462]]]}, "properties": {"db_hole_id": 682, "course_id": 38, "course": "KN Golf Links Cam Ranh — Championship", "facility": "KN Golf Links Cam Ranh", "hole_number": 16, "par": 3, "length_m": 203.0, "coords_source": "SEED", "todo": "draw: green, fairway, bunker, water, ob", "centroid": "12.060514414351593,109.20280000014226"}}, {"type": "Feature", "geometry": {"type": "Polygon", "coordinates": [[[109.20286527967514, 12.059476874377152], [109.20286527967514, 12.064472674961998], [109.20433472060925, 12.064472674961998], [109.20433472060925, 12.059476874377152], [109.20286527967514, 12.059476874377152]]]}, "properties": {"db_hole_id": 683, "course_id": 38, "course": "KN Golf Links Cam Ranh — Championship", "facility": "KN Golf Links Cam Ranh", "hole_number": 17, "par": 4, "length_m": 394.0, "coords_source": "SEED", "todo": "draw: green, fairway, bunker, water, ob", "centroid": "12.061974774669578,109.2036000001422"}}, {"type": "Feature", "geometry": {"type": "Polygon", "coordinates": [[[109.20366527384985, 12.060076874101975], [109.20366527384985, 12.06649609859046], [109.20513472643442, 12.06649609859046], [109.20513472643442, 12.060076874101975], [109.20366527384985, 12.060076874101975]]]}, "properties": {"db_hole_id": 684, "course_id": 38, "course": "KN Golf Links Cam Ranh — Championship", "facility": "KN Golf Links Cam Ranh", "hole_number": 18, "par": 5, "length_m": 552.0, "coords_source": "SEED", "todo": "draw: green, fairway, bunker, water, ob", "centroid": "12.063286486346216,109.20440000014214"}}, {"type": "Feature", "geometry": {"type": "Polygon", "coordinates": [[[108.10005209996214, 16.279877644178384], [108.10005209996214, 16.28458361684638], [108.10154790049613, 16.28458361684638], [108.10154790049613, 16.279877644178384], [108.10005209996214, 16.279877644178384]]]}, "properties": {"db_hole_id": 559, "course_id": 32, "course": "Laguna Lăng Cô Golf Club — Championship", "facility": "Laguna Lăng Cô Golf Club", "hole_number": 1, "par": 4, "length_m": 362.0, "coords_source": "SEED", "todo": "draw: green, fairway, bunker, water, ob", "centroid": "16.282230630512384,108.10080000022914"}}, {"type": "Feature", "geometry": {"type": "Polygon", "coordinates": [[[108.10085209288037, 16.280477643740582], [108.10085209288037, 16.286318752351868], [108.1023479075778, 16.286318752351868], [108.1023479075778, 16.280477643740582], [108.10085209288037, 16.280477643740582]]]}, "properties": {"db_hole_id": 560, "course_id": 32, "course": "Laguna Lăng Cô Golf Club — Championship", "facility": "Laguna Lăng Cô Golf Club", "hole_number": 2, "par": 5, "length_m": 488.0, "coords_source": "SEED", "todo": "draw: green, fairway, bunker, water, ob", "centroid": "16.28339819804622,108.10160000022908"}}, {"type": "Feature", "geometry": {"type": "Polygon", "coordinates": [[[108.1016520942864, 16.28107764330293], [108.1016520942864, 16.285819653755677], [108.10314790617163, 16.285819653755677], [108.10314790617163, 16.28107764330293], [108.1016520942864, 16.28107764330293]]]}, "properties": {"db_hole_id": 561, "course_id": 32, "course": "Laguna Lăng Cô Golf Club — Championship", "facility": "Laguna Lăng Cô Golf Club", "hole_number": 3, "par": 4, "length_m": 366.0, "coords_source": "SEED", "todo": "draw: green, fairway, bunker, water, ob", "centroid": "16.2834486485293,108.10240000022901"}}, {"type": "Feature", "geometry": {"type": "Polygon", "coordinates": [[[108.10245209832769, 16.2816776428654], [108.10245209832769, 16.28462686150685], [108.10394790213023, 16.28462686150685], [108.10394790213023, 16.2816776428654], [108.10245209832769, 16.2816776428654]]]}, "properties": {"db_hole_id": 562, "course_id": 32, "course": "Laguna Lăng Cô Golf Club — Championship", "facility": "Laguna Lăng Cô Golf Club", "hole_number": 4, "par": 3, "length_m": 167.0, "coords_source": "SEED", "todo": "draw: green, fairway, bunker, water, ob", "centroid": "16.283152252186127,108.10320000022897"}}, {"type": "Feature", "geometry": {"type": "Polygon", "coordinates": [[[108.1032520886108, 16.282277642428014], [108.1032520886108, 16.28705569066442], [108.10474791184697, 16.28705569066442], [108.10474791184697, 16.282277642428014], [108.1032520886108, 16.282277642428014]]]}, "properties": {"db_hole_id": 563, "course_id": 32, "course": "Laguna Lăng Cô Golf Club — Championship", "facility": "Laguna Lăng Cô Golf Club", "hole_number": 5, "par": 4, "length_m": 370.0, "coords_source": "SEED", "todo": "draw: green, fairway, bunker, water, ob", "centroid": "16.284666666546215,108.1040000002289"}}, {"type": "Feature", "geometry": {"type": "Polygon", "coordinates": [[[108.10405208577306, 16.282877641990776], [108.10405208577306, 16.28767370911858], [108.10554791468459, 16.28767370911858], [108.10554791468459, 16.282877641990776], [108.10405208577306, 16.282877641990776]]]}, "properties": {"db_hole_id": 564, "course_id": 32, "course": "Laguna Lăng Cô Golf Club — Championship", "facility": "Laguna Lăng Cô Golf Club", "hole_number": 6, "par": 4, "length_m": 372.0, "coords_source": "SEED", "todo": "draw: green, fairway, bunker, water, ob", "centroid": "16.28527567555468,108.10480000022882"}}, {"type": "Feature", "geometry": {"type": "Polygon", "coordinates": [[[108.10485207834823, 16.283477641553663], [108.10485207834823, 16.289498934708092], [108.10634792210931, 16.289498934708092], [108.10634792210931, 16.283477641553663], [108.10485207834823, 16.283477641553663]]]}, "properties": {"db_hole_id": 565, "course_id": 32, "course": "Laguna Lăng Cô Golf Club — Championship", "facility": "Laguna Lăng Cô Golf Club", "hole_number": 7, "par": 5, "length_m": 508.0, "coords_source": "SEED", "todo": "draw: green, fairway, bunker, water, ob", "centroid": "16.28648828813088,108.10560000022878"}}, {"type": "Feature", "geometry": {"type": "Polygon", "coordinates": [[[108.10565208684103, 16.284077641116692], [108.10565208684103, 16.287134971357187], [108.10714791361636, 16.287134971357187], [108.10714791361636, 16.284077641116692], [108.10565208684103, 16.284077641116692]]]}, "properties": {"db_hole_id": 566, "course_id": 32, "course": "Laguna Lăng Cô Golf Club — Championship", "facility": "Laguna Lăng Cô Golf Club", "hole_number": 8, "par": 3, "length_m": 179.0, "coords_source": "SEED", "todo": "draw: green, fairway, bunker, water, ob", "centroid": "16.28560630623694,108.10640000022869"}}, {"type": "Feature", "geometry": {"type": "Polygon", "coordinates": [[[108.10645207726004, 16.284677640679863], [108.10645207726004, 16.289527764480262], [108.10794792319722, 16.289527764480262], [108.10794792319722, 16.284677640679863], [108.10645207726004, 16.284677640679863]]]}, "properties": {"db_hole_id": 567, "course_id": 32, "course": "Laguna Lăng Cô Golf Club — Championship", "facility": "Laguna Lăng Cô Golf Club", "hole_number": 9, "par": 4, "length_m": 378.0, "coords_source": "SEED", "todo": "draw: green, fairway, bunker, water, ob", "centroid": "16.287102702580064,108.10720000022863"}}, {"type": "Feature", "geometry": {"type": "Polygon", "coordinates": [[[108.10725207442245, 16.285277640243162], [108.10725207442245, 16.290145782933873], [108.10874792603471, 16.290145782933873], [108.10874792603471, 16.285277640243162], [108.10725207442245, 16.285277640243162]]]}, "properties": {"db_hole_id": 568, "course_id": 32, "course": "Laguna Lăng Cô Golf Club — Championship", "facility": "Laguna Lăng Cô Golf Club", "hole_number": 10, "par": 4, "length_m": 380.0, "coords_source": "SEED", "todo": "draw: green, fairway, bunker, water, ob", "centroid": "16.287711711588514,108.10800000022857"}}, {"type": "Feature", "geometry": {"type": "Polygon", "coordinates": [[[108.10805207158488, 16.285877639806596], [108.10805207158488, 16.290763801387353], [108.10954792887212, 16.290763801387353], [108.10954792887212, 16.285877639806596], [108.10805207158488, 16.285877639806596]]]}, "properties": {"db_hole_id": 569, "course_id": 32, "course": "Laguna Lăng Cô Golf Club — Championship", "facility": "Laguna Lăng Cô Golf Club", "hole_number": 11, "par": 4, "length_m": 382.0, "coords_source": "SEED", "todo": "draw: green, fairway, bunker, water, ob", "centroid": "16.28832072059697,108.10880000022848"}}, {"type": "Feature", "geometry": {"type": "Polygon", "coordinates": [[[108.10885207535493, 16.28647763937018], [108.10885207535493, 16.289643081205305], [108.11034792510196, 16.289643081205305], [108.11034792510196, 16.28647763937018], [108.10885207535493, 16.28647763937018]]]}, "properties": {"db_hole_id": 570, "course_id": 32, "course": "Laguna Lăng Cô Golf Club — Championship", "facility": "Laguna Lăng Cô Golf Club", "hole_number": 12, "par": 3, "length_m": 191.0, "coords_source": "SEED", "todo": "draw: green, fairway, bunker, water, ob", "centroid": "16.288060360287744,108.10960000022845"}}, {"type": "Feature", "geometry": {"type": "Polygon", "coordinates": [[[108.10965206091066, 16.2870776389339], [108.10965206091066, 16.29331515353099], [108.1111479395461, 16.29331515353099], [108.1111479395461, 16.2870776389339], [108.10965206091066, 16.2870776389339]]]}, "properties": {"db_hole_id": 571, "course_id": 32, "course": "Laguna Lăng Cô Golf Club — Championship", "facility": "Laguna Lăng Cô Golf Club", "hole_number": 13, "par": 5, "length_m": 532.0, "coords_source": "SEED", "todo": "draw: green, fairway, bunker, water, ob", "centroid": "16.290196396232446,108.11040000022837"}}, {"type": "Feature", "geometry": {"type": "Polygon", "coordinates": [[[108.11045206307243, 16.287677638497758], [108.11045206307243, 16.29261785674695], [108.11194793738423, 16.29261785674695], [108.11194793738423, 16.287677638497758], [108.11045206307243, 16.287677638497758]]]}, "properties": {"db_hole_id": 572, "course_id": 32, "course": "Laguna Lăng Cô Golf Club — Championship", "facility": "Laguna Lăng Cô Golf Club", "hole_number": 14, "par": 4, "length_m": 388.0, "coords_source": "SEED", "todo": "draw: green, fairway, bunker, water, ob", "centroid": "16.290147747622356,108.11120000022834"}}, {"type": "Feature", "geometry": {"type": "Polygon", "coordinates": [[[108.11125206023502, 16.28827763806175], [108.11125206023502, 16.293235875199876], [108.11274794022151, 16.293235875199876], [108.11274794022151, 16.28827763806175], [108.11125206023502, 16.28827763806175]]]}, "properties": {"db_hole_id": 573, "course_id": 32, "course": "Laguna Lăng Cô Golf Club — Championship", "facility": "Laguna Lăng Cô Golf Club", "hole_number": 15, "par": 4, "length_m": 390.0, "coords_source": "SEED", "todo": "draw: green, fairway, bunker, water, ob", "centroid": "16.290756756630813,108.11200000022825"}}, {"type": "Feature", "geometry": {"type": "Polygon", "coordinates": [[[108.11205206386937, 16.288877637625873], [108.11205206386937, 16.292151191051232], [108.11354793658703, 16.292151191051232], [108.11354793658703, 16.288877637625873], [108.11205206386937, 16.288877637625873]]]}, "properties": {"db_hole_id": 574, "course_id": 32, "course": "Laguna Lăng Cô Golf Club — Championship", "facility": "Laguna Lăng Cô Golf Club", "hole_number": 16, "par": 3, "length_m": 203.0, "coords_source": "SEED", "todo": "draw: green, fairway, bunker, water, ob", "centroid": "16.290514414338553,108.11280000022819"}}, {"type": "Feature", "geometry": {"type": "Polygon", "coordinates": [[[108.1128520545603, 16.28947763719015], [108.1128520545603, 16.294471912105323], [108.11434794589596, 16.294471912105323], [108.11434794589596, 16.28947763719015], [108.1128520545603, 16.28947763719015]]]}, "properties": {"db_hole_id": 575, "course_id": 32, "course": "Laguna Lăng Cô Golf Club — Championship", "facility": "Laguna Lăng Cô Golf Club", "hole_number": 17, "par": 4, "length_m": 394.0, "coords_source": "SEED", "todo": "draw: green, fairway, bunker, water, ob", "centroid": "16.291974774647734,108.11360000022815"}}, {"type": "Feature", "geometry": {"type": "Polygon", "coordinates": [[[108.11365204638021, 16.290077636754546], [108.11365204638021, 16.296495335879616], [108.11514795407591, 16.296495335879616], [108.11514795407591, 16.290077636754546], [108.11365204638021, 16.290077636754546]]]}, "properties": {"db_hole_id": 576, "course_id": 32, "course": "Laguna Lăng Cô Golf Club — Championship", "facility": "Laguna Lăng Cô Golf Club", "hole_number": 18, "par": 5, "length_m": 552.0, "coords_source": "SEED", "todo": "draw: green, fairway, bunker, water, ob", "centroid": "16.29328648631708,108.11440000022807"}}, {"type": "Feature", "geometry": {"type": "Polygon", "coordinates": [[[105.9000325833628, 20.54987718907604], [105.9000325833628, 20.554584071857278], [105.9015674164947, 20.554584071857278], [105.9015674164947, 20.54987718907604], [105.9000325833628, 20.54987718907604]]]}, "properties": {"db_hole_id": 361, "course_id": 21, "course": "Legend Valley Country Club — Championship", "facility": "Legend Valley Country Club", "hole_number": 1, "par": 4, "length_m": 362.0, "coords_source": "SEED", "todo": "draw: green, fairway, bunker, water, ob", "centroid": "20.55223063046666,105.90079999992876"}}, {"type": "Feature", "geometry": {"type": "Polygon", "coordinates": [[[105.90083257484609, 20.550477189265425], [105.90083257484609, 20.556319206709578], [105.90236742501126, 20.556319206709578], [105.90236742501126, 20.550477189265425], [105.90083257484609, 20.550477189265425]]]}, "properties": {"db_hole_id": 362, "course_id": 21, "course": "Legend Valley Country Club — Championship", "facility": "Legend Valley Country Club", "hole_number": 2, "par": 5, "length_m": 488.0, "coords_source": "SEED", "todo": "draw: green, fairway, bunker, water, ob", "centroid": "20.553398197987505,105.90159999992866"}}, {"type": "Feature", "geometry": {"type": "Polygon", "coordinates": [[[105.9016325774874, 20.551077189454947], [105.9016325774874, 20.55582010751144], [105.90316742236982, 20.55582010751144], [105.90316742236982, 20.551077189454947], [105.9016325774874, 20.551077189454947]]]}, "properties": {"db_hole_id": 363, "course_id": 21, "course": "Legend Valley Country Club — Championship", "facility": "Legend Valley Country Club", "hole_number": 3, "par": 4, "length_m": 366.0, "coords_source": "SEED", "todo": "draw: green, fairway, bunker, water, ob", "centroid": "20.553448648483197,105.90239999992859"}}, {"type": "Feature", "geometry": {"type": "Polygon", "coordinates": [[[105.90243258359298, 20.551677189644593], [105.90243258359298, 20.554627314676583], [105.90396741626412, 20.554627314676583], [105.90396741626412, 20.551677189644593], [105.90243258359298, 20.551677189644593]]]}, "properties": {"db_hole_id": 364, "course_id": 21, "course": "Legend Valley Country Club — Championship", "facility": "Legend Valley Country Club", "hole_number": 4, "par": 3, "length_m": 167.0, "coords_source": "SEED", "todo": "draw: green, fairway, bunker, water, ob", "centroid": "20.553152252160586,105.90319999992856"}}, {"type": "Feature", "geometry": {"type": "Polygon", "coordinates": [[[105.9032325716121, 20.552277189834353], [105.9032325716121, 20.557056143165095], [105.90476742824491, 20.557056143165095], [105.90476742824491, 20.552277189834353], [105.9032325716121, 20.552277189834353]]]}, "properties": {"db_hole_id": 365, "course_id": 21, "course": "Legend Valley Country Club — Championship", "facility": "Legend Valley Country Club", "hole_number": 5, "par": 4, "length_m": 370.0, "coords_source": "SEED", "todo": "draw: green, fairway, bunker, water, ob", "centroid": "20.55466666649972,105.9039999999285"}}, {"type": "Feature", "geometry": {"type": "Polygon", "coordinates": [[[105.90403256867445, 20.55287719002424], [105.90403256867445, 20.55767416099174], [105.9055674311824, 20.55767416099174], [105.9055674311824, 20.55287719002424], [105.90403256867445, 20.55287719002424]]]}, "properties": {"db_hole_id": 366, "course_id": 21, "course": "Legend Valley Country Club — Championship", "facility": "Legend Valley Country Club", "hole_number": 6, "par": 4, "length_m": 372.0, "coords_source": "SEED", "todo": "draw: green, fairway, bunker, water, ob", "centroid": "20.555275675507993,105.90479999992843"}}, {"type": "Feature", "geometry": {"type": "Polygon", "coordinates": [[[105.90483255970679, 20.553477190214252], [105.90483255970679, 20.559499385926095], [105.90636744014995, 20.559499385926095], [105.90636744014995, 20.553477190214252], [105.90483255970679, 20.553477190214252]]]}, "properties": {"db_hole_id": 367, "course_id": 21, "course": "Legend Valley Country Club — Championship", "facility": "Legend Valley Country Club", "hole_number": 7, "par": 5, "length_m": 508.0, "coords_source": "SEED", "todo": "draw: green, fairway, bunker, water, ob", "centroid": "20.556488288070177,105.90559999992836"}}, {"type": "Feature", "geometry": {"type": "Polygon", "coordinates": [[[105.90563257166383, 20.55407719040438], [105.90563257166383, 20.557135422015996], [105.90716742819275, 20.557135422015996], [105.90716742819275, 20.55407719040438], [105.90563257166383, 20.55407719040438]]]}, "properties": {"db_hole_id": 368, "course_id": 21, "course": "Legend Valley Country Club — Championship", "facility": "Legend Valley Country Club", "hole_number": 8, "par": 3, "length_m": 179.0, "coords_source": "SEED", "todo": "draw: green, fairway, bunker, water, ob", "centroid": "20.555606306210187,105.90639999992827"}}, {"type": "Feature", "geometry": {"type": "Polygon", "coordinates": [[[105.90643255986163, 20.554677190594646], [105.90643255986163, 20.559528214470944], [105.90796743999482, 20.559528214470944], [105.90796743999482, 20.554677190594646], [105.90643255986163, 20.554677190594646]]]}, "properties": {"db_hole_id": 369, "course_id": 21, "course": "Legend Valley Country Club — Championship", "facility": "Legend Valley Country Club", "hole_number": 9, "par": 4, "length_m": 378.0, "coords_source": "SEED", "todo": "draw: green, fairway, bunker, water, ob", "centroid": "20.55710270253279,105.90719999992822"}}, {"type": "Feature", "geometry": {"type": "Polygon", "coordinates": [[[105.90723255692407, 20.555277190785027], [105.90723255692407, 20.560146232297104], [105.90876744293227, 20.560146232297104], [105.90876744293227, 20.555277190785027], [105.90723255692407, 20.555277190785027]]]}, "properties": {"db_hole_id": 370, "course_id": 21, "course": "Legend Valley Country Club — Championship", "facility": "Legend Valley Country Club", "hole_number": 10, "par": 4, "length_m": 380.0, "coords_source": "SEED", "todo": "draw: green, fairway, bunker, water, ob", "centroid": "20.55771171154107,105.90799999992817"}}, {"type": "Feature", "geometry": {"type": "Polygon", "coordinates": [[[105.90803255398652, 20.555877190975526], [105.90803255398652, 20.560764250123125], [105.9095674458697, 20.560764250123125], [105.9095674458697, 20.555877190975526], [105.90803255398652, 20.555877190975526]]]}, "properties": {"db_hole_id": 371, "course_id": 21, "course": "Legend Valley Country Club — Championship", "facility": "Legend Valley Country Club", "hole_number": 11, "par": 4, "length_m": 382.0, "coords_source": "SEED", "todo": "draw: green, fairway, bunker, water, ob", "centroid": "20.558320720549325,105.9087999999281"}}, {"type": "Feature", "geometry": {"type": "Polygon", "coordinates": [[[105.9088325597349, 20.55647719116616], [105.9088325597349, 20.559643529353423], [105.91036744012119, 20.559643529353423], [105.91036744012119, 20.55647719116616], [105.9088325597349, 20.55647719116616]]]}, "properties": {"db_hole_id": 372, "course_id": 21, "course": "Legend Valley Country Club — Championship", "facility": "Legend Valley Country Club", "hole_number": 12, "par": 3, "length_m": 191.0, "coords_source": "SEED", "todo": "draw: green, fairway, bunker, water, ob", "centroid": "20.55806036025979,105.90959999992806"}}, {"type": "Feature", "geometry": {"type": "Polygon", "coordinates": [[[105.90963254153993, 20.557077191356907], [105.90963254153993, 20.56331560098185], [105.91116745831603, 20.56331560098185], [105.91116745831603, 20.557077191356907], [105.90963254153993, 20.557077191356907]]]}, "properties": {"db_hole_id": 373, "course_id": 21, "course": "Legend Valley Country Club — Championship", "facility": "Legend Valley Country Club", "hole_number": 13, "par": 5, "length_m": 532.0, "coords_source": "SEED", "todo": "draw: green, fairway, bunker, water, ob", "centroid": "20.560196396169378,105.91039999992796"}}, {"type": "Feature", "geometry": {"type": "Polygon", "coordinates": [[[105.91043254517398, 20.557677191547782], [105.91043254517398, 20.56261830360048], [105.91196745468187, 20.56261830360048], [105.91196745468187, 20.557677191547782], [105.91043254517398, 20.557677191547782]]]}, "properties": {"db_hole_id": 374, "course_id": 21, "course": "Legend Valley Country Club — Championship", "facility": "Legend Valley Country Club", "hole_number": 14, "par": 4, "length_m": 388.0, "coords_source": "SEED", "todo": "draw: green, fairway, bunker, water, ob", "centroid": "20.56014774757413,105.91119999992792"}}, {"type": "Feature", "geometry": {"type": "Polygon", "coordinates": [[[105.91123254223649, 20.558277191738785], [105.91123254223649, 20.563236321426015], [105.91276745761922, 20.563236321426015], [105.91276745761922, 20.558277191738785], [105.91123254223649, 20.558277191738785]]]}, "properties": {"db_hole_id": 375, "course_id": 21, "course": "Legend Valley Country Club — Championship", "facility": "Legend Valley Country Club", "hole_number": 15, "par": 4, "length_m": 390.0, "coords_source": "SEED", "todo": "draw: green, fairway, bunker, water, ob", "centroid": "20.560756756582396,105.91199999992786"}}, {"type": "Feature", "geometry": {"type": "Polygon", "coordinates": [[[105.91203254780619, 20.55887719192989], [105.91203254780619, 20.56215163668889], [105.91356745204939, 20.56215163668889], [105.91356745204939, 20.55887719192989], [105.91203254780619, 20.55887719192989]]]}, "properties": {"db_hole_id": 376, "course_id": 21, "course": "Legend Valley Country Club — Championship", "facility": "Legend Valley Country Club", "hole_number": 16, "par": 3, "length_m": 203.0, "coords_source": "SEED", "todo": "draw: green, fairway, bunker, water, ob", "centroid": "20.560514414309388,105.91279999992778"}}, {"type": "Feature", "geometry": {"type": "Polygon", "coordinates": [[[105.91283253636156, 20.559477192121147], [105.91283253636156, 20.564472357076717], [105.91436746349387, 20.564472357076717], [105.91436746349387, 20.559477192121147], [105.91283253636156, 20.559477192121147]]]}, "properties": {"db_hole_id": 377, "course_id": 21, "course": "Legend Valley Country Club — Championship", "facility": "Legend Valley Country Club", "hole_number": 17, "par": 4, "length_m": 394.0, "coords_source": "SEED", "todo": "draw: green, fairway, bunker, water, ob", "centroid": "20.561974774598934,105.91359999992771"}}, {"type": "Feature", "geometry": {"type": "Polygon", "coordinates": [[[105.91363252640117, 20.560077192312512], [105.91363252640117, 20.56649578019159], [105.91516747345416, 20.56649578019159], [105.91516747345416, 20.560077192312512], [105.91363252640117, 20.560077192312512]]]}, "properties": {"db_hole_id": 378, "course_id": 21, "course": "Legend Valley Country Club — Championship", "facility": "Legend Valley Country Club", "hole_number": 18, "par": 5, "length_m": 552.0, "coords_source": "SEED", "todo": "draw: green, fairway, bunker, water, ob", "centroid": "20.56328648625205,105.91439999992765"}}, {"type": "Feature", "geometry": {"type": "Polygon", "coordinates": [[[105.90003004905215, 21.049877230639154], [105.90003004905215, 21.05458403028766], [105.90156995080534, 21.05458403028766], [105.90156995080534, 21.049877230639154], [105.90003004905215, 21.049877230639154]]]}, "properties": {"db_hole_id": 37, "course_id": 3, "course": "Long Biên Golf Course — Championship", "facility": "Long Biên Golf Course", "hole_number": 1, "par": 4, "length_m": 362.0, "coords_source": "SEED", "todo": "draw: green, fairway, bunker, water, ob", "centroid": "21.052230630463406,105.90079999992876"}}, {"type": "Feature", "geometry": {"type": "Polygon", "coordinates": [[[105.90083004027446, 21.050477230828594], [105.90083004027446, 21.056319165138056], [105.90236995958291, 21.056319165138056], [105.90236995958291, 21.050477230828594], [105.90083004027446, 21.050477230828594]]]}, "properties": {"db_hole_id": 38, "course_id": 3, "course": "Long Biên Golf Course — Championship", "facility": "Long Biên Golf Course", "hole_number": 2, "par": 5, "length_m": 488.0, "coords_source": "SEED", "todo": "draw: green, fairway, bunker, water, ob", "centroid": "21.053398197983324,105.9015999999287"}}, {"type": "Feature", "geometry": {"type": "Polygon", "coordinates": [[[105.90163004299019, 21.051077231018155], [105.90163004299019, 21.05582006594167], [105.90316995686705, 21.05582006594167], [105.90316995686705, 21.051077231018155], [105.90163004299019, 21.051077231018155]]]}, "properties": {"db_hole_id": 39, "course_id": 3, "course": "Long Biên Golf Course — Championship", "facility": "Long Biên Golf Course", "hole_number": 3, "par": 4, "length_m": 366.0, "coords_source": "SEED", "todo": "draw: green, fairway, bunker, water, ob", "centroid": "21.053448648479915,105.90239999992863"}}, {"type": "Feature", "geometry": {"type": "Polygon", "coordinates": [[[105.90243004927436, 21.051677231207837], [105.90243004927436, 21.05462727310971], [105.90396995058276, 21.05462727310971], [105.90396995058276, 21.051677231207837], [105.90243004927436, 21.051677231207837]]]}, "properties": {"db_hole_id": 40, "course_id": 3, "course": "Long Biên Golf Course — Championship", "facility": "Long Biên Golf Course", "hole_number": 4, "par": 3, "length_m": 167.0, "coords_source": "SEED", "todo": "draw: green, fairway, bunker, water, ob", "centroid": "21.053152252158775,105.90319999992857"}}, {"type": "Feature", "geometry": {"type": "Polygon", "coordinates": [[[105.90323003692832, 21.05227723139764], [105.90323003692832, 21.0570561015952], [105.9047699629287, 21.0570561015952], [105.9047699629287, 21.05227723139764], [105.90323003692832, 21.05227723139764]]]}, "properties": {"db_hole_id": 41, "course_id": 3, "course": "Long Biên Golf Course — Championship", "facility": "Long Biên Golf Course", "hole_number": 5, "par": 4, "length_m": 370.0, "coords_source": "SEED", "todo": "draw: green, fairway, bunker, water, ob", "centroid": "21.05466666649642,105.9039999999285"}}, {"type": "Feature", "geometry": {"type": "Polygon", "coordinates": [[[105.90403003389739, 21.05287723158755], [105.90403003389739, 21.05767411942178], [105.9055699659595, 21.05767411942178], [105.9055699659595, 21.05287723158755], [105.90403003389739, 21.05287723158755]]]}, "properties": {"db_hole_id": 42, "course_id": 3, "course": "Long Biên Golf Course — Championship", "facility": "Long Biên Golf Course", "hole_number": 6, "par": 4, "length_m": 372.0, "coords_source": "SEED", "todo": "draw: green, fairway, bunker, water, ob", "centroid": "21.055275675504667,105.90479999992844"}}, {"type": "Feature", "geometry": {"type": "Polygon", "coordinates": [[[105.90483002465517, 21.05347723177761], [105.90483002465517, 21.05949934435409], [105.90636997520157, 21.05949934435409], [105.90636997520157, 21.05347723177761], [105.90483002465517, 21.05347723177761]]]}, "properties": {"db_hole_id": 43, "course_id": 3, "course": "Long Biên Golf Course — Championship", "facility": "Long Biên Golf Course", "hole_number": 7, "par": 5, "length_m": 508.0, "coords_source": "SEED", "todo": "draw: green, fairway, bunker, water, ob", "centroid": "21.056488288065854,105.90559999992838"}}, {"type": "Feature", "geometry": {"type": "Polygon", "coordinates": [[[105.90563003696664, 21.054077231967778], [105.90563003696664, 21.057135380448788], [105.90716996288995, 21.057135380448788], [105.90716996288995, 21.054077231967778], [105.90563003696664, 21.054077231967778]]]}, "properties": {"db_hole_id": 44, "course_id": 3, "course": "Long Biên Golf Course — Championship", "facility": "Long Biên Golf Course", "hole_number": 8, "par": 3, "length_m": 179.0, "coords_source": "SEED", "todo": "draw: green, fairway, bunker, water, ob", "centroid": "21.05560630620828,105.9063999999283"}}, {"type": "Feature", "geometry": {"type": "Polygon", "coordinates": [[[105.90643002480468, 21.05467723215807], [105.90643002480468, 21.059528172900784], [105.90796997505178, 21.059528172900784], [105.90796997505178, 21.05467723215807], [105.90643002480468, 21.05467723215807]]]}, "properties": {"db_hole_id": 45, "course_id": 3, "course": "Long Biên Golf Course — Championship", "facility": "Long Biên Golf Course", "hole_number": 9, "par": 4, "length_m": 378.0, "coords_source": "SEED", "todo": "draw: green, fairway, bunker, water, ob", "centroid": "21.057102702529427,105.90719999992824"}}, {"type": "Feature", "geometry": {"type": "Polygon", "coordinates": [[[105.90723002177383, 21.055277232348477], [105.90723002177383, 21.060146190726876], [105.90876997808255, 21.060146190726876], [105.90876997808255, 21.055277232348477], [105.90723002177383, 21.055277232348477]]]}, "properties": {"db_hole_id": 46, "course_id": 3, "course": "Long Biên Golf Course — Championship", "facility": "Long Biên Golf Course", "hole_number": 10, "par": 4, "length_m": 380.0, "coords_source": "SEED", "todo": "draw: green, fairway, bunker, water, ob", "centroid": "21.057711711537678,105.90799999992818"}}, {"type": "Feature", "geometry": {"type": "Polygon", "coordinates": [[[105.90803001874296, 21.05587723253902], [105.90803001874296, 21.060764208552836], [105.90956998111326, 21.060764208552836], [105.90956998111326, 21.05587723253902], [105.90803001874296, 21.05587723253902]]]}, "properties": {"db_hole_id": 47, "course_id": 3, "course": "Long Biên Golf Course — Championship", "facility": "Long Biên Golf Course", "hole_number": 11, "par": 4, "length_m": 382.0, "coords_source": "SEED", "todo": "draw: green, fairway, bunker, water, ob", "centroid": "21.05832072054593,105.90879999992812"}}, {"type": "Feature", "geometry": {"type": "Polygon", "coordinates": [[[105.90883002465912, 21.056477232729684], [105.90883002465912, 21.059643487785923], [105.910369975197, 21.059643487785923], [105.910369975197, 21.056477232729684], [105.90883002465912, 21.056477232729684]]]}, "properties": {"db_hole_id": 48, "course_id": 3, "course": "Long Biên Golf Course — Championship", "facility": "Long Biên Golf Course", "hole_number": 12, "par": 3, "length_m": 191.0, "coords_source": "SEED", "todo": "draw: green, fairway, bunker, water, ob", "centroid": "21.058060360257805,105.90959999992805"}}, {"type": "Feature", "geometry": {"type": "Polygon", "coordinates": [[[105.90963000591226, 21.057077232920456], [105.90963000591226, 21.0633155594093], [105.91116999394372, 21.0633155594093], [105.91116999394372, 21.057077232920456], [105.90963000591226, 21.057077232920456]]]}, "properties": {"db_hole_id": 49, "course_id": 3, "course": "Long Biên Golf Course — Championship", "facility": "Long Biên Golf Course", "hole_number": 13, "par": 5, "length_m": 532.0, "coords_source": "SEED", "todo": "draw: green, fairway, bunker, water, ob", "centroid": "21.060196396164876,105.91039999992799"}}, {"type": "Feature", "geometry": {"type": "Polygon", "coordinates": [[[105.9104300096505, 21.057677233111363], [105.9104300096505, 21.062618262030018], [105.91196999020536, 21.062618262030018], [105.91196999020536, 21.057677233111363], [105.9104300096505, 21.057677233111363]]]}, "properties": {"db_hole_id": 50, "course_id": 3, "course": "Long Biên Golf Course — Championship", "facility": "Long Biên Golf Course", "hole_number": 14, "par": 4, "length_m": 388.0, "coords_source": "SEED", "todo": "draw: green, fairway, bunker, water, ob", "centroid": "21.060147747570685,105.91119999992793"}}, {"type": "Feature", "geometry": {"type": "Polygon", "coordinates": [[[105.9112300066197, 21.05827723330239], [105.9112300066197, 21.06323627985549], [105.91276999323601, 21.06323627985549], [105.91276999323601, 21.05827723330239], [105.9112300066197, 21.05827723330239]]]}, "properties": {"db_hole_id": 51, "course_id": 3, "course": "Long Biên Golf Course — Championship", "facility": "Long Biên Golf Course", "hole_number": 15, "par": 4, "length_m": 390.0, "coords_source": "SEED", "todo": "draw: green, fairway, bunker, water, ob", "centroid": "21.060756756578943,105.91199999992786"}}, {"type": "Feature", "geometry": {"type": "Polygon", "coordinates": [[[105.91203001235178, 21.058877233493536], [105.91203001235178, 21.062151595121087], [105.91356998750382, 21.062151595121087], [105.91356998750382, 21.058877233493536], [105.91203001235178, 21.058877233493536]]]}, "properties": {"db_hole_id": 52, "course_id": 3, "course": "Long Biên Golf Course — Championship", "facility": "Long Biên Golf Course", "hole_number": 16, "par": 3, "length_m": 203.0, "coords_source": "SEED", "todo": "draw: green, fairway, bunker, water, ob", "centroid": "21.060514414307313,105.91279999992781"}}, {"type": "Feature", "geometry": {"type": "Polygon", "coordinates": [[[105.91283000055816, 21.05947723368482], [105.91283000055816, 21.064472315506087], [105.9143699992973, 21.064472315506087], [105.9143699992973, 21.05947723368482], [105.91283000055816, 21.05947723368482]]]}, "properties": {"db_hole_id": 53, "course_id": 3, "course": "Long Biên Golf Course — Championship", "facility": "Long Biên Golf Course", "hole_number": 17, "par": 4, "length_m": 394.0, "coords_source": "SEED", "todo": "draw: green, fairway, bunker, water, ob", "centroid": "21.061974774595456,105.91359999992774"}}, {"type": "Feature", "geometry": {"type": "Polygon", "coordinates": [[[105.9136299902934, 21.060077233876207], [105.9136299902934, 21.066495738618613], [105.91517000956196, 21.066495738618613], [105.91517000956196, 21.060077233876207], [105.9136299902934, 21.060077233876207]]]}, "properties": {"db_hole_id": 54, "course_id": 3, "course": "Long Biên Golf Course — Championship", "facility": "Long Biên Golf Course", "hole_number": 18, "par": 5, "length_m": 552.0, "coords_source": "SEED", "todo": "draw: green, fairway, bunker, water, ob", "centroid": "21.06328648624741,105.9143999999277"}}, {"type": "Feature", "geometry": {"type": "Polygon", "coordinates": [[[106.95966859172495, 10.797076881226884], [106.95966859172495, 10.80331591132371], [106.9611314079647, 10.80331591132371], [106.9611314079647, 10.797076881226884], [106.95966859172495, 10.797076881226884]]]}, "properties": {"db_hole_id": 139, "course_id": 8, "course": "Long Thành Golf Resort — Championship", "facility": "Long Thành Golf Resort", "hole_number": 13, "par": 5, "length_m": 532.0, "coords_source": "SEED", "todo": "draw: green, fairway, bunker, water, ob", "centroid": "10.800196396275297,106.96039999984482"}}, {"type": "Feature", "geometry": {"type": "Polygon", "coordinates": [[[106.9636685857175, 10.800076883038392], [106.9636685857175, 10.80649608968447], [106.9651314139715, 10.80649608968447], [106.9651314139715, 10.800076883038392], [106.9636685857175, 10.800076883038392]]]}, "properties": {"db_hole_id": 144, "course_id": 8, "course": "Long Thành Golf Resort — Championship", "facility": "Long Thành Golf Resort", "hole_number": 18, "par": 5, "length_m": 552.0, "coords_source": "SEED", "todo": "draw: green, fairway, bunker, water, ob", "centroid": "10.803286486361431,106.96439999984449"}}, {"type": "Feature", "geometry": {"type": "Polygon", "coordinates": [[[108.31005321483485, 15.94987750456783], [108.31005321483485, 15.954583756456342], [108.31154678559037, 15.954583756456342], [108.31154678559037, 15.94987750456783], [108.31005321483485, 15.94987750456783]]]}, "properties": {"db_hole_id": 505, "course_id": 29, "course": "Montgomerie Links Vietnam — Championship", "facility": "Montgomerie Links Vietnam", "hole_number": 1, "par": 4, "length_m": 362.0, "coords_source": "SEED", "todo": "draw: green, fairway, bunker, water, ob", "centroid": "15.952230630512089,108.3108000002126"}}, {"type": "Feature", "geometry": {"type": "Polygon", "coordinates": [[[108.31085320794045, 15.950477504162897], [108.31085320794045, 15.95631889192881], [108.31234679248465, 15.95631889192881], [108.31234679248465, 15.950477504162897], [108.31085320794045, 15.950477504162897]]]}, "properties": {"db_hole_id": 506, "course_id": 29, "course": "Montgomerie Links Vietnam — Championship", "facility": "Montgomerie Links Vietnam", "hole_number": 2, "par": 5, "length_m": 488.0, "coords_source": "SEED", "todo": "draw: green, fairway, bunker, water, ob", "centroid": "15.953398198045853,108.31160000021255"}}, {"type": "Feature", "geometry": {"type": "Polygon", "coordinates": [[[108.31165320933727, 15.951077503758098], [108.31165320933727, 15.955819793299916], [108.3131467910877, 15.955819793299916], [108.3131467910877, 15.951077503758098], [108.31165320933727, 15.951077503758098]]]}, "properties": {"db_hole_id": 507, "course_id": 29, "course": "Montgomerie Links Vietnam — Championship", "facility": "Montgomerie Links Vietnam", "hole_number": 3, "par": 4, "length_m": 366.0, "coords_source": "SEED", "todo": "draw: green, fairway, bunker, water, ob", "centroid": "15.953448648529008,108.31240000021248"}}, {"type": "Feature", "geometry": {"type": "Polygon", "coordinates": [[[108.3124532133083, 15.951677503353444], [108.3124532133083, 15.95462700101849], [108.31394678711656, 15.95462700101849], [108.31394678711656, 15.951677503353444], [108.3124532133083, 15.951677503353444]]]}, "properties": {"db_hole_id": 508, "course_id": 29, "course": "Montgomerie Links Vietnam — Championship", "facility": "Montgomerie Links Vietnam", "hole_number": 4, "par": 3, "length_m": 167.0, "coords_source": "SEED", "todo": "draw: green, fairway, bunker, water, ob", "centroid": "15.95315225218597,108.31320000021245"}}, {"type": "Feature", "geometry": {"type": "Polygon", "coordinates": [[[108.31325320383985, 15.952277502948919], [108.31325320383985, 15.957055830142938], [108.31474679658488, 15.957055830142938], [108.31474679658488, 15.952277502948919], [108.31325320383985, 15.952277502948919]]]}, "properties": {"db_hole_id": 509, "course_id": 29, "course": "Montgomerie Links Vietnam — Championship", "facility": "Montgomerie Links Vietnam", "hole_number": 5, "par": 4, "length_m": 370.0, "coords_source": "SEED", "todo": "draw: green, fairway, bunker, water, ob", "centroid": "15.95466666654593,108.31400000021236"}}, {"type": "Feature", "geometry": {"type": "Polygon", "coordinates": [[[108.31405320109118, 15.952877502544537], [108.31405320109118, 15.957673848564236], [108.31554679933342, 15.957673848564236], [108.31554679933342, 15.952877502544537], [108.31405320109118, 15.952877502544537]]]}, "properties": {"db_hole_id": 510, "course_id": 29, "course": "Montgomerie Links Vietnam — Championship", "facility": "Montgomerie Links Vietnam", "hole_number": 6, "par": 4, "length_m": 372.0, "coords_source": "SEED", "todo": "draw: green, fairway, bunker, water, ob", "centroid": "15.955275675554388,108.3148000002123"}}, {"type": "Feature", "geometry": {"type": "Polygon", "coordinates": [[[108.31485319386167, 15.953477502140284], [108.31485319386167, 15.959499074120709], [108.31634680656282, 15.959499074120709], [108.31634680656282, 15.953477502140284], [108.31485319386167, 15.953477502140284]]]}, "properties": {"db_hole_id": 511, "course_id": 29, "course": "Montgomerie Links Vietnam — Championship", "facility": "Montgomerie Links Vietnam", "hole_number": 7, "par": 5, "length_m": 508.0, "coords_source": "SEED", "todo": "draw: green, fairway, bunker, water, ob", "centroid": "15.956488288130497,108.31560000021226"}}, {"type": "Feature", "geometry": {"type": "Polygon", "coordinates": [[[108.31565320218115, 15.954077501736176], [108.31565320218115, 15.95713511073736], [108.31714679824319, 15.95713511073736], [108.31714679824319, 15.954077501736176], [108.31565320218115, 15.954077501736176]]]}, "properties": {"db_hole_id": 512, "course_id": 29, "course": "Montgomerie Links Vietnam — Championship", "facility": "Montgomerie Links Vietnam", "hole_number": 8, "par": 3, "length_m": 179.0, "coords_source": "SEED", "todo": "draw: green, fairway, bunker, water, ob", "centroid": "15.955606306236769,108.31640000021216"}}, {"type": "Feature", "geometry": {"type": "Polygon", "coordinates": [[[108.31645319284543, 15.954677501332204], [108.31645319284543, 15.959527903827317], [108.31794680757879, 15.959527903827317], [108.31794680757879, 15.954677501332204], [108.31645319284543, 15.954677501332204]]]}, "properties": {"db_hole_id": 513, "course_id": 29, "course": "Montgomerie Links Vietnam — Championship", "facility": "Montgomerie Links Vietnam", "hole_number": 9, "par": 4, "length_m": 378.0, "coords_source": "SEED", "todo": "draw: green, fairway, bunker, water, ob", "centroid": "15.957102702579762,108.31720000021213"}}, {"type": "Feature", "geometry": {"type": "Polygon", "coordinates": [[[108.31725319009692, 15.955277500928371], [108.31725319009692, 15.960145922248072], [108.31874681032717, 15.960145922248072], [108.31874681032717, 15.955277500928371], [108.31725319009692, 15.955277500928371]]]}, "properties": {"db_hole_id": 514, "course_id": 29, "course": "Montgomerie Links Vietnam — Championship", "facility": "Montgomerie Links Vietnam", "hole_number": 10, "par": 4, "length_m": 380.0, "coords_source": "SEED", "todo": "draw: green, fairway, bunker, water, ob", "centroid": "15.957711711588223,108.31800000021205"}}, {"type": "Feature", "geometry": {"type": "Polygon", "coordinates": [[[108.31805318734844, 15.955877500524673], [108.31805318734844, 15.960763940668684], [108.3195468130755, 15.960763940668684], [108.3195468130755, 15.955877500524673], [108.31805318734844, 15.955877500524673]]]}, "properties": {"db_hole_id": 515, "course_id": 29, "course": "Montgomerie Links Vietnam — Championship", "facility": "Montgomerie Links Vietnam", "hole_number": 11, "par": 4, "length_m": 382.0, "coords_source": "SEED", "todo": "draw: green, fairway, bunker, water, ob", "centroid": "15.958320720596678,108.31880000021198"}}, {"type": "Feature", "geometry": {"type": "Polygon", "coordinates": [[[108.31885319105457, 15.956477500121112], [108.31885319105457, 15.95964322045404], [108.32034680936928, 15.95964322045404], [108.32034680936928, 15.956477500121112], [108.31885319105457, 15.956477500121112]]]}, "properties": {"db_hole_id": 516, "course_id": 29, "course": "Montgomerie Links Vietnam — Championship", "facility": "Montgomerie Links Vietnam", "hole_number": 12, "par": 3, "length_m": 191.0, "coords_source": "SEED", "todo": "draw: green, fairway, bunker, water, ob", "centroid": "15.958060360287577,108.3196000002119"}}, {"type": "Feature", "geometry": {"type": "Polygon", "coordinates": [[[108.31965317696816, 15.957077499717693], [108.31965317696816, 15.96331529274642], [108.32114682345556, 15.96331529274642], [108.32114682345556, 15.957077499717693], [108.31965317696816, 15.957077499717693]]]}, "properties": {"db_hole_id": 517, "course_id": 29, "course": "Montgomerie Links Vietnam — Championship", "facility": "Montgomerie Links Vietnam", "hole_number": 13, "par": 5, "length_m": 532.0, "coords_source": "SEED", "todo": "draw: green, fairway, bunker, water, ob", "centroid": "15.960196396232057,108.32040000021186"}}, {"type": "Feature", "geometry": {"type": "Polygon", "coordinates": [[[108.32045317910325, 15.957677499314402], [108.32045317910325, 15.962617995929703], [108.32194682132032, 15.962617995929703], [108.32194682132032, 15.957677499314402], [108.32045317910325, 15.957677499314402]]]}, "properties": {"db_hole_id": 518, "course_id": 29, "course": "Montgomerie Links Vietnam — Championship", "facility": "Montgomerie Links Vietnam", "hole_number": 14, "par": 4, "length_m": 388.0, "coords_source": "SEED", "todo": "draw: green, fairway, bunker, water, ob", "centroid": "15.960147747622054,108.32120000021182"}}, {"type": "Feature", "geometry": {"type": "Polygon", "coordinates": [[[108.32125317635493, 15.958277498911256], [108.32125317635493, 15.963236014349766], [108.32274682406852, 15.963236014349766], [108.32274682406852, 15.958277498911256], [108.32125317635493, 15.958277498911256]]]}, "properties": {"db_hole_id": 519, "course_id": 29, "course": "Montgomerie Links Vietnam — Championship", "facility": "Montgomerie Links Vietnam", "hole_number": 15, "par": 4, "length_m": 390.0, "coords_source": "SEED", "todo": "draw: green, fairway, bunker, water, ob", "centroid": "15.96075675663051,108.32200000021172"}}, {"type": "Feature", "geometry": {"type": "Polygon", "coordinates": [[[108.32205317992853, 15.958877498508246], [108.32205317992853, 15.962151330168496], [108.32354682049481, 15.962151330168496], [108.32354682049481, 15.958877498508246], [108.32205317992853, 15.958877498508246]]]}, "properties": {"db_hole_id": 520, "course_id": 29, "course": "Montgomerie Links Vietnam — Championship", "facility": "Montgomerie Links Vietnam", "hole_number": 16, "par": 3, "length_m": 203.0, "coords_source": "SEED", "todo": "draw: green, fairway, bunker, water, ob", "centroid": "15.96051441433837,108.32280000021166"}}, {"type": "Feature", "geometry": {"type": "Polygon", "coordinates": [[[108.32285317085841, 15.959477498105382], [108.32285317085841, 15.964472051189492], [108.3243468295648, 15.964472051189492], [108.3243468295648, 15.959477498105382], [108.32285317085841, 15.959477498105382]]]}, "properties": {"db_hole_id": 521, "course_id": 29, "course": "Montgomerie Links Vietnam — Championship", "facility": "Montgomerie Links Vietnam", "hole_number": 17, "par": 4, "length_m": 394.0, "coords_source": "SEED", "todo": "draw: green, fairway, bunker, water, ob", "centroid": "15.96197477464744,108.3236000002116"}}, {"type": "Feature", "geometry": {"type": "Polygon", "coordinates": [[[108.3236531628911, 15.960077497702647], [108.3236531628911, 15.966495474930724], [108.32514683753197, 15.966495474930724], [108.32514683753197, 15.960077497702647], [108.3236531628911, 15.960077497702647]]]}, "properties": {"db_hole_id": 522, "course_id": 29, "course": "Montgomerie Links Vietnam — Championship", "facility": "Montgomerie Links Vietnam", "hole_number": 18, "par": 5, "length_m": 552.0, "coords_source": "SEED", "todo": "draw: green, fairway, bunker, water, ob", "centroid": "15.963286486316687,108.32440000021154"}}, {"type": "Feature", "geometry": {"type": "Polygon", "coordinates": [[[105.55003923373184, 19.14987702689023], [105.55003923373184, 19.15458423405934], [105.55156076618098, 19.15458423405934], [105.55156076618098, 19.14987702689023], [105.55003923373184, 19.14987702689023]]]}, "properties": {"db_hole_id": 433, "course_id": 25, "course": "Mường Thanh Diễn Lâm Golf Club — Championship", "facility": "Mường Thanh Diễn Lâm Golf Club", "hole_number": 1, "par": 4, "length_m": 362.0, "coords_source": "SEED", "todo": "draw: green, fairway, bunker, water, ob", "centroid": "19.152230630474783,105.55079999995641"}}, {"type": "Feature", "geometry": {"type": "Polygon", "coordinates": [[[105.55083922586805, 19.15047702702435], [105.55083922586805, 19.15631936897155], [105.55236077404463, 19.15631936897155], [105.55236077404463, 19.15047702702435], [105.55083922586805, 19.15047702702435]]]}, "properties": {"db_hole_id": 434, "course_id": 25, "course": "Mường Thanh Diễn Lâm Golf Club — Championship", "facility": "Mường Thanh Diễn Lâm Golf Club", "hole_number": 2, "par": 5, "length_m": 488.0, "coords_source": "SEED", "todo": "draw: green, fairway, bunker, water, ob", "centroid": "19.153398197997955,105.55159999995634"}}, {"type": "Feature", "geometry": {"type": "Polygon", "coordinates": [[[105.55163922824828, 19.151077027158596], [105.55163922824828, 19.155820269824183], [105.55316077166428, 19.155820269824183], [105.55316077166428, 19.151077027158596], [105.55163922824828, 19.151077027158596]]]}, "properties": {"db_hole_id": 435, "course_id": 25, "course": "Mường Thanh Diễn Lâm Golf Club — Championship", "facility": "Mường Thanh Diễn Lâm Golf Club", "hole_number": 3, "par": 4, "length_m": 366.0, "coords_source": "SEED", "todo": "draw: green, fairway, bunker, water, ob", "centroid": "19.15344864849139,105.55239999995626"}}, {"type": "Feature", "geometry": {"type": "Polygon", "coordinates": [[[105.55243923380901, 19.151677027292962], [105.55243923380901, 19.15462747703728], [105.55396076610344, 19.15462747703728], [105.55396076610344, 19.151677027292962], [105.55243923380901, 19.151677027292962]]]}, "properties": {"db_hole_id": 436, "course_id": 25, "course": "Mường Thanh Diễn Lâm Golf Club — Championship", "facility": "Mường Thanh Diễn Lâm Golf Club", "hole_number": 4, "par": 3, "length_m": 167.0, "coords_source": "SEED", "todo": "draw: green, fairway, bunker, water, ob", "centroid": "19.15315225216512,105.55319999995622"}}, {"type": "Feature", "geometry": {"type": "Polygon", "coordinates": [[[105.55323922276482, 19.15227702742747], [105.55323922276482, 19.15705630558853], [105.5547607771475, 19.15705630558853], [105.5547607771475, 19.15227702742747], [105.55323922276482, 19.15227702742747]]]}, "properties": {"db_hole_id": 437, "course_id": 25, "course": "Mường Thanh Diễn Lâm Golf Club — Championship", "facility": "Mường Thanh Diễn Lâm Golf Club", "hole_number": 5, "par": 4, "length_m": 370.0, "coords_source": "SEED", "todo": "draw: green, fairway, bunker, water, ob", "centroid": "19.154666666508,105.55399999995616"}}, {"type": "Feature", "geometry": {"type": "Polygon", "coordinates": [[[105.5540392200231, 19.152877027562088], [105.5540392200231, 19.157674323470506], [105.55556077988906, 19.157674323470506], [105.55556077988906, 19.152877027562088], [105.5540392200231, 19.152877027562088]]]}, "properties": {"db_hole_id": 438, "course_id": 25, "course": "Mường Thanh Diễn Lâm Golf Club — Championship", "facility": "Mường Thanh Diễn Lâm Golf Club", "hole_number": 6, "par": 4, "length_m": 372.0, "coords_source": "SEED", "todo": "draw: green, fairway, bunker, water, ob", "centroid": "19.155275675516297,105.55479999995607"}}, {"type": "Feature", "geometry": {"type": "Polygon", "coordinates": [[[105.5548392117453, 19.153477027696844], [105.5548392117453, 19.159499548465114], [105.55636078816677, 19.159499548465114], [105.55636078816677, 19.153477027696844], [105.5548392117453, 19.153477027696844]]]}, "properties": {"db_hole_id": 439, "course_id": 25, "course": "Mường Thanh Diễn Lâm Golf Club — Championship", "facility": "Mường Thanh Diễn Lâm Golf Club", "hole_number": 7, "par": 5, "length_m": 508.0, "coords_source": "SEED", "todo": "draw: green, fairway, bunker, water, ob", "centroid": "19.15648828808098,105.55559999995603"}}, {"type": "Feature", "geometry": {"type": "Polygon", "coordinates": [[[105.55563922267831, 19.15407702783172], [105.55563922267831, 19.157135584598166], [105.55716077723363, 19.157135584598166], [105.55716077723363, 19.15407702783172], [105.55563922267831, 19.15407702783172]]]}, "properties": {"db_hole_id": 440, "course_id": 25, "course": "Mường Thanh Diễn Lâm Golf Club — Championship", "facility": "Mường Thanh Diễn Lâm Golf Club", "hole_number": 8, "par": 3, "length_m": 179.0, "coords_source": "SEED", "todo": "draw: green, fairway, bunker, water, ob", "centroid": "19.15560630621494,105.55639999995594"}}, {"type": "Feature", "geometry": {"type": "Polygon", "coordinates": [[[105.55643921179815, 19.15467702796672], [105.55643921179815, 19.159528377115684], [105.55796078811365, 19.159528377115684], [105.55796078811365, 19.15467702796672], [105.55643921179815, 19.15467702796672]]]}, "properties": {"db_hole_id": 441, "course_id": 25, "course": "Mường Thanh Diễn Lâm Golf Club — Championship", "facility": "Mường Thanh Diễn Lâm Golf Club", "hole_number": 9, "par": 4, "length_m": 378.0, "coords_source": "SEED", "todo": "draw: green, fairway, bunker, water, ob", "centroid": "19.157102702541202,105.5571999999559"}}, {"type": "Feature", "geometry": {"type": "Polygon", "coordinates": [[[105.55723920905655, 19.15527702810186], [105.55723920905655, 19.16014639499716], [105.55876079085512, 19.16014639499716], [105.55876079085512, 19.15527702810186], [105.55723920905655, 19.15527702810186]]]}, "properties": {"db_hole_id": 442, "course_id": 25, "course": "Mường Thanh Diễn Lâm Golf Club — Championship", "facility": "Mường Thanh Diễn Lâm Golf Club", "hole_number": 10, "par": 4, "length_m": 380.0, "coords_source": "SEED", "todo": "draw: green, fairway, bunker, water, ob", "centroid": "19.15771171154951,105.55799999995583"}}, {"type": "Feature", "geometry": {"type": "Polygon", "coordinates": [[[105.55803920631496, 19.15587702823711], [105.55803920631496, 19.160764412878496], [105.55956079359657, 19.160764412878496], [105.55956079359657, 19.15587702823711], [105.55803920631496, 19.15587702823711]]]}, "properties": {"db_hole_id": 443, "course_id": 25, "course": "Mường Thanh Diễn Lâm Golf Club — Championship", "facility": "Mường Thanh Diễn Lâm Golf Club", "hole_number": 11, "par": 4, "length_m": 382.0, "coords_source": "SEED", "todo": "draw: green, fairway, bunker, water, ob", "centroid": "19.158320720557803,105.55879999995578"}}, {"type": "Feature", "geometry": {"type": "Polygon", "coordinates": [[[105.55883921154793, 19.156477028372485], [105.55883921154793, 19.15964369215704], [105.56036078836351, 19.15964369215704], [105.56036078836351, 19.156477028372485], [105.55883921154793, 19.156477028372485]]]}, "properties": {"db_hole_id": 444, "course_id": 25, "course": "Mường Thanh Diễn Lâm Golf Club — Championship", "facility": "Mường Thanh Diễn Lâm Golf Club", "hole_number": 12, "par": 3, "length_m": 191.0, "coords_source": "SEED", "todo": "draw: green, fairway, bunker, water, ob", "centroid": "19.158060360264763,105.55959999995572"}}, {"type": "Feature", "geometry": {"type": "Polygon", "coordinates": [[[105.55963919479852, 19.157077028507995], [105.55963919479852, 19.163315763853216], [105.56116080511278, 19.163315763853216], [105.56116080511278, 19.157077028507995], [105.55963919479852, 19.157077028507995]]]}, "properties": {"db_hole_id": 445, "course_id": 25, "course": "Mường Thanh Diễn Lâm Golf Club — Championship", "facility": "Mường Thanh Diễn Lâm Golf Club", "hole_number": 13, "par": 5, "length_m": 532.0, "coords_source": "SEED", "todo": "draw: green, fairway, bunker, water, ob", "centroid": "19.160196396180606,105.56039999995565"}}, {"type": "Feature", "geometry": {"type": "Polygon", "coordinates": [[[105.56043919809035, 19.157677028643644], [105.56043919809035, 19.16261846652179], [105.56196080182083, 19.16261846652179], [105.56196080182083, 19.157677028643644], [105.56043919809035, 19.157677028643644]]]}, "properties": {"db_hole_id": 446, "course_id": 25, "course": "Mường Thanh Diễn Lâm Golf Club — Championship", "facility": "Mường Thanh Diễn Lâm Golf Club", "hole_number": 14, "par": 4, "length_m": 388.0, "coords_source": "SEED", "todo": "draw: green, fairway, bunker, water, ob", "centroid": "19.160147747582716,105.56119999995559"}}, {"type": "Feature", "geometry": {"type": "Polygon", "coordinates": [[[105.56123919534885, 19.1582770287794], [105.56123919534885, 19.16323648440264], [105.56276080456217, 19.16323648440264], [105.56276080456217, 19.1582770287794], [105.56123919534885, 19.1582770287794]]]}, "properties": {"db_hole_id": 447, "course_id": 25, "course": "Mường Thanh Diễn Lâm Golf Club — Championship", "facility": "Mường Thanh Diễn Lâm Golf Club", "hole_number": 15, "par": 4, "length_m": 390.0, "coords_source": "SEED", "todo": "draw: green, fairway, bunker, water, ob", "centroid": "19.16075675659102,105.56199999995552"}}, {"type": "Feature", "geometry": {"type": "Polygon", "coordinates": [[[105.56203920041786, 19.158877028915285], [105.56203920041786, 19.16215179971388], [105.56356079949308, 19.16215179971388], [105.56356079949308, 19.158877028915285], [105.56203920041786, 19.158877028915285]]]}, "properties": {"db_hole_id": 448, "course_id": 25, "course": "Mường Thanh Diễn Lâm Golf Club — Championship", "facility": "Mường Thanh Diễn Lâm Golf Club", "hole_number": 16, "par": 3, "length_m": 203.0, "coords_source": "SEED", "todo": "draw: green, fairway, bunker, water, ob", "centroid": "19.160514414314584,105.56279999995546"}}, {"type": "Feature", "geometry": {"type": "Polygon", "coordinates": [[[105.56283918986595, 19.159477029051303], [105.56283918986595, 19.16447252016394], [105.56436081004483, 19.16447252016394], [105.56436081004483, 19.159477029051303], [105.56283918986595, 19.159477029051303]]]}, "properties": {"db_hole_id": 449, "course_id": 25, "course": "Mường Thanh Diễn Lâm Golf Club — Championship", "facility": "Mường Thanh Diễn Lâm Golf Club", "hole_number": 17, "par": 4, "length_m": 394.0, "coords_source": "SEED", "todo": "draw: green, fairway, bunker, water, ob", "centroid": "19.161974774607625,105.56359999995539"}}, {"type": "Feature", "geometry": {"type": "Polygon", "coordinates": [[[105.56363918067667, 19.16007702918745], [105.56363918067667, 19.166495943339815], [105.56516081923398, 19.166495943339815], [105.56516081923398, 19.16007702918745], [105.56363918067667, 19.16007702918745]]]}, "properties": {"db_hole_id": 450, "course_id": 25, "course": "Mường Thanh Diễn Lâm Golf Club — Championship", "facility": "Mường Thanh Diễn Lâm Golf Club", "hole_number": 18, "par": 5, "length_m": 552.0, "coords_source": "SEED", "todo": "draw: green, fairway, bunker, water, ob", "centroid": "19.163286486263633,105.56439999995533"}}, {"type": "Feature", "geometry": {"type": "Polygon", "coordinates": [[[107.08006970775253, 10.34987691420009], [107.08006970775253, 10.354584346894507], [107.08153029191809, 10.354584346894507], [107.08153029191809, 10.34987691420009], [107.08006970775253, 10.34987691420009]]]}, "properties": {"db_hole_id": 847, "course_id": 48, "course": "Paradise Vũng Tàu Golf Resort — Championship", "facility": "Paradise Vũng Tàu Golf Resort", "hole_number": 1, "par": 4, "length_m": 362.0, "coords_source": "SEED", "todo": "draw: green, fairway, bunker, water, ob", "centroid": "10.352230630547298,107.0807999998353"}}, {"type": "Feature", "geometry": {"type": "Polygon", "coordinates": [[[107.0808697040933, 10.350476914582535], [107.0808697040933, 10.356319481599698], [107.08233029557717, 10.356319481599698], [107.08233029557717, 10.350476914582535], [107.0808697040933, 10.350476914582535]]]}, "properties": {"db_hole_id": 848, "course_id": 48, "course": "Paradise Vũng Tàu Golf Resort — Championship", "facility": "Paradise Vũng Tàu Golf Resort", "hole_number": 2, "par": 5, "length_m": 488.0, "coords_source": "SEED", "todo": "draw: green, fairway, bunker, water, ob", "centroid": "10.353398198091117,107.08159999983523"}}, {"type": "Feature", "geometry": {"type": "Polygon", "coordinates": [[[107.0816697056107, 10.35107691496511], [107.0816697056107, 10.355820382164007], [107.08313029405964, 10.355820382164007], [107.08313029405964, 10.35107691496511], [107.0816697056107, 10.35107691496511]]]}, "properties": {"db_hole_id": 849, "course_id": 48, "course": "Paradise Vũng Tàu Golf Resort — Championship", "facility": "Paradise Vũng Tàu Golf Resort", "hole_number": 3, "par": 4, "length_m": 366.0, "coords_source": "SEED", "todo": "draw: green, fairway, bunker, water, ob", "centroid": "10.353448648564557,107.08239999983518"}}, {"type": "Feature", "geometry": {"type": "Polygon", "coordinates": [[[107.08246970873529, 10.35167691534783], [107.08246970873529, 10.354627589063496], [107.08393029093496, 10.354627589063496], [107.08393029093496, 10.35167691534783], [107.08246970873529, 10.35167691534783]]]}, "properties": {"db_hole_id": 850, "course_id": 48, "course": "Paradise Vũng Tàu Golf Resort — Championship", "facility": "Paradise Vũng Tàu Golf Resort", "hole_number": 4, "par": 3, "length_m": 167.0, "coords_source": "SEED", "todo": "draw: green, fairway, bunker, water, ob", "centroid": "10.353152252205666,107.08319999983514"}}, {"type": "Feature", "geometry": {"type": "Polygon", "coordinates": [[[107.08326970346909, 10.352276915730682], [107.08326970346909, 10.357056417432965], [107.08473029620103, 10.357056417432965], [107.08473029620103, 10.352276915730682], [107.08326970346909, 10.352276915730682]]]}, "properties": {"db_hole_id": 851, "course_id": 48, "course": "Paradise Vũng Tàu Golf Resort — Championship", "facility": "Paradise Vũng Tàu Golf Resort", "hole_number": 5, "par": 4, "length_m": 370.0, "coords_source": "SEED", "todo": "draw: green, fairway, bunker, water, ob", "centroid": "10.354666666581824,107.08399999983506"}}, {"type": "Feature", "geometry": {"type": "Polygon", "coordinates": [[[107.08406970239832, 10.352876916113674], [107.08406970239832, 10.357674435067239], [107.08553029727165, 10.357674435067239], [107.08553029727165, 10.352876916113674], [107.08406970239832, 10.352876916113674]]]}, "properties": {"db_hole_id": 852, "course_id": 48, "course": "Paradise Vũng Tàu Golf Resort — Championship", "facility": "Paradise Vũng Tàu Golf Resort", "hole_number": 6, "par": 4, "length_m": 372.0, "coords_source": "SEED", "todo": "draw: green, fairway, bunker, water, ob", "centroid": "10.355275675590454,107.08479999983497"}}, {"type": "Feature", "geometry": {"type": "Polygon", "coordinates": [[[107.08486969852973, 10.353476916496803], [107.08486969852973, 10.359499659858077], [107.08633030114012, 10.359499659858077], [107.08633030114012, 10.353476916496803], [107.08486969852973, 10.353476916496803]]]}, "properties": {"db_hole_id": 853, "course_id": 48, "course": "Paradise Vũng Tàu Golf Resort — Championship", "facility": "Paradise Vũng Tàu Golf Resort", "hole_number": 7, "par": 5, "length_m": 508.0, "coords_source": "SEED", "todo": "draw: green, fairway, bunker, water, ob", "centroid": "10.35648828817744,107.08559999983493"}}, {"type": "Feature", "geometry": {"type": "Polygon", "coordinates": [[[107.08566970436996, 10.354076916880059], [107.08566970436996, 10.357135695634852], [107.08713029529974, 10.357135695634852], [107.08713029529974, 10.354076916880059], [107.08566970436996, 10.354076916880059]]]}, "properties": {"db_hole_id": 854, "course_id": 48, "course": "Paradise Vũng Tàu Golf Resort — Championship", "facility": "Paradise Vũng Tàu Golf Resort", "hole_number": 8, "par": 3, "length_m": 179.0, "coords_source": "SEED", "todo": "draw: green, fairway, bunker, water, ob", "centroid": "10.355606306257457,107.08639999983485"}}, {"type": "Feature", "geometry": {"type": "Polygon", "coordinates": [[[107.08646969918638, 10.354676917263458], [107.08646969918638, 10.359528487969248], [107.08793030048321, 10.359528487969248], [107.08793030048321, 10.354676917263458], [107.08646969918638, 10.354676917263458]]]}, "properties": {"db_hole_id": 855, "course_id": 48, "course": "Paradise Vũng Tàu Golf Resort — Championship", "facility": "Paradise Vũng Tàu Golf Resort", "hole_number": 9, "par": 4, "length_m": 378.0, "coords_source": "SEED", "todo": "draw: green, fairway, bunker, water, ob", "centroid": "10.357102702616352,107.08719999983481"}}, {"type": "Feature", "geometry": {"type": "Polygon", "coordinates": [[[107.08726969811582, 10.35527691764699], [107.08726969811582, 10.360146505602978], [107.08873030155364, 10.360146505602978], [107.08873030155364, 10.35527691764699], [107.08726969811582, 10.35527691764699]]]}, "properties": {"db_hole_id": 856, "course_id": 48, "course": "Paradise Vũng Tàu Golf Resort — Championship", "facility": "Paradise Vũng Tàu Golf Resort", "hole_number": 10, "par": 4, "length_m": 380.0, "coords_source": "SEED", "todo": "draw: green, fairway, bunker, water, ob", "centroid": "10.357711711624983,107.08799999983474"}}, {"type": "Feature", "geometry": {"type": "Polygon", "coordinates": [[[107.0880696970453, 10.355876918030663], [107.0880696970453, 10.360764523236575], [107.08953030262401, 10.360764523236575], [107.08953030262401, 10.355876918030663], [107.0880696970453, 10.355876918030663]]]}, "properties": {"db_hole_id": 857, "course_id": 48, "course": "Paradise Vũng Tàu Golf Resort — Championship", "facility": "Paradise Vũng Tàu Golf Resort", "hole_number": 11, "par": 4, "length_m": 382.0, "coords_source": "SEED", "todo": "draw: green, fairway, bunker, water, ob", "centroid": "10.35832072063362,107.08879999983466"}}, {"type": "Feature", "geometry": {"type": "Polygon", "coordinates": [[[107.08886970000535, 10.356476918414462], [107.08886970000535, 10.359643802204035], [107.09033029966386, 10.359643802204035], [107.09033029966386, 10.356476918414462], [107.08886970000535, 10.356476918414462]]]}, "properties": {"db_hole_id": 858, "course_id": 48, "course": "Paradise Vũng Tàu Golf Resort — Championship", "facility": "Paradise Vũng Tàu Golf Resort", "hole_number": 12, "par": 3, "length_m": 191.0, "coords_source": "SEED", "todo": "draw: green, fairway, bunker, water, ob", "centroid": "10.35806036030925,107.0895999998346"}}, {"type": "Feature", "geometry": {"type": "Polygon", "coordinates": [[[107.0896696918548, 10.357076918798406], [107.0896696918548, 10.363315873763632], [107.0911303078143, 10.363315873763632], [107.0911303078143, 10.357076918798406], [107.0896696918548, 10.357076918798406]]]}, "properties": {"db_hole_id": 859, "course_id": 48, "course": "Paradise Vũng Tàu Golf Resort — Championship", "facility": "Paradise Vũng Tàu Golf Resort", "hole_number": 13, "par": 5, "length_m": 532.0, "coords_source": "SEED", "todo": "draw: green, fairway, bunker, water, ob", "centroid": "10.360196396281019,107.09039999983455"}}, {"type": "Feature", "geometry": {"type": "Polygon", "coordinates": [[[107.09046969383408, 10.357676919182481], [107.09046969383408, 10.362618576136544], [107.0919303058349, 10.362618576136544], [107.0919303058349, 10.357676919182481], [107.09046969383408, 10.357676919182481]]]}, "properties": {"db_hole_id": 860, "course_id": 48, "course": "Paradise Vũng Tàu Golf Resort — Championship", "facility": "Paradise Vũng Tàu Golf Resort", "hole_number": 14, "par": 4, "length_m": 388.0, "coords_source": "SEED", "todo": "draw: green, fairway, bunker, water, ob", "centroid": "10.360147747659513,107.0911999998345"}}, {"type": "Feature", "geometry": {"type": "Polygon", "coordinates": [[[107.09126969276375, 10.358276919566695], [107.09126969276375, 10.363236593769596], [107.09273030690508, 10.363236593769596], [107.09273030690508, 10.358276919566695], [107.09126969276375, 10.358276919566695]]]}, "properties": {"db_hole_id": 861, "course_id": 48, "course": "Paradise Vũng Tàu Golf Resort — Championship", "facility": "Paradise Vũng Tàu Golf Resort", "hole_number": 15, "par": 4, "length_m": 390.0, "coords_source": "SEED", "todo": "draw: green, fairway, bunker, water, ob", "centroid": "10.360756756668145,107.09199999983441"}}, {"type": "Feature", "geometry": {"type": "Polygon", "coordinates": [[[107.09206969564144, 10.358876919951044], [107.09206969564144, 10.362151908771045], [107.09353030402725, 10.362151908771045], [107.09353030402725, 10.358876919951044], [107.09206969564144, 10.358876919951044]]]}, "properties": {"db_hole_id": 862, "course_id": 48, "course": "Paradise Vũng Tàu Golf Resort — Championship", "facility": "Paradise Vũng Tàu Golf Resort", "hole_number": 16, "par": 3, "length_m": 203.0, "coords_source": "SEED", "todo": "draw: green, fairway, bunker, water, ob", "centroid": "10.360514414361047,107.09279999983434"}}, {"type": "Feature", "geometry": {"type": "Polygon", "coordinates": [[[107.09286969062325, 10.359476920335522], [107.09286969062325, 10.364472629035294], [107.09433030904532, 10.364472629035294], [107.09433030904532, 10.359476920335522], [107.09286969062325, 10.359476920335522]]]}, "properties": {"db_hole_id": 863, "course_id": 48, "course": "Paradise Vũng Tàu Golf Resort — Championship", "facility": "Paradise Vũng Tàu Golf Resort", "hole_number": 17, "par": 4, "length_m": 394.0, "coords_source": "SEED", "todo": "draw: green, fairway, bunker, water, ob", "centroid": "10.361974774685407,107.09359999983428"}}, {"type": "Feature", "geometry": {"type": "Polygon", "coordinates": [[[107.0936696862935, 10.360076920720147], [107.0936696862935, 10.366496052014538], [107.09513031337495, 10.366496052014538], [107.09513031337495, 10.360076920720147], [107.0936696862935, 10.360076920720147]]]}, "properties": {"db_hole_id": 864, "course_id": 48, "course": "Paradise Vũng Tàu Golf Resort — Championship", "facility": "Paradise Vũng Tàu Golf Resort", "hole_number": 18, "par": 5, "length_m": 552.0, "coords_source": "SEED", "todo": "draw: green, fairway, bunker, water, ob", "centroid": "10.363286486367343,107.09439999983422"}}, {"type": "Feature", "geometry": {"type": "Polygon", "coordinates": [[[108.10006896117346, 10.84987737147307], [108.10006896117346, 10.854583889625696], [108.10153103928506, 10.854583889625696], [108.10153103928506, 10.84987737147307], [108.10006896117346, 10.84987737147307]]]}, "properties": {"db_hole_id": 703, "course_id": 40, "course": "PGA Ocean Golf Course NovaWorld — Championship", "facility": "PGA Ocean Golf Course NovaWorld", "hole_number": 1, "par": 4, "length_m": 362.0, "coords_source": "SEED", "todo": "draw: green, fairway, bunker, water, ob", "centroid": "10.852230630549382,108.10080000022928"}}, {"type": "Feature", "geometry": {"type": "Polygon", "coordinates": [[[108.10086895644335, 10.850477371001563], [108.10086895644335, 10.856319025185993], [108.10233104401507, 10.856319025185993], [108.10233104401507, 10.850477371001563], [108.10086895644335, 10.850477371001563]]]}, "properties": {"db_hole_id": 704, "course_id": 40, "course": "PGA Ocean Golf Course NovaWorld — Championship", "facility": "PGA Ocean Golf Course NovaWorld", "hole_number": 2, "par": 5, "length_m": 488.0, "coords_source": "SEED", "todo": "draw: green, fairway, bunker, water, ob", "centroid": "10.853398198093778,108.10160000022921"}}, {"type": "Feature", "geometry": {"type": "Polygon", "coordinates": [[[108.10166895715801, 10.851077370530199], [108.10166895715801, 10.855819926603086], [108.10313104330028, 10.855819926603086], [108.10313104330028, 10.851077370530199], [108.10166895715801, 10.851077370530199]]]}, "properties": {"db_hole_id": 705, "course_id": 40, "course": "PGA Ocean Golf Course NovaWorld — Championship", "facility": "PGA Ocean Golf Course NovaWorld", "hole_number": 3, "par": 4, "length_m": 366.0, "coords_source": "SEED", "todo": "draw: green, fairway, bunker, water, ob", "centroid": "10.85344864856664,108.10240000022915"}}, {"type": "Feature", "geometry": {"type": "Polygon", "coordinates": [[[108.10246895956313, 10.851677370058978], [108.10246895956313, 10.854627134354649], [108.10393104089505, 10.854627134354649], [108.10393104089505, 10.851677370058978], [108.10246895956313, 10.851677370058978]]]}, "properties": {"db_hole_id": 706, "course_id": 40, "course": "PGA Ocean Golf Course NovaWorld — Championship", "facility": "PGA Ocean Golf Course NovaWorld", "hole_number": 4, "par": 3, "length_m": 167.0, "coords_source": "SEED", "todo": "draw: green, fairway, bunker, water, ob", "centroid": "10.853152252206812,108.1032000002291"}}, {"type": "Feature", "geometry": {"type": "Polygon", "coordinates": [[[108.10326895314275, 10.852277369587899], [108.10326895314275, 10.857055963579905], [108.1047310473153, 10.857055963579905], [108.1047310473153, 10.852277369587899], [108.10326895314275, 10.852277369587899]]]}, "properties": {"db_hole_id": 707, "course_id": 40, "course": "PGA Ocean Golf Course NovaWorld — Championship", "facility": "PGA Ocean Golf Course NovaWorld", "hole_number": 5, "par": 4, "length_m": 370.0, "coords_source": "SEED", "todo": "draw: green, fairway, bunker, water, ob", "centroid": "10.854666666583901,108.10400000022902"}}, {"type": "Feature", "geometry": {"type": "Polygon", "coordinates": [[[108.10406895113519, 10.852877369116968], [108.10406895113519, 10.857673982068102], [108.10553104932274, 10.857673982068102], [108.10553104932274, 10.852877369116968], [108.10406895113519, 10.852877369116968]]]}, "properties": {"db_hole_id": 708, "course_id": 40, "course": "PGA Ocean Golf Course NovaWorld — Championship", "facility": "PGA Ocean Golf Course NovaWorld", "hole_number": 6, "par": 4, "length_m": 372.0, "coords_source": "SEED", "todo": "draw: green, fairway, bunker, water, ob", "centroid": "10.855275675592534,108.10480000022899"}}, {"type": "Feature", "geometry": {"type": "Polygon", "coordinates": [[[108.10486894618488, 10.853477368646173], [108.10486894618488, 10.859499207714073], [108.10633105427293, 10.859499207714073], [108.10633105427293, 10.853477368646173], [108.10486894618488, 10.853477368646173]]]}, "properties": {"db_hole_id": 709, "course_id": 40, "course": "PGA Ocean Golf Course NovaWorld — Championship", "facility": "PGA Ocean Golf Course NovaWorld", "hole_number": 7, "par": 5, "length_m": 508.0, "coords_source": "SEED", "todo": "draw: green, fairway, bunker, water, ob", "centroid": "10.856488288180124,108.1056000002289"}}, {"type": "Feature", "geometry": {"type": "Polygon", "coordinates": [[[108.1056689514462, 10.854077368175517], [108.1056689514462, 10.857135244341762], [108.10713104901146, 10.857135244341762], [108.10713104901146, 10.854077368175517], [108.1056689514462, 10.854077368175517]]]}, "properties": {"db_hole_id": 710, "course_id": 40, "course": "PGA Ocean Golf Course NovaWorld — Championship", "facility": "PGA Ocean Golf Course NovaWorld", "hole_number": 8, "par": 3, "length_m": 179.0, "coords_source": "SEED", "todo": "draw: green, fairway, bunker, water, ob", "centroid": "10.855606306258641,108.10640000022885"}}, {"type": "Feature", "geometry": {"type": "Polygon", "coordinates": [[[108.1064689451128, 10.854677367705008], [108.1064689451128, 10.859528037531835], [108.10793105534472, 10.859528037531835], [108.10793105534472, 10.854677367705008], [108.1064689451128, 10.854677367705008]]]}, "properties": {"db_hole_id": 711, "course_id": 40, "course": "PGA Ocean Golf Course NovaWorld — Championship", "facility": "PGA Ocean Golf Course NovaWorld", "hole_number": 9, "par": 4, "length_m": 378.0, "coords_source": "SEED", "todo": "draw: green, fairway, bunker, water, ob", "centroid": "10.857102702618421,108.10720000022874"}}, {"type": "Feature", "geometry": {"type": "Polygon", "coordinates": [[[108.10726894310545, 10.85527736723464], [108.10726894310545, 10.860146056019463], [108.10873105735196, 10.860146056019463], [108.10873105735196, 10.85527736723464], [108.10726894310545, 10.85527736723464]]]}, "properties": {"db_hole_id": 712, "course_id": 40, "course": "PGA Ocean Golf Course NovaWorld — Championship", "facility": "PGA Ocean Golf Course NovaWorld", "hole_number": 10, "par": 4, "length_m": 380.0, "coords_source": "SEED", "todo": "draw: green, fairway, bunker, water, ob", "centroid": "10.85771171162705,108.10800000022873"}}, {"type": "Feature", "geometry": {"type": "Polygon", "coordinates": [[[108.10806894109814, 10.855877366764414], [108.10806894109814, 10.860764074506946], [108.10953105935914, 10.860764074506946], [108.10953105935914, 10.855877366764414], [108.10806894109814, 10.855877366764414]]]}, "properties": {"db_hole_id": 713, "course_id": 40, "course": "PGA Ocean Golf Course NovaWorld — Championship", "facility": "PGA Ocean Golf Course NovaWorld", "hole_number": 11, "par": 4, "length_m": 382.0, "coords_source": "SEED", "todo": "draw: green, fairway, bunker, water, ob", "centroid": "10.85832072063568,108.10880000022865"}}, {"type": "Feature", "geometry": {"type": "Polygon", "coordinates": [[[108.10886894333007, 10.856477366294325], [108.10886894333007, 10.859643354326586], [108.11033105712711, 10.859643354326586], [108.11033105712711, 10.856477366294325], [108.10886894333007, 10.856477366294325]]]}, "properties": {"db_hole_id": 714, "course_id": 40, "course": "PGA Ocean Golf Course NovaWorld — Championship", "facility": "PGA Ocean Golf Course NovaWorld", "hole_number": 12, "par": 3, "length_m": 191.0, "coords_source": "SEED", "todo": "draw: green, fairway, bunker, water, ob", "centroid": "10.858060360310455,108.1096000002286"}}, {"type": "Feature", "geometry": {"type": "Polygon", "coordinates": [[[108.10966893387616, 10.857077365824384], [108.10966893387616, 10.863315426743055], [108.11113106658088, 10.863315426743055], [108.11113106658088, 10.857077365824384], [108.10966893387616, 10.857077365824384]]]}, "properties": {"db_hole_id": 715, "course_id": 40, "course": "PGA Ocean Golf Course NovaWorld — Championship", "facility": "PGA Ocean Golf Course NovaWorld", "hole_number": 13, "par": 5, "length_m": 532.0, "coords_source": "SEED", "todo": "draw: green, fairway, bunker, water, ob", "centroid": "10.860196396283719,108.11040000022854"}}, {"type": "Feature", "geometry": {"type": "Polygon", "coordinates": [[[108.11046893507651, 10.857677365354588], [108.11046893507651, 10.862618129968553], [108.11193106538042, 10.862618129968553], [108.11193106538042, 10.857677365354588], [108.11046893507651, 10.857677365354588]]]}, "properties": {"db_hole_id": 716, "course_id": 40, "course": "PGA Ocean Golf Course NovaWorld — Championship", "facility": "PGA Ocean Golf Course NovaWorld", "hole_number": 14, "par": 4, "length_m": 388.0, "coords_source": "SEED", "todo": "draw: green, fairway, bunker, water, ob", "centroid": "10.860147747661571,108.11120000022845"}}, {"type": "Feature", "geometry": {"type": "Polygon", "coordinates": [[[108.1112689330694, 10.85827736488493], [108.1112689330694, 10.863236148455464], [108.1127310673874, 10.863236148455464], [108.1127310673874, 10.85827736488493], [108.1112689330694, 10.85827736488493]]]}, "properties": {"db_hole_id": 717, "course_id": 40, "course": "PGA Ocean Golf Course NovaWorld — Championship", "facility": "PGA Ocean Golf Course NovaWorld", "hole_number": 15, "par": 4, "length_m": 390.0, "coords_source": "SEED", "todo": "draw: green, fairway, bunker, water, ob", "centroid": "10.860756756670195,108.11200000022842"}}, {"type": "Feature", "geometry": {"type": "Polygon", "coordinates": [[[108.11206893521464, 10.858877364415413], [108.11206893521464, 10.86215146430914], [108.11353106524201, 10.86215146430914], [108.11353106524201, 10.858877364415413], [108.11206893521464, 10.858877364415413]]]}, "properties": {"db_hole_id": 718, "course_id": 40, "course": "PGA Ocean Golf Course NovaWorld — Championship", "facility": "PGA Ocean Golf Course NovaWorld", "hole_number": 16, "par": 3, "length_m": 203.0, "coords_source": "SEED", "todo": "draw: green, fairway, bunker, water, ob", "centroid": "10.860514414362276,108.11280000022832"}}, {"type": "Feature", "geometry": {"type": "Polygon", "coordinates": [[[108.11286892905531, 10.859477363946043], [108.11286892905531, 10.864472185428871], [108.11433107140121, 10.864472185428871], [108.11433107140121, 10.859477363946043], [108.11286892905531, 10.859477363946043]]]}, "properties": {"db_hole_id": 719, "course_id": 40, "course": "PGA Ocean Golf Course NovaWorld — Championship", "facility": "PGA Ocean Golf Course NovaWorld", "hole_number": 17, "par": 4, "length_m": 394.0, "coords_source": "SEED", "todo": "draw: green, fairway, bunker, water, ob", "centroid": "10.861974774687456,108.11360000022826"}}, {"type": "Feature", "geometry": {"type": "Polygon", "coordinates": [[[108.11366892362011, 10.860077363476812], [108.11366892362011, 10.866495609263294], [108.11513107683628, 10.866495609263294], [108.11513107683628, 10.860077363476812], [108.11366892362011, 10.860077363476812]]]}, "properties": {"db_hole_id": 720, "course_id": 40, "course": "PGA Ocean Golf Course NovaWorld — Championship", "facility": "PGA Ocean Golf Course NovaWorld", "hole_number": 18, "par": 5, "length_m": 552.0, "coords_source": "SEED", "todo": "draw: green, fairway, bunker, water, ob", "centroid": "10.863286486370052,108.1144000002282"}}, {"type": "Feature", "geometry": {"type": "Polygon", "coordinates": [[[105.52003086361, 20.879877164192134], [105.52003086361, 20.884584096734063], [105.52156913630758, 20.884584096734063], [105.52156913630758, 20.879877164192134], [105.52003086361, 20.879877164192134]]]}, "properties": {"db_hole_id": 235, "course_id": 14, "course": "Phoenix Golf Resort — Championship", "facility": "Phoenix Golf Resort", "hole_number": 1, "par": 4, "length_m": 362.0, "coords_source": "SEED", "todo": "draw: green, fairway, bunker, water, ob", "centroid": "20.8822306304631,105.52079999995878"}}, {"type": "Feature", "geometry": {"type": "Polygon", "coordinates": [[[105.52083085485961, 20.88047716432321], [105.52083085485961, 20.886319231642634], [105.52236914505784, 20.886319231642634], [105.52236914505784, 20.88047716432321], [105.52083085485961, 20.88047716432321]]]}, "properties": {"db_hole_id": 236, "course_id": 14, "course": "Phoenix Golf Resort — Championship", "facility": "Phoenix Golf Resort", "hole_number": 2, "par": 5, "length_m": 488.0, "coords_source": "SEED", "todo": "draw: green, fairway, bunker, water, ob", "centroid": "20.88339819798292,105.52159999995872"}}, {"type": "Feature", "geometry": {"type": "Polygon", "coordinates": [[[105.52163085748718, 20.8810771644544], [105.52163085748718, 20.885820132504783], [105.52316914243012, 20.885820132504783], [105.52316914243012, 20.8810771644544], [105.52163085748718, 20.8810771644544]]]}, "properties": {"db_hole_id": 237, "course_id": 14, "course": "Phoenix Golf Resort — Championship", "facility": "Phoenix Golf Resort", "hole_number": 3, "par": 4, "length_m": 366.0, "coords_source": "SEED", "todo": "draw: green, fairway, bunker, water, ob", "centroid": "20.883448648479593,105.52239999995865"}}, {"type": "Feature", "geometry": {"type": "Polygon", "coordinates": [[[105.52243086364736, 20.88167716458573], [105.52243086364736, 20.884627339731452], [105.52396913626987, 20.884627339731452], [105.52396913626987, 20.88167716458573], [105.52243086364736, 20.88167716458573]]]}, "properties": {"db_hole_id": 238, "course_id": 14, "course": "Phoenix Golf Resort — Championship", "facility": "Phoenix Golf Resort", "hole_number": 4, "par": 3, "length_m": 167.0, "coords_source": "SEED", "todo": "draw: green, fairway, bunker, water, ob", "centroid": "20.88315225215859,105.5231999999586"}}, {"type": "Feature", "geometry": {"type": "Polygon", "coordinates": [[[105.52323085136446, 20.882277164717173], [105.52323085136446, 20.887056168275013], [105.52476914855264, 20.887056168275013], [105.52476914855264, 20.882277164717173], [105.52323085136446, 20.882277164717173]]]}, "properties": {"db_hole_id": 239, "course_id": 14, "course": "Phoenix Golf Resort — Championship", "facility": "Phoenix Golf Resort", "hole_number": 5, "par": 4, "length_m": 370.0, "coords_source": "SEED", "todo": "draw: green, fairway, bunker, water, ob", "centroid": "20.884666666496095,105.52399999995852"}}, {"type": "Feature", "geometry": {"type": "Polygon", "coordinates": [[[105.52403084830311, 20.882877164848743], [105.52403084830311, 20.88767418615993], [105.52556915161385, 20.88767418615993], [105.52556915161385, 20.882877164848743], [105.52403084830311, 20.882877164848743]]]}, "properties": {"db_hole_id": 240, "course_id": 14, "course": "Phoenix Golf Resort — Championship", "facility": "Phoenix Golf Resort", "hole_number": 6, "par": 4, "length_m": 372.0, "coords_source": "SEED", "todo": "draw: green, fairway, bunker, water, ob", "centroid": "20.88527567550434,105.52479999995849"}}, {"type": "Feature", "geometry": {"type": "Polygon", "coordinates": [[[105.52483083909286, 20.88347716498044], [105.52483083909286, 20.889499411150407], [105.52636916082395, 20.889499411150407], [105.52636916082395, 20.88347716498044], [105.52483083909286, 20.88347716498044]]]}, "properties": {"db_hole_id": 241, "course_id": 14, "course": "Phoenix Golf Resort — Championship", "facility": "Phoenix Golf Resort", "hole_number": 7, "par": 5, "length_m": 508.0, "coords_source": "SEED", "todo": "draw: green, fairway, bunker, water, ob", "centroid": "20.886488288065422,105.5255999999584"}}, {"type": "Feature", "geometry": {"type": "Polygon", "coordinates": [[[105.52563085121982, 20.884077165112256], [105.52563085121982, 20.887135447303937], [105.5271691486969, 20.887135447303937], [105.5271691486969, 20.884077165112256], [105.52563085121982, 20.884077165112256]]]}, "properties": {"db_hole_id": 242, "course_id": 14, "course": "Phoenix Golf Resort — Championship", "facility": "Phoenix Golf Resort", "hole_number": 8, "par": 3, "length_m": 179.0, "coords_source": "SEED", "todo": "draw: green, fairway, bunker, water, ob", "centroid": "20.885606306208093,105.52639999995836"}}, {"type": "Feature", "geometry": {"type": "Polygon", "coordinates": [[[105.52643083911916, 20.884677165244206], [105.52643083911916, 20.889528239813984], [105.52796916079741, 20.889528239813984], [105.52796916079741, 20.884677165244206], [105.52643083911916, 20.884677165244206]]]}, "properties": {"db_hole_id": 243, "course_id": 14, "course": "Phoenix Golf Resort — Championship", "facility": "Phoenix Golf Resort", "hole_number": 9, "par": 4, "length_m": 378.0, "coords_source": "SEED", "todo": "draw: green, fairway, bunker, water, ob", "centroid": "20.887102702529095,105.5271999999583"}}, {"type": "Feature", "geometry": {"type": "Polygon", "coordinates": [[[105.52723083605787, 20.885277165376266], [105.52723083605787, 20.890146257698415], [105.52876916385857, 20.890146257698415], [105.52876916385857, 20.885277165376266], [105.52723083605787, 20.885277165376266]]]}, "properties": {"db_hole_id": 244, "course_id": 14, "course": "Phoenix Golf Resort — Championship", "facility": "Phoenix Golf Resort", "hole_number": 10, "par": 4, "length_m": 380.0, "coords_source": "SEED", "todo": "draw: green, fairway, bunker, water, ob", "centroid": "20.887711711537346,105.5279999999582"}}, {"type": "Feature", "geometry": {"type": "Polygon", "coordinates": [[[105.52803083299659, 20.885877165508457], [105.52803083299659, 20.89076427558273], [105.52956916691971, 20.89076427558273], [105.52956916691971, 20.885877165508457], [105.52803083299659, 20.885877165508457]]]}, "properties": {"db_hole_id": 245, "course_id": 14, "course": "Phoenix Golf Resort — Championship", "facility": "Phoenix Golf Resort", "hole_number": 11, "par": 4, "length_m": 382.0, "coords_source": "SEED", "todo": "draw: green, fairway, bunker, water, ob", "centroid": "20.888320720545597,105.52879999995815"}}, {"type": "Feature", "geometry": {"type": "Polygon", "coordinates": [[[105.52883083879249, 20.88647716564077], [105.52883083879249, 20.889643554874432], [105.53036916112373, 20.889643554874432], [105.53036916112373, 20.88647716564077], [105.52883083879249, 20.88647716564077]]]}, "properties": {"db_hole_id": 246, "course_id": 14, "course": "Phoenix Golf Resort — Championship", "facility": "Phoenix Golf Resort", "hole_number": 12, "par": 3, "length_m": 191.0, "coords_source": "SEED", "todo": "draw: green, fairway, bunker, water, ob", "centroid": "20.8880603602576,105.52959999995811"}}, {"type": "Feature", "geometry": {"type": "Polygon", "coordinates": [[[105.52963082017307, 20.887077165773203], [105.52963082017307, 20.89331562655565], [105.531169179743, 20.89331562655565], [105.531169179743, 20.887077165773203], [105.52963082017307, 20.887077165773203]]]}, "properties": {"db_hole_id": 247, "course_id": 14, "course": "Phoenix Golf Resort — Championship", "facility": "Phoenix Golf Resort", "hole_number": 13, "par": 5, "length_m": 532.0, "coords_source": "SEED", "todo": "draw: green, fairway, bunker, water, ob", "centroid": "20.890196396164427,105.53039999995802"}}, {"type": "Feature", "geometry": {"type": "Polygon", "coordinates": [[[105.5304308238129, 20.88767716590576], [105.5304308238129, 20.892618329234924], [105.53196917610305, 20.892618329234924], [105.53196917610305, 20.88767716590576], [105.5304308238129, 20.88767716590576]]]}, "properties": {"db_hole_id": 248, "course_id": 14, "course": "Phoenix Golf Resort — Championship", "facility": "Phoenix Golf Resort", "hole_number": 14, "par": 4, "length_m": 388.0, "coords_source": "SEED", "todo": "draw: green, fairway, bunker, water, ob", "centroid": "20.890147747570342,105.53119999995798"}}, {"type": "Feature", "geometry": {"type": "Polygon", "coordinates": [[[105.53123082075169, 20.88827716603845], [105.53123082075169, 20.893236347118734], [105.53276917916412, 20.893236347118734], [105.53276917916412, 20.88827716603845], [105.53123082075169, 20.88827716603845]]]}, "properties": {"db_hole_id": 249, "course_id": 14, "course": "Phoenix Golf Resort — Championship", "facility": "Phoenix Golf Resort", "hole_number": 15, "par": 4, "length_m": 390.0, "coords_source": "SEED", "todo": "draw: green, fairway, bunker, water, ob", "centroid": "20.89075675657859,105.5319999999579"}}, {"type": "Feature", "geometry": {"type": "Polygon", "coordinates": [[[105.53203082636533, 20.888877166171252], [105.53203082636533, 20.89215166244295], [105.53356917355035, 20.89215166244295], [105.53356917355035, 20.888877166171252], [105.53203082636533, 20.888877166171252]]]}, "properties": {"db_hole_id": 250, "course_id": 14, "course": "Phoenix Golf Resort — Championship", "facility": "Phoenix Golf Resort", "hole_number": 16, "par": 3, "length_m": 203.0, "coords_source": "SEED", "todo": "draw: green, fairway, bunker, water, ob", "centroid": "20.8905144143071,105.53279999995783"}}, {"type": "Feature", "geometry": {"type": "Polygon", "coordinates": [[[105.53283081462934, 20.88947716630418], [105.53283081462934, 20.894472382885994], [105.53436918528622, 20.894472382885994], [105.53436918528622, 20.88947716630418], [105.53283081462934, 20.88947716630418]]]}, "properties": {"db_hole_id": 251, "course_id": 14, "course": "Phoenix Golf Resort — Championship", "facility": "Phoenix Golf Resort", "hole_number": 17, "par": 4, "length_m": 394.0, "coords_source": "SEED", "todo": "draw: green, fairway, bunker, water, ob", "centroid": "20.891974774595084,105.53359999995777"}}, {"type": "Feature", "geometry": {"type": "Polygon", "coordinates": [[[105.53363080440681, 20.890077166437234], [105.53363080440681, 20.896495806056617], [105.53516919550862, 20.896495806056617], [105.53516919550862, 20.890077166437234], [105.53363080440681, 20.890077166437234]]]}, "properties": {"db_hole_id": 252, "course_id": 14, "course": "Phoenix Golf Resort — Championship", "facility": "Phoenix Golf Resort", "hole_number": 18, "par": 5, "length_m": 552.0, "coords_source": "SEED", "todo": "draw: green, fairway, bunker, water, ob", "centroid": "20.893286486246925,105.53439999995771"}}, {"type": "Feature", "geometry": {"type": "Polygon", "coordinates": [[[106.00003482016548, 20.099877170946055], [106.00003482016548, 20.10458408999415], [106.00156517967618, 20.10458408999415], [106.00156517967618, 20.099877170946055], [106.00003482016548, 20.099877170946055]]]}, "properties": {"db_hole_id": 397, "course_id": 23, "course": "Royal Golf Club Ninh Bình — Championship", "facility": "Royal Golf Club Ninh Bình", "hole_number": 1, "par": 4, "length_m": 362.0, "coords_source": "SEED", "todo": "draw: green, fairway, bunker, water, ob", "centroid": "20.102230630470103,106.00079999992084"}}, {"type": "Feature", "geometry": {"type": "Polygon", "coordinates": [[[106.00083481189667, 20.100477171150878], [106.00083481189667, 20.10631922483299], [106.00236518794485, 20.10631922483299], [106.00236518794485, 20.100477171150878], [106.00083481189667, 20.100477171150878]]]}, "properties": {"db_hole_id": 398, "course_id": 23, "course": "Royal Golf Club Ninh Bình — Championship", "facility": "Royal Golf Club Ninh Bình", "hole_number": 2, "par": 5, "length_m": 488.0, "coords_source": "SEED", "todo": "draw: green, fairway, bunker, water, ob", "centroid": "20.103398197991933,106.00159999992076"}}, {"type": "Feature", "geometry": {"type": "Polygon", "coordinates": [[[106.00163481448854, 20.10107717135581], [106.00163481448854, 20.10582012561753], [106.00316518535284, 20.10582012561753], [106.00316518535284, 20.10107717135581], [106.00163481448854, 20.10107717135581]]]}, "properties": {"db_hole_id": 399, "course_id": 23, "course": "Royal Golf Club Ninh Bình — Championship", "facility": "Royal Golf Club Ninh Bình", "hole_number": 3, "par": 4, "length_m": 366.0, "coords_source": "SEED", "todo": "draw: green, fairway, bunker, water, ob", "centroid": "20.103448648486665,106.0023999999207"}}, {"type": "Feature", "geometry": {"type": "Polygon", "coordinates": [[[106.00243482045238, 20.101677171560866], [106.00243482045238, 20.104627332764156], [106.00396517938891, 20.104627332764156], [106.00396517938891, 20.101677171560866], [106.00243482045238, 20.101677171560866]]]}, "properties": {"db_hole_id": 400, "course_id": 23, "course": "Royal Golf Club Ninh Bình — Championship", "facility": "Royal Golf Club Ninh Bình", "hole_number": 4, "par": 3, "length_m": 167.0, "coords_source": "SEED", "todo": "draw: green, fairway, bunker, water, ob", "centroid": "20.103152252162513,106.00319999992064"}}, {"type": "Feature", "geometry": {"type": "Polygon", "coordinates": [[[106.00323480881168, 20.102277171766048], [106.00323480881168, 20.10705616124043], [106.00476519102948, 20.10705616124043], [106.00476519102948, 20.102277171766048], [106.00323480881168, 20.102277171766048]]]}, "properties": {"db_hole_id": 401, "course_id": 23, "course": "Royal Golf Club Ninh Bình — Championship", "facility": "Royal Golf Club Ninh Bình", "hole_number": 5, "par": 4, "length_m": 370.0, "coords_source": "SEED", "todo": "draw: green, fairway, bunker, water, ob", "centroid": "20.10466666650324,106.00399999992058"}}, {"type": "Feature", "geometry": {"type": "Polygon", "coordinates": [[[106.00403480597328, 20.102877171971365], [106.00403480597328, 20.10767417905169], [106.00556519386775, 20.10767417905169], [106.00556519386775, 20.102877171971365], [106.00403480597328, 20.102877171971365]]]}, "properties": {"db_hole_id": 402, "course_id": 23, "course": "Royal Golf Club Ninh Bình — Championship", "facility": "Royal Golf Club Ninh Bình", "hole_number": 6, "par": 4, "length_m": 372.0, "coords_source": "SEED", "todo": "draw: green, fairway, bunker, water, ob", "centroid": "20.10527567551153,106.00479999992054"}}, {"type": "Feature", "geometry": {"type": "Polygon", "coordinates": [[[106.0048347972655, 20.10347717217679], [106.0048347972655, 20.109499403972737], [106.00636520257538, 20.109499403972737], [106.00636520257538, 20.10347717217679], [106.0048347972655, 20.10347717217679]]]}, "properties": {"db_hole_id": 403, "course_id": 23, "course": "Royal Golf Club Ninh Bình — Championship", "facility": "Royal Golf Club Ninh Bình", "hole_number": 7, "par": 5, "length_m": 508.0, "coords_source": "SEED", "todo": "draw: green, fairway, bunker, water, ob", "centroid": "20.106488288074768,106.00559999992043"}}, {"type": "Feature", "geometry": {"type": "Polygon", "coordinates": [[[106.00563480892492, 20.104077172382333], [106.00563480892492, 20.10713544004208], [106.00716519091583, 20.10713544004208], [106.00716519091583, 20.104077172382333], [106.00563480892492, 20.104077172382333]]]}, "properties": {"db_hole_id": 404, "course_id": 23, "course": "Royal Golf Club Ninh Bình — Championship", "facility": "Royal Golf Club Ninh Bình", "hole_number": 8, "par": 3, "length_m": 179.0, "coords_source": "SEED", "todo": "draw: green, fairway, bunker, water, ob", "centroid": "20.105606306212202,106.00639999992038"}}, {"type": "Feature", "geometry": {"type": "Polygon", "coordinates": [[[106.00643479745817, 20.10467717258802], [106.00643479745817, 20.109528232484728], [106.00796520238245, 20.109528232484728], [106.00796520238245, 20.10467717258802], [106.00643479745817, 20.10467717258802]]]}, "properties": {"db_hole_id": 405, "course_id": 23, "course": "Royal Golf Club Ninh Bình — Championship", "facility": "Royal Golf Club Ninh Bình", "hole_number": 9, "par": 4, "length_m": 378.0, "coords_source": "SEED", "todo": "draw: green, fairway, bunker, water, ob", "centroid": "20.107102702536373,106.00719999992033"}}, {"type": "Feature", "geometry": {"type": "Polygon", "coordinates": [[[106.00723479461985, 20.10527717279382], [106.00723479461985, 20.110146250295493], [106.00876520522066, 20.110146250295493], [106.00876520522066, 20.10527717279382], [106.00723479461985, 20.10527717279382]]]}, "properties": {"db_hole_id": 406, "course_id": 23, "course": "Royal Golf Club Ninh Bình — Championship", "facility": "Royal Golf Club Ninh Bình", "hole_number": 10, "par": 4, "length_m": 380.0, "coords_source": "SEED", "todo": "draw: green, fairway, bunker, water, ob", "centroid": "20.107711711544653,106.00799999992024"}}, {"type": "Feature", "geometry": {"type": "Polygon", "coordinates": [[[106.00803479178153, 20.105877172999747], [106.00803479178153, 20.110764268106134], [106.00956520805885, 20.110764268106134], [106.00956520805885, 20.105877172999747], [106.00803479178153, 20.105877172999747]]]}, "properties": {"db_hole_id": 407, "course_id": 23, "course": "Royal Golf Club Ninh Bình — Championship", "facility": "Royal Golf Club Ninh Bình", "hole_number": 11, "par": 4, "length_m": 382.0, "coords_source": "SEED", "todo": "draw: green, fairway, bunker, water, ob", "centroid": "20.10832072055294,106.00879999992017"}}, {"type": "Feature", "geometry": {"type": "Polygon", "coordinates": [[[106.00883479739774, 20.106477173205793], [106.00883479739774, 20.109643547318022], [106.01036520244253, 20.109643547318022], [106.01036520244253, 20.106477173205793], [106.00883479739774, 20.106477173205793]]]}, "properties": {"db_hole_id": 408, "course_id": 23, "course": "Royal Golf Club Ninh Bình — Championship", "facility": "Royal Golf Club Ninh Bình", "hole_number": 12, "par": 3, "length_m": 191.0, "coords_source": "SEED", "todo": "draw: green, fairway, bunker, water, ob", "centroid": "20.108060360261906,106.00959999992013"}}, {"type": "Feature", "geometry": {"type": "Polygon", "coordinates": [[[106.00963477970852, 20.107077173411966], [106.00963477970852, 20.113315618936348], [106.0111652201316, 20.113315618936348], [106.0111652201316, 20.107077173411966], [106.00963477970852, 20.107077173411966]]]}, "properties": {"db_hole_id": 409, "course_id": 23, "course": "Royal Golf Club Ninh Bình — Championship", "facility": "Royal Golf Club Ninh Bình", "hole_number": 13, "par": 5, "length_m": 532.0, "coords_source": "SEED", "todo": "draw: green, fairway, bunker, water, ob", "centroid": "20.110196396174153,106.01039999992004"}}, {"type": "Feature", "geometry": {"type": "Polygon", "coordinates": [[[106.01043478326672, 20.107677173618264], [106.01043478326672, 20.112618321537308], [106.01196521657329, 20.112618321537308], [106.01196521657329, 20.107677173618264], [106.01043478326672, 20.107677173618264]]]}, "properties": {"db_hole_id": 410, "course_id": 23, "course": "Royal Golf Club Ninh Bình — Championship", "facility": "Royal Golf Club Ninh Bình", "hole_number": 14, "par": 4, "length_m": 388.0, "coords_source": "SEED", "todo": "draw: green, fairway, bunker, water, ob", "centroid": "20.110147747577784,106.01119999992001"}}, {"type": "Feature", "geometry": {"type": "Polygon", "coordinates": [[[106.0112347804285, 20.10827717382469], [106.0112347804285, 20.11323633934746], [106.01276521941139, 20.11323633934746], [106.01276521941139, 20.10827717382469], [106.0112347804285, 20.10827717382469]]]}, "properties": {"db_hole_id": 411, "course_id": 23, "course": "Royal Golf Club Ninh Bình — Championship", "facility": "Royal Golf Club Ninh Bình", "hole_number": 15, "par": 4, "length_m": 390.0, "coords_source": "SEED", "todo": "draw: green, fairway, bunker, water, ob", "centroid": "20.110756756586074,106.01199999991994"}}, {"type": "Feature", "geometry": {"type": "Polygon", "coordinates": [[[106.01203478587078, 20.108877174031225], [106.01203478587078, 20.112151654591997], [106.01356521396895, 20.112151654591997], [106.01356521396895, 20.108877174031225], [106.01203478587078, 20.108877174031225]]]}, "properties": {"db_hole_id": 412, "course_id": 23, "course": "Royal Golf Club Ninh Bình — Championship", "facility": "Royal Golf Club Ninh Bình", "hole_number": 16, "par": 3, "length_m": 203.0, "coords_source": "SEED", "todo": "draw: green, fairway, bunker, water, ob", "centroid": "20.11051441431161,106.01279999991986"}}, {"type": "Feature", "geometry": {"type": "Polygon", "coordinates": [[[106.01283477475206, 20.109477174237895], [106.01283477475206, 20.11447237496738], [106.01436522508754, 20.11447237496738], [106.01436522508754, 20.109477174237895], [106.01283477475206, 20.109477174237895]]]}, "properties": {"db_hole_id": 413, "course_id": 23, "course": "Royal Golf Club Ninh Bình — Championship", "facility": "Royal Golf Club Ninh Bình", "hole_number": 17, "par": 4, "length_m": 394.0, "coords_source": "SEED", "todo": "draw: green, fairway, bunker, water, ob", "centroid": "20.111974774602636,106.0135999999198"}}, {"type": "Feature", "geometry": {"type": "Polygon", "coordinates": [[[106.01363476507801, 20.11007717444469], [106.01363476507801, 20.11649579806929], [106.01516523476147, 20.11649579806929], [106.01516523476147, 20.11007717444469], [106.01363476507801, 20.11007717444469]]]}, "properties": {"db_hole_id": 414, "course_id": 23, "course": "Royal Golf Club Ninh Bình — Championship", "facility": "Royal Golf Club Ninh Bình", "hole_number": 18, "par": 5, "length_m": 552.0, "coords_source": "SEED", "todo": "draw: green, fairway, bunker, water, ob", "centroid": "20.113286486256992,106.01439999991973"}}, {"type": "Feature", "geometry": {"type": "Polygon", "coordinates": [[[108.4400660705666, 11.899877219271602], [108.4400660705666, 11.904584041806423], [108.44153392983829, 11.904584041806423], [108.44153392983829, 11.899877219271602], [108.4400660705666, 11.899877219271602]]]}, "properties": {"db_hole_id": 595, "course_id": 34, "course": "SAM Tuyền Lâm Golf & Resort — Championship", "facility": "SAM Tuyền Lâm Golf & Resort", "hole_number": 1, "par": 4, "length_m": 362.0, "coords_source": "SEED", "todo": "draw: green, fairway, bunker, water, ob", "centroid": "11.902230630539014,108.44080000020246"}}, {"type": "Feature", "geometry": {"type": "Polygon", "coordinates": [[[108.44086606546053, 11.900477218864623], [108.44086606546053, 11.906319177296304], [108.44233393494424, 11.906319177296304], [108.44233393494424, 11.900477218864623], [108.44086606546053, 11.900477218864623]]]}, "properties": {"db_hole_id": 596, "course_id": 34, "course": "SAM Tuyền Lâm Golf & Resort — Championship", "facility": "SAM Tuyền Lâm Golf & Resort", "hole_number": 2, "par": 5, "length_m": 488.0, "coords_source": "SEED", "todo": "draw: green, fairway, bunker, water, ob", "centroid": "11.903398198080463,108.4416000002024"}}, {"type": "Feature", "geometry": {"type": "Polygon", "coordinates": [[[108.4416660663612, 11.901077218457777], [108.4416660663612, 11.905820078654587], [108.44313393404344, 11.905820078654587], [108.44313393404344, 11.901077218457777], [108.4416660663612, 11.901077218457777]]]}, "properties": {"db_hole_id": 597, "course_id": 34, "course": "SAM Tuyền Lâm Golf & Resort — Championship", "facility": "SAM Tuyền Lâm Golf & Resort", "hole_number": 3, "par": 4, "length_m": 366.0, "coords_source": "SEED", "todo": "draw: green, fairway, bunker, water, ob", "centroid": "11.903448648556182,108.44240000020231"}}, {"type": "Feature", "geometry": {"type": "Polygon", "coordinates": [[[108.44246606912678, 11.901677218051075], [108.44246606912678, 11.904627286350964], [108.44393393127774, 11.904627286350964], [108.44393393127774, 11.901677218051075], [108.44246606912678, 11.901677218051075]]]}, "properties": {"db_hole_id": 598, "course_id": 34, "course": "SAM Tuyền Lâm Golf & Resort — Championship", "facility": "SAM Tuyền Lâm Golf & Resort", "hole_number": 4, "par": 3, "length_m": 167.0, "coords_source": "SEED", "todo": "draw: green, fairway, bunker, water, ob", "centroid": "11.90315225220102,108.44320000020227"}}, {"type": "Feature", "geometry": {"type": "Polygon", "coordinates": [[[108.44326606215596, 11.902277217644514], [108.44326606215596, 11.907056115502186], [108.44473393824843, 11.907056115502186], [108.44473393824843, 11.902277217644514], [108.44326606215596, 11.902277217644514]]]}, "properties": {"db_hole_id": 599, "course_id": 34, "course": "SAM Tuyền Lâm Golf & Resort — Championship", "facility": "SAM Tuyền Lâm Golf & Resort", "hole_number": 5, "par": 4, "length_m": 370.0, "coords_source": "SEED", "todo": "draw: green, fairway, bunker, water, ob", "centroid": "11.904666666573352,108.44400000020221"}}, {"type": "Feature", "geometry": {"type": "Polygon", "coordinates": [[[108.44406606005342, 11.902877217238096], [108.44406606005342, 11.90767413392577], [108.44553394035086, 11.90767413392577], [108.44553394035086, 11.902877217238096], [108.44406606005342, 11.902877217238096]]]}, "properties": {"db_hole_id": 600, "course_id": 34, "course": "SAM Tuyền Lâm Golf & Resort — Championship", "facility": "SAM Tuyền Lâm Golf & Resort", "hole_number": 6, "par": 4, "length_m": 372.0, "coords_source": "SEED", "todo": "draw: green, fairway, bunker, water, ob", "centroid": "11.905275675581935,108.44480000020212"}}, {"type": "Feature", "geometry": {"type": "Polygon", "coordinates": [[[108.44486605470445, 11.903477216831817], [108.44486605470445, 11.909499359500856], [108.44633394569969, 11.909499359500856], [108.44633394569969, 11.903477216831817], [108.44486605470445, 11.903477216831817]]]}, "properties": {"db_hole_id": 601, "course_id": 34, "course": "SAM Tuyền Lâm Golf & Resort — Championship", "facility": "SAM Tuyền Lâm Golf & Resort", "hole_number": 7, "par": 5, "length_m": 508.0, "coords_source": "SEED", "todo": "draw: green, fairway, bunker, water, ob", "centroid": "11.906488288166337,108.44560000020205"}}, {"type": "Feature", "geometry": {"type": "Polygon", "coordinates": [[[108.44566606062088, 11.904077216425673], [108.44566606062088, 11.907135396079445], [108.44713393978313, 11.907135396079445], [108.44713393978313, 11.904077216425673], [108.44566606062088, 11.904077216425673]]]}, "properties": {"db_hole_id": 602, "course_id": 34, "course": "SAM Tuyền Lâm Golf & Resort — Championship", "facility": "SAM Tuyền Lâm Golf & Resort", "hole_number": 8, "par": 3, "length_m": 179.0, "coords_source": "SEED", "todo": "draw: green, fairway, bunker, water, ob", "centroid": "11.905606306252558,108.446400000202"}}, {"type": "Feature", "geometry": {"type": "Polygon", "coordinates": [[[108.44646605374605, 11.90467721601968], [108.44646605374605, 11.909528189195683], [108.44793394665781, 11.909528189195683], [108.44793394665781, 11.90467721601968], [108.44646605374605, 11.90467721601968]]]}, "properties": {"db_hole_id": 603, "course_id": 34, "course": "SAM Tuyền Lâm Golf & Resort — Championship", "facility": "SAM Tuyền Lâm Golf & Resort", "hole_number": 9, "par": 4, "length_m": 378.0, "coords_source": "SEED", "todo": "draw: green, fairway, bunker, water, ob", "centroid": "11.90710270260768,108.44720000020193"}}, {"type": "Feature", "geometry": {"type": "Polygon", "coordinates": [[[108.44726605164368, 11.90527721561383], [108.44726605164368, 11.910146207618709], [108.44873394876005, 11.910146207618709], [108.44873394876005, 11.90527721561383], [108.44726605164368, 11.90527721561383]]]}, "properties": {"db_hole_id": 604, "course_id": 34, "course": "SAM Tuyền Lâm Golf & Resort — Championship", "facility": "SAM Tuyền Lâm Golf & Resort", "hole_number": 10, "par": 4, "length_m": 380.0, "coords_source": "SEED", "todo": "draw: green, fairway, bunker, water, ob", "centroid": "11.90771171161627,108.44800000020184"}}, {"type": "Feature", "geometry": {"type": "Polygon", "coordinates": [[[108.44806604954138, 11.905877215208113], [108.44806604954138, 11.91076422604159], [108.44953395086223, 11.91076422604159], [108.44953395086223, 11.905877215208113], [108.44806604954138, 11.905877215208113]]]}, "properties": {"db_hole_id": 605, "course_id": 34, "course": "SAM Tuyền Lâm Golf & Resort — Championship", "facility": "SAM Tuyền Lâm Golf & Resort", "hole_number": 11, "par": 4, "length_m": 382.0, "coords_source": "SEED", "todo": "draw: green, fairway, bunker, water, ob", "centroid": "11.908320720624854,108.4488000002018"}}, {"type": "Feature", "geometry": {"type": "Polygon", "coordinates": [[[108.44886605211568, 11.906477214802534], [108.44886605211568, 11.909643505805668], [108.45033394828782, 11.909643505805668], [108.45033394828782, 11.906477214802534], [108.44886605211568, 11.906477214802534]]]}, "properties": {"db_hole_id": 606, "course_id": 34, "course": "SAM Tuyền Lâm Golf & Resort — Championship", "facility": "SAM Tuyền Lâm Golf & Resort", "hole_number": 12, "par": 3, "length_m": 191.0, "coords_source": "SEED", "todo": "draw: green, fairway, bunker, water, ob", "centroid": "11.908060360304102,108.44960000020177"}}, {"type": "Feature", "geometry": {"type": "Polygon", "coordinates": [[[108.44966604179854, 11.907077214397102], [108.44966604179854, 11.913315578141649], [108.45113395860484, 11.913315578141649], [108.45113395860484, 11.907077214397102], [108.44966604179854, 11.907077214397102]]]}, "properties": {"db_hole_id": 607, "course_id": 34, "course": "SAM Tuyền Lâm Golf & Resort — Championship", "facility": "SAM Tuyền Lâm Golf & Resort", "hole_number": 13, "par": 5, "length_m": 532.0, "coords_source": "SEED", "todo": "draw: green, fairway, bunker, water, ob", "centroid": "11.910196396269376,108.45040000020168"}}, {"type": "Feature", "geometry": {"type": "Polygon", "coordinates": [[[108.45046604323475, 11.90767721399181], [108.45046604323475, 11.912618281309385], [108.45193395716849, 11.912618281309385], [108.45193395716849, 11.90767721399181], [108.45046604323475, 11.90767721399181]]]}, "properties": {"db_hole_id": 608, "course_id": 34, "course": "SAM Tuyền Lâm Golf & Resort — Championship", "facility": "SAM Tuyền Lâm Golf & Resort", "hole_number": 14, "par": 4, "length_m": 388.0, "coords_source": "SEED", "todo": "draw: green, fairway, bunker, water, ob", "centroid": "11.910147747650598,108.45120000020164"}}, {"type": "Feature", "geometry": {"type": "Polygon", "coordinates": [[[108.45126604113263, 11.90827721358666], [108.45126604113263, 11.9132362997317], [108.4527339592705, 11.9132362997317], [108.4527339592705, 11.90827721358666], [108.45126604113263, 11.90827721358666]]]}, "properties": {"db_hole_id": 609, "course_id": 34, "course": "SAM Tuyền Lâm Golf & Resort — Championship", "facility": "SAM Tuyền Lâm Golf & Resort", "hole_number": 15, "par": 4, "length_m": 390.0, "coords_source": "SEED", "todo": "draw: green, fairway, bunker, water, ob", "centroid": "11.91075675665918,108.45200000020156"}}, {"type": "Feature", "geometry": {"type": "Polygon", "coordinates": [[[108.45206604361121, 11.908877213181647], [108.45206604361121, 11.912151615529634], [108.4535339567918, 11.912151615529634], [108.4535339567918, 11.908877213181647], [108.45206604361121, 11.908877213181647]]]}, "properties": {"db_hole_id": 610, "course_id": 34, "course": "SAM Tuyền Lâm Golf & Resort — Championship", "facility": "SAM Tuyền Lâm Golf & Resort", "hole_number": 16, "par": 3, "length_m": 203.0, "coords_source": "SEED", "todo": "draw: green, fairway, bunker, water, ob", "centroid": "11.910514414355644,108.4528000002015"}}, {"type": "Feature", "geometry": {"type": "Polygon", "coordinates": [[[108.45286603692853, 11.909477212776778], [108.45286603692853, 11.914472336575908], [108.45433396347434, 11.914472336575908], [108.45433396347434, 11.909477212776778], [108.45286603692853, 11.909477212776778]]]}, "properties": {"db_hole_id": 611, "course_id": 34, "course": "SAM Tuyền Lâm Golf & Resort — Championship", "facility": "SAM Tuyền Lâm Golf & Resort", "hole_number": 17, "par": 4, "length_m": 394.0, "coords_source": "SEED", "todo": "draw: green, fairway, bunker, water, ob", "centroid": "11.911974774676342,108.45360000020142"}}, {"type": "Feature", "geometry": {"type": "Polygon", "coordinates": [[[108.45366603104475, 11.910077212372052], [108.45366603104475, 11.916495760338426], [108.45513396935799, 11.916495760338426], [108.45513396935799, 11.910077212372052], [108.45366603104475, 11.910077212372052]]]}, "properties": {"db_hole_id": 612, "course_id": 34, "course": "SAM Tuyền Lâm Golf & Resort — Championship", "facility": "SAM Tuyền Lâm Golf & Resort", "hole_number": 18, "par": 5, "length_m": 552.0, "coords_source": "SEED", "todo": "draw: green, fairway, bunker, water, ob", "centroid": "11.91328648635524,108.45440000020135"}}, {"type": "Feature", "geometry": {"type": "Polygon", "coordinates": [[[108.28166865211205, 10.931077265778155], [108.28166865211205, 10.935820031350994], [108.28313134831787, 10.935820031350994], [108.28313134831787, 10.931077265778155], [108.28166865211205, 10.931077265778155]]]}, "properties": {"db_hole_id": 687, "course_id": 39, "course": "Sea Links Golf & Country Club — Championship", "facility": "Sea Links Golf & Country Club", "hole_number": 3, "par": 4, "length_m": 366.0, "coords_source": "SEED", "todo": "draw: green, fairway, bunker, water, ob", "centroid": "10.933448648564577,108.28240000021495"}}, {"type": "Feature", "geometry": {"type": "Polygon", "coordinates": [[[108.2824686545707, 10.931677265338573], [108.2824686545707, 10.934627239072766], [108.2839313458591, 10.934627239072766], [108.2839313458591, 10.931677265338573], [108.2824686545707, 10.931677265338573]]]}, "properties": {"db_hole_id": 688, "course_id": 39, "course": "Sea Links Golf & Country Club — Championship", "facility": "Sea Links Golf & Country Club", "hole_number": 4, "par": 3, "length_m": 167.0, "coords_source": "SEED", "todo": "draw: green, fairway, bunker, water, ob", "centroid": "10.93315225220567,108.2832000002149"}}, {"type": "Feature", "geometry": {"type": "Polygon", "coordinates": [[[108.2832686481362, 10.932277264899136], [108.2832686481362, 10.9370560682645], [108.28473135229349, 10.9370560682645], [108.28473135229349, 10.932277264899136], [108.2832686481362, 10.932277264899136]]]}, "properties": {"db_hole_id": 689, "course_id": 39, "course": "Sea Links Golf & Country Club — Championship", "facility": "Sea Links Golf & Country Club", "hole_number": 5, "par": 4, "length_m": 370.0, "coords_source": "SEED", "todo": "draw: green, fairway, bunker, water, ob", "centroid": "10.934666666581817,108.28400000021486"}}, {"type": "Feature", "geometry": {"type": "Polygon", "coordinates": [[[108.28406864614834, 10.93287726445984], [108.28406864614834, 10.937674086721035], [108.2855313542812, 10.937674086721035], [108.2855313542812, 10.93287726445984], [108.28406864614834, 10.93287726445984]]]}, "properties": {"db_hole_id": 690, "course_id": 39, "course": "Sea Links Golf & Country Club — Championship", "facility": "Sea Links Golf & Country Club", "hole_number": 6, "par": 4, "length_m": 372.0, "coords_source": "SEED", "todo": "draw: green, fairway, bunker, water, ob", "centroid": "10.935275675590438,108.28480000021476"}}, {"type": "Feature", "geometry": {"type": "Polygon", "coordinates": [[[108.28486864119517, 10.933477264020686], [108.28486864119517, 10.939499312334107], [108.28633135923424, 10.939499312334107], [108.28633135923424, 10.933477264020686], [108.28486864119517, 10.933477264020686]]]}, "properties": {"db_hole_id": 691, "course_id": 39, "course": "Sea Links Golf & Country Club — Championship", "facility": "Sea Links Golf & Country Club", "hole_number": 7, "par": 5, "length_m": 508.0, "coords_source": "SEED", "todo": "draw: green, fairway, bunker, water, ob", "centroid": "10.936488288177395,108.2856000002147"}}, {"type": "Feature", "geometry": {"type": "Polygon", "coordinates": [[[108.28566864653195, 10.934077263581676], [108.28566864653195, 10.937135348933197], [108.28713135389735, 10.937135348933197], [108.28713135389735, 10.934077263581676], [108.28566864653195, 10.934077263581676]]]}, "properties": {"db_hole_id": 692, "course_id": 39, "course": "Sea Links Golf & Country Club — Championship", "facility": "Sea Links Golf & Country Club", "hole_number": 8, "par": 3, "length_m": 179.0, "coords_source": "SEED", "todo": "draw: green, fairway, bunker, water, ob", "centroid": "10.935606306257437,108.28640000021464"}}, {"type": "Feature", "geometry": {"type": "Polygon", "coordinates": [[[108.28806863620981, 10.935877262265493], [108.28806863620981, 10.940764179001597], [108.28953136421907, 10.940764179001597], [108.28953136421907, 10.935877262265493], [108.28806863620981, 10.935877262265493]]]}, "properties": {"db_hole_id": 695, "course_id": 39, "course": "Sea Links Golf & Country Club — Championship", "facility": "Sea Links Golf & Country Club", "hole_number": 11, "par": 4, "length_m": 382.0, "coords_source": "SEED", "todo": "draw: green, fairway, bunker, water, ob", "centroid": "10.938320720633543,108.28880000021445"}}, {"type": "Feature", "geometry": {"type": "Polygon", "coordinates": [[[108.28886863849394, 10.936477261827044], [108.28886863849394, 10.939643458791355], [108.29033136193485, 10.939643458791355], [108.29033136193485, 10.936477261827044], [108.28886863849394, 10.936477261827044]]]}, "properties": {"db_hole_id": 696, "course_id": 39, "course": "Sea Links Golf & Country Club — Championship", "facility": "Sea Links Golf & Country Club", "hole_number": 12, "par": 3, "length_m": 191.0, "coords_source": "SEED", "todo": "draw: green, fairway, bunker, water, ob", "centroid": "10.938060360309201,108.28960000021439"}}, {"type": "Feature", "geometry": {"type": "Polygon", "coordinates": [[[108.28966862900269, 10.937077261388742], [108.28966862900269, 10.943315531173038], [108.29113137142599, 10.943315531173038], [108.29113137142599, 10.937077261388742], [108.28966862900269, 10.937077261388742]]]}, "properties": {"db_hole_id": 697, "course_id": 39, "course": "Sea Links Golf & Country Club — Championship", "facility": "Sea Links Golf & Country Club", "hole_number": 13, "par": 5, "length_m": 532.0, "coords_source": "SEED", "todo": "draw: green, fairway, bunker, water, ob", "centroid": "10.94019639628089,108.29040000021433"}}, {"type": "Feature", "geometry": {"type": "Polygon", "coordinates": [[[108.29046863024732, 10.937677260950585], [108.29046863024732, 10.942618234368227], [108.29193137018123, 10.942618234368227], [108.29193137018123, 10.937677260950585], [108.29046863024732, 10.937677260950585]]]}, "properties": {"db_hole_id": 698, "course_id": 39, "course": "Sea Links Golf & Country Club — Championship", "facility": "Sea Links Golf & Country Club", "hole_number": 14, "par": 4, "length_m": 388.0, "coords_source": "SEED", "todo": "draw: green, fairway, bunker, water, ob", "centroid": "10.940147747659406,108.29120000021425"}}, {"type": "Feature", "geometry": {"type": "Polygon", "coordinates": [[[108.2912686282599, 10.938277260512564], [108.2912686282599, 10.943236252823485], [108.2927313721685, 10.943236252823485], [108.2927313721685, 10.938277260512564], [108.2912686282599, 10.938277260512564]]]}, "properties": {"db_hole_id": 699, "course_id": 39, "course": "Sea Links Golf & Country Club — Championship", "facility": "Sea Links Golf & Country Club", "hole_number": 15, "par": 4, "length_m": 390.0, "coords_source": "SEED", "todo": "draw: green, fairway, bunker, water, ob", "centroid": "10.940756756668025,108.29200000021419"}}, {"type": "Feature", "geometry": {"type": "Polygon", "coordinates": [[[108.29206863045668, 10.938877260074685], [108.29206863045668, 10.942151568647247], [108.2935313699716, 10.942151568647247], [108.2935313699716, 10.938877260074685], [108.29206863045668, 10.938877260074685]]]}, "properties": {"db_hole_id": 700, "course_id": 39, "course": "Sea Links Golf & Country Club — Championship", "facility": "Sea Links Golf & Country Club", "hole_number": 16, "par": 3, "length_m": 203.0, "coords_source": "SEED", "todo": "draw: green, fairway, bunker, water, ob", "centroid": "10.940514414360965,108.29280000021413"}}, {"type": "Feature", "geometry": {"type": "Polygon", "coordinates": [[[108.29286862428523, 10.939477259636954], [108.29286862428523, 10.944472289733577], [108.29433137614292, 10.944472289733577], [108.29433137614292, 10.939477259636954], [108.29286862428523, 10.939477259636954]]]}, "properties": {"db_hole_id": 701, "course_id": 39, "course": "Sea Links Golf & Country Club — Championship", "facility": "Sea Links Golf & Country Club", "hole_number": 17, "par": 4, "length_m": 394.0, "coords_source": "SEED", "todo": "draw: green, fairway, bunker, water, ob", "centroid": "10.941974774685265,108.29360000021406"}}, {"type": "Feature", "geometry": {"type": "Polygon", "coordinates": [[[105.68003093428159, 20.869877181940243], [105.68003093428159, 20.874584078987077], [105.6815690656107, 20.874584078987077], [105.6815690656107, 20.869877181940243], [105.68003093428159, 20.869877181940243]]]}, "properties": {"db_hole_id": 19, "course_id": 2, "course": "Sky Lake Resort & Golf Club — Championship", "facility": "Sky Lake Resort & Golf Club", "hole_number": 1, "par": 4, "length_m": 362.0, "coords_source": "SEED", "todo": "draw: green, fairway, bunker, water, ob", "centroid": "20.872230630463662,105.68079999994616"}}, {"type": "Feature", "geometry": {"type": "Polygon", "coordinates": [[[105.68083092556252, 20.87047718209591], [105.68083092556252, 20.8763192138714], [105.68236907432964, 20.8763192138714], [105.68236907432964, 20.87047718209591], [105.68083092556252, 20.87047718209591]]]}, "properties": {"db_hole_id": 20, "course_id": 2, "course": "Sky Lake Resort & Golf Club — Championship", "facility": "Sky Lake Resort & Golf Club", "hole_number": 2, "par": 5, "length_m": 488.0, "coords_source": "SEED", "todo": "draw: green, fairway, bunker, water, ob", "centroid": "20.87339819798365,105.68159999994607"}}, {"type": "Feature", "geometry": {"type": "Polygon", "coordinates": [[[105.681630928215, 20.871077182251703], [105.681630928215, 20.87582011470863], [105.68316907167703, 20.87582011470863], [105.68316907167703, 20.871077182251703], [105.681630928215, 20.871077182251703]]]}, "properties": {"db_hole_id": 21, "course_id": 2, "course": "Sky Lake Resort & Golf Club — Championship", "facility": "Sky Lake Resort & Golf Club", "hole_number": 3, "par": 4, "length_m": 366.0, "coords_source": "SEED", "todo": "draw: green, fairway, bunker, water, ob", "centroid": "20.87344864848017,105.68239999994601"}}, {"type": "Feature", "geometry": {"type": "Polygon", "coordinates": [[[105.68243093439807, 20.871677182407623], [105.68243093439807, 20.874627321910204], [105.68396906549386, 20.874627321910204], [105.68396906549386, 20.871677182407623], [105.68243093439807, 20.871677182407623]]]}, "properties": {"db_hole_id": 22, "course_id": 2, "course": "Sky Lake Resort & Golf Club — Championship", "facility": "Sky Lake Resort & Golf Club", "hole_number": 4, "par": 3, "length_m": 167.0, "coords_source": "SEED", "todo": "draw: green, fairway, bunker, water, ob", "centroid": "20.873152252158913,105.68319999994596"}}, {"type": "Feature", "geometry": {"type": "Polygon", "coordinates": [[[105.68323092214851, 20.872277182563653], [105.68323092214851, 20.87705615042969], [105.6847690777433, 20.87705615042969], [105.6847690777433, 20.872277182563653], [105.68323092214851, 20.872277182563653]]]}, "properties": {"db_hole_id": 23, "course_id": 2, "course": "Sky Lake Resort & Golf Club — Championship", "facility": "Sky Lake Resort & Golf Club", "hole_number": 5, "par": 4, "length_m": 370.0, "coords_source": "SEED", "todo": "draw: green, fairway, bunker, water, ob", "centroid": "20.874666666496672,105.6839999999459"}}, {"type": "Feature", "geometry": {"type": "Polygon", "coordinates": [[[105.68403091911526, 20.872877182719822], [105.68403091911526, 20.877674168290042], [105.6855690807764, 20.877674168290042], [105.6855690807764, 20.872877182719822], [105.68403091911526, 20.872877182719822]]]}, "properties": {"db_hole_id": 24, "course_id": 2, "course": "Sky Lake Resort & Golf Club — Championship", "facility": "Sky Lake Resort & Golf Club", "hole_number": 6, "par": 4, "length_m": 372.0, "coords_source": "SEED", "todo": "draw: green, fairway, bunker, water, ob", "centroid": "20.875275675504934,105.68479999994581"}}, {"type": "Feature", "geometry": {"type": "Polygon", "coordinates": [[[105.68483090993661, 20.873477182876094], [105.68483090993661, 20.879499393256275], [105.68636908995492, 20.879499393256275], [105.68636908995492, 20.873477182876094], [105.68483090993661, 20.873477182876094]]]}, "properties": {"db_hole_id": 25, "course_id": 2, "course": "Sky Lake Resort & Golf Club — Championship", "facility": "Sky Lake Resort & Golf Club", "hole_number": 7, "par": 5, "length_m": 508.0, "coords_source": "SEED", "todo": "draw: green, fairway, bunker, water, ob", "centroid": "20.876488288066184,105.68559999994575"}}, {"type": "Feature", "geometry": {"type": "Polygon", "coordinates": [[[105.68563092208309, 20.8740771830325], [105.68563092208309, 20.87713542938436], [105.6871690778083, 20.87713542938436], [105.6871690778083, 20.8740771830325], [105.68563092208309, 20.8740771830325]]]}, "properties": {"db_hole_id": 26, "course_id": 2, "course": "Sky Lake Resort & Golf Club — Championship", "facility": "Sky Lake Resort & Golf Club", "hole_number": 8, "par": 3, "length_m": 179.0, "coords_source": "SEED", "todo": "draw: green, fairway, bunker, water, ob", "centroid": "20.875606306208432,105.68639999994572"}}, {"type": "Feature", "geometry": {"type": "Polygon", "coordinates": [[[105.68643091001566, 20.874677183189036], [105.68643091001566, 20.879528221870338], [105.68796908987562, 20.879528221870338], [105.68796908987562, 20.874677183189036], [105.68643091001566, 20.874677183189036]]]}, "properties": {"db_hole_id": 27, "course_id": 2, "course": "Sky Lake Resort & Golf Club — Championship", "facility": "Sky Lake Resort & Golf Club", "hole_number": 9, "par": 4, "length_m": 378.0, "coords_source": "SEED", "todo": "draw: green, fairway, bunker, water, ob", "centroid": "20.877102702529683,105.68719999994566"}}, {"type": "Feature", "geometry": {"type": "Polygon", "coordinates": [[[105.68723090698249, 20.87527718334569], [105.68723090698249, 20.88014623973019], [105.68876909290867, 20.88014623973019], [105.68876909290867, 20.87527718334569], [105.68723090698249, 20.87527718334569]]]}, "properties": {"db_hole_id": 28, "course_id": 2, "course": "Sky Lake Resort & Golf Club — Championship", "facility": "Sky Lake Resort & Golf Club", "hole_number": 10, "par": 4, "length_m": 380.0, "coords_source": "SEED", "todo": "draw: green, fairway, bunker, water, ob", "centroid": "20.87771171153794,105.68799999994559"}}, {"type": "Feature", "geometry": {"type": "Polygon", "coordinates": [[[105.68803090394934, 20.875877183502464], [105.68803090394934, 20.88076425758991], [105.68956909594169, 20.88076425758991], [105.68956909594169, 20.875877183502464], [105.68803090394934, 20.875877183502464]]]}, "properties": {"db_hole_id": 29, "course_id": 2, "course": "Sky Lake Resort & Golf Club — Championship", "facility": "Sky Lake Resort & Golf Club", "hole_number": 11, "par": 4, "length_m": 382.0, "coords_source": "SEED", "todo": "draw: green, fairway, bunker, water, ob", "centroid": "20.878320720546185,105.68879999994552"}}, {"type": "Feature", "geometry": {"type": "Polygon", "coordinates": [[[105.68883090976833, 20.87647718365936], [105.68883090976833, 20.879643536856538], [105.69036909012259, 20.879643536856538], [105.69036909012259, 20.87647718365936], [105.68883090976833, 20.87647718365936]]]}, "properties": {"db_hole_id": 30, "course_id": 2, "course": "Sky Lake Resort & Golf Club — Championship", "facility": "Sky Lake Resort & Golf Club", "hole_number": 12, "par": 3, "length_m": 191.0, "coords_source": "SEED", "todo": "draw: green, fairway, bunker, water, ob", "centroid": "20.878060360257948,105.68959999994544"}}, {"type": "Feature", "geometry": {"type": "Polygon", "coordinates": [[[105.6896308911858, 20.877077183816393], [105.6896308911858, 20.88331560851406], [105.69116910870497, 20.88331560851406], [105.69116910870497, 20.877077183816393], [105.6896308911858, 20.877077183816393]]]}, "properties": {"db_hole_id": 31, "course_id": 2, "course": "Sky Lake Resort & Golf Club — Championship", "facility": "Sky Lake Resort & Golf Club", "hole_number": 13, "par": 5, "length_m": 532.0, "coords_source": "SEED", "todo": "draw: green, fairway, bunker, water, ob", "centroid": "20.88019639616523,105.69039999994537"}}, {"type": "Feature", "geometry": {"type": "Polygon", "coordinates": [[[105.69043089484997, 20.877677183973532], [105.69043089484997, 20.88261831116837], [105.69196910504068, 20.88261831116837], [105.69196910504068, 20.877677183973532], [105.69043089484997, 20.877677183973532]]]}, "properties": {"db_hole_id": 32, "course_id": 2, "course": "Sky Lake Resort & Golf Club — Championship", "facility": "Sky Lake Resort & Golf Club", "hole_number": 14, "par": 4, "length_m": 388.0, "coords_source": "SEED", "todo": "draw: green, fairway, bunker, water, ob", "centroid": "20.880147747570952,105.69119999994533"}}, {"type": "Feature", "geometry": {"type": "Polygon", "coordinates": [[[105.69123089181687, 20.878277184130802], [105.69123089181687, 20.883236329027604], [105.69276910807365, 20.883236329027604], [105.69276910807365, 20.878277184130802], [105.69123089181687, 20.878277184130802]]]}, "properties": {"db_hole_id": 33, "course_id": 2, "course": "Sky Lake Resort & Golf Club — Championship", "facility": "Sky Lake Resort & Golf Club", "hole_number": 15, "par": 4, "length_m": 390.0, "coords_source": "SEED", "todo": "draw: green, fairway, bunker, water, ob", "centroid": "20.880756756579203,105.69199999994527"}}, {"type": "Feature", "geometry": {"type": "Polygon", "coordinates": [[[105.69203089745375, 20.878877184288196], [105.69203089745375, 20.88215164432675], [105.69356910243665, 20.88215164432675], [105.69356910243665, 20.878877184288196], [105.69203089745375, 20.878877184288196]]]}, "properties": {"db_hole_id": 34, "course_id": 2, "course": "Sky Lake Resort & Golf Club — Championship", "facility": "Sky Lake Resort & Golf Club", "hole_number": 16, "par": 3, "length_m": 203.0, "coords_source": "SEED", "todo": "draw: green, fairway, bunker, water, ob", "centroid": "20.880514414307473,105.6927999999452"}}, {"type": "Feature", "geometry": {"type": "Polygon", "coordinates": [[[105.69283088575074, 20.879477184445715], [105.69283088575074, 20.884472364745704], [105.6943691141395, 20.884472364745704], [105.6943691141395, 20.879477184445715], [105.69283088575074, 20.879477184445715]]]}, "properties": {"db_hole_id": 35, "course_id": 2, "course": "Sky Lake Resort & Golf Club — Championship", "facility": "Sky Lake Resort & Golf Club", "hole_number": 17, "par": 4, "length_m": 394.0, "coords_source": "SEED", "todo": "draw: green, fairway, bunker, water, ob", "centroid": "20.88197477459571,105.69359999994515"}}, {"type": "Feature", "geometry": {"type": "Polygon", "coordinates": [[[105.69363087556037, 20.880077184603344], [105.69363087556037, 20.88649578789216], [105.69516912432977, 20.88649578789216], [105.69516912432977, 20.880077184603344], [105.69363087556037, 20.880077184603344]]]}, "properties": {"db_hole_id": 36, "course_id": 2, "course": "Sky Lake Resort & Golf Club — Championship", "facility": "Sky Lake Resort & Golf Club", "hole_number": 18, "par": 5, "length_m": 552.0, "coords_source": "SEED", "todo": "draw: green, fairway, bunker, water, ob", "centroid": "20.88328648624775,105.69439999994506"}}, {"type": "Feature", "geometry": {"type": "Polygon", "coordinates": [[[106.72246825053473, 10.901676792411742], [106.72246825053473, 10.904627711992633], [106.72393174919245, 10.904627711992633], [106.72393174919245, 10.901676792411742], [106.72246825053473, 10.901676792411742]]]}, "properties": {"db_hole_id": 742, "course_id": 42, "course": "Sông Bé Golf Resort — Championship", "facility": "Sông Bé Golf Resort", "hole_number": 4, "par": 3, "length_m": 167.0, "coords_source": "SEED", "todo": "draw: green, fairway, bunker, water, ob", "centroid": "10.903152252202187,106.7231999998636"}}, {"type": "Feature", "geometry": {"type": "Polygon", "coordinates": [[[106.7256682455917, 10.904076793699966], [106.7256682455917, 10.907135818807657], [106.72713175413494, 10.907135818807657], [106.72713175413494, 10.904076793699966], [106.7256682455917, 10.904076793699966]]]}, "properties": {"db_hole_id": 746, "course_id": 42, "course": "Sông Bé Golf Resort — Championship", "facility": "Sông Bé Golf Resort", "hole_number": 8, "par": 3, "length_m": 179.0, "coords_source": "SEED", "todo": "draw: green, fairway, bunker, water, ob", "centroid": "10.90560630625381,106.72639999986332"}}, {"type": "Feature", "geometry": {"type": "Polygon", "coordinates": [[[106.72726823882044, 10.905276794344896], [106.72726823882044, 10.910146628892138], [106.72873176090593, 10.910146628892138], [106.72873176090593, 10.905276794344896], [106.72726823882044, 10.905276794344896]]]}, "properties": {"db_hole_id": 748, "course_id": 42, "course": "Sông Bé Golf Resort — Championship", "facility": "Sông Bé Golf Resort", "hole_number": 10, "par": 4, "length_m": 380.0, "coords_source": "SEED", "todo": "draw: green, fairway, bunker, water, ob", "centroid": "10.907711711618518,106.7279999998632"}}, {"type": "Feature", "geometry": {"type": "Polygon", "coordinates": [[[106.72806823760668, 10.905876794667561], [106.72806823760668, 10.910764646586674], [106.72953176211955, 10.910764646586674], [106.72953176211955, 10.905876794667561], [106.72806823760668, 10.905876794667561]]]}, "properties": {"db_hole_id": 749, "course_id": 42, "course": "Sông Bé Golf Resort — Championship", "facility": "Sông Bé Golf Resort", "hole_number": 11, "par": 4, "length_m": 382.0, "coords_source": "SEED", "todo": "draw: green, fairway, bunker, water, ob", "centroid": "10.908320720627117,106.7287999998631"}}, {"type": "Feature", "geometry": {"type": "Polygon", "coordinates": [[[106.72886824064939, 10.906476794990358], [106.72886824064939, 10.909643925620509], [106.73033175907675, 10.909643925620509], [106.73033175907675, 10.906476794990358], [106.72886824064939, 10.906476794990358]]]}, "properties": {"db_hole_id": 750, "course_id": 42, "course": "Sông Bé Golf Resort — Championship", "facility": "Sông Bé Golf Resort", "hole_number": 12, "par": 3, "length_m": 191.0, "coords_source": "SEED", "todo": "draw: green, fairway, bunker, water, ob", "centroid": "10.908060360305432,106.72959999986307"}}, {"type": "Feature", "geometry": {"type": "Polygon", "coordinates": [[[106.72966823195874, 10.9070767953133], [106.72966823195874, 10.913315997231527], [106.73113176776727, 10.913315997231527], [106.73113176776727, 10.9070767953133], [106.72966823195874, 10.9070767953133]]]}, "properties": {"db_hole_id": 751, "course_id": 42, "course": "Sông Bé Golf Resort — Championship", "facility": "Sông Bé Golf Resort", "hole_number": 13, "par": 5, "length_m": 532.0, "coords_source": "SEED", "todo": "draw: green, fairway, bunker, water, ob", "centroid": "10.910196396272411,106.73039999986301"}}, {"type": "Feature", "geometry": {"type": "Polygon", "coordinates": [[[106.73046823396567, 10.90767679563637], [106.73046823396567, 10.912618699669483], [106.73193176576022, 10.912618699669483], [106.73193176576022, 10.90767679563637], [106.73046823396567, 10.90767679563637]]]}, "properties": {"db_hole_id": 752, "course_id": 42, "course": "Sông Bé Golf Resort — Championship", "facility": "Sông Bé Golf Resort", "hole_number": 14, "par": 4, "length_m": 388.0, "coords_source": "SEED", "todo": "draw: green, fairway, bunker, water, ob", "centroid": "10.910147747652926,106.73119999986294"}}, {"type": "Feature", "geometry": {"type": "Polygon", "coordinates": [[[106.73126823275207, 10.908276795959583], [106.73126823275207, 10.913236717363478], [106.73273176697366, 10.913236717363478], [106.73273176697366, 10.908276795959583], [106.73126823275207, 10.908276795959583]]]}, "properties": {"db_hole_id": 753, "course_id": 42, "course": "Sông Bé Golf Resort — Championship", "facility": "Sông Bé Golf Resort", "hole_number": 15, "par": 4, "length_m": 390.0, "coords_source": "SEED", "todo": "draw: green, fairway, bunker, water, ob", "centroid": "10.910756756661533,106.73199999986286"}}, {"type": "Feature", "geometry": {"type": "Polygon", "coordinates": [[[106.73206823570777, 10.908876796282929], [106.73206823570777, 10.912152032431193], [106.73353176401787, 10.912152032431193], [106.73353176401787, 10.908876796282929], [106.73206823570777, 10.908876796282929]]]}, "properties": {"db_hole_id": 754, "course_id": 42, "course": "Sông Bé Golf Resort — Championship", "facility": "Sông Bé Golf Resort", "hole_number": 16, "par": 3, "length_m": 203.0, "coords_source": "SEED", "todo": "draw: green, fairway, bunker, water, ob", "centroid": "10.910514414357062,106.7327999998628"}}, {"type": "Feature", "geometry": {"type": "Polygon", "coordinates": [[[106.73286823032507, 10.909476796606407], [106.73286823032507, 10.914472752751061], [106.73433176940044, 10.914472752751061], [106.73433176940044, 10.909476796606407], [106.73286823032507, 10.909476796606407]]]}, "properties": {"db_hole_id": 755, "course_id": 42, "course": "Sông Bé Golf Resort — Championship", "facility": "Sông Bé Golf Resort", "hole_number": 17, "par": 4, "length_m": 394.0, "coords_source": "SEED", "todo": "draw: green, fairway, bunker, water, ob", "centroid": "10.911974774678734,106.73359999986275"}}, {"type": "Feature", "geometry": {"type": "Polygon", "coordinates": [[[106.73366822566942, 10.910076796930026], [106.73366822566942, 10.916496175786865], [106.73513177405596, 10.916496175786865], [106.73513177405596, 10.910076796930026], [106.73366822566942, 10.910076796930026]]]}, "properties": {"db_hole_id": 756, "course_id": 42, "course": "Sông Bé Golf Resort — Championship", "facility": "Sông Bé Golf Resort", "hole_number": 18, "par": 5, "length_m": 552.0, "coords_source": "SEED", "todo": "draw: green, fairway, bunker, water, ob", "centroid": "10.913286486358443,106.73439999986269"}}, {"type": "Feature", "geometry": {"type": "Polygon", "coordinates": [[[106.62003074851727, 20.94987739759716], [106.62003074851727, 20.95458386334043], [106.6215692512264, 20.95458386334043], [106.6215692512264, 20.94987739759716], [106.62003074851727, 20.94987739759716]]]}, "properties": {"db_hole_id": 307, "course_id": 18, "course": "Sông Giá Golf Resort — Championship", "facility": "Sông Giá Golf Resort", "hole_number": 1, "par": 4, "length_m": 362.0, "coords_source": "SEED", "todo": "draw: green, fairway, bunker, water, ob", "centroid": "20.9522306304688,106.62079999987185"}}, {"type": "Feature", "geometry": {"type": "Polygon", "coordinates": [[[106.62083073990827, 20.950477397896396], [106.62083073990827, 20.956318998084114], [106.62236925983527, 20.956318998084114], [106.62236925983527, 20.950477397896396], [106.62083073990827, 20.950477397896396]]]}, "properties": {"db_hole_id": 308, "course_id": 18, "course": "Sông Giá Golf Resort — Championship", "facility": "Sông Giá Golf Resort", "hole_number": 2, "par": 5, "length_m": 488.0, "coords_source": "SEED", "todo": "draw: green, fairway, bunker, water, ob", "centroid": "20.953398197990253,106.62159999987178"}}, {"type": "Feature", "geometry": {"type": "Polygon", "coordinates": [[[106.62163074272807, 20.95107739819575], [106.62163074272807, 20.955819898774973], [106.62316925701532, 20.955819898774973], [106.62316925701532, 20.95107739819575], [106.62163074272807, 20.95107739819575]]]}, "properties": {"db_hole_id": 309, "course_id": 18, "course": "Sông Giá Golf Resort — Championship", "facility": "Sông Giá Golf Resort", "hole_number": 3, "par": 4, "length_m": 366.0, "coords_source": "SEED", "todo": "draw: green, fairway, bunker, water, ob", "centroid": "20.953448648485367,106.6223999998717"}}, {"type": "Feature", "geometry": {"type": "Polygon", "coordinates": [[[106.62243074909624, 20.95167739849522], [106.62243074909624, 20.95462710582836], [106.6239692506471, 20.95462710582836], [106.6239692506471, 20.95167739849522], [106.62243074909624, 20.95167739849522]]]}, "properties": {"db_hole_id": 310, "course_id": 18, "course": "Sông Giá Golf Resort — Championship", "facility": "Sông Giá Golf Resort", "hole_number": 4, "par": 3, "length_m": 167.0, "coords_source": "SEED", "todo": "draw: green, fairway, bunker, water, ob", "centroid": "20.953152252161793,106.62319999987167"}}, {"type": "Feature", "geometry": {"type": "Polygon", "coordinates": [[[106.62323073693896, 20.952277398794813], [106.62323073693896, 20.95705593420902], [106.62476926280421, 20.95705593420902], [106.62476926280421, 20.952277398794813], [106.62323073693896, 20.952277398794813]]]}, "properties": {"db_hole_id": 311, "course_id": 18, "course": "Sông Giá Golf Resort — Championship", "facility": "Sông Giá Golf Resort", "hole_number": 5, "par": 4, "length_m": 370.0, "coords_source": "SEED", "todo": "draw: green, fairway, bunker, water, ob", "centroid": "20.954666666501918,106.62399999987159"}}, {"type": "Feature", "geometry": {"type": "Polygon", "coordinates": [[[106.62403073404441, 20.952877399094522], [106.62403073404441, 20.957673951925877], [106.62556926569862, 20.957673951925877], [106.62556926569862, 20.952877399094522], [106.62403073404441, 20.952877399094522]]]}, "properties": {"db_hole_id": 312, "course_id": 18, "course": "Sông Giá Golf Resort — Championship", "facility": "Sông Giá Golf Resort", "hole_number": 6, "par": 4, "length_m": 372.0, "coords_source": "SEED", "todo": "draw: green, fairway, bunker, water, ob", "centroid": "20.9552756755102,106.6247999998715"}}, {"type": "Feature", "geometry": {"type": "Polygon", "coordinates": [[[106.62483072497352, 20.953477399394355], [106.62483072497352, 20.959499176751727], [106.62636927476937, 20.959499176751727], [106.62636927476937, 20.953477399394355], [106.62483072497352, 20.953477399394355]]]}, "properties": {"db_hole_id": 313, "course_id": 18, "course": "Sông Giá Golf Resort — Championship", "facility": "Sông Giá Golf Resort", "hole_number": 7, "par": 5, "length_m": 508.0, "coords_source": "SEED", "todo": "draw: green, fairway, bunker, water, ob", "centroid": "20.956488288073036,106.62559999987145"}}, {"type": "Feature", "geometry": {"type": "Polygon", "coordinates": [[[106.62563073733511, 20.954077399694313], [106.62563073733511, 20.957135212728595], [106.62716926240769, 20.957135212728595], [106.62716926240769, 20.954077399694313], [106.62563073733511, 20.954077399694313]]]}, "properties": {"db_hole_id": 314, "course_id": 18, "course": "Sông Giá Golf Resort — Championship", "facility": "Sông Giá Golf Resort", "hole_number": 8, "par": 3, "length_m": 179.0, "coords_source": "SEED", "todo": "draw: green, fairway, bunker, water, ob", "centroid": "20.955606306211454,106.62639999987141"}}, {"type": "Feature", "geometry": {"type": "Polygon", "coordinates": [[[106.62643072536088, 20.95467739999439], [106.62643072536088, 20.959528005075686], [106.62796927438177, 20.959528005075686], [106.62796927438177, 20.95467739999439], [106.62643072536088, 20.95467739999439]]]}, "properties": {"db_hole_id": 315, "course_id": 18, "course": "Sông Giá Golf Resort — Championship", "facility": "Sông Giá Golf Resort", "hole_number": 9, "par": 4, "length_m": 378.0, "coords_source": "SEED", "todo": "draw: green, fairway, bunker, water, ob", "centroid": "20.957102702535035,106.62719999987131"}}, {"type": "Feature", "geometry": {"type": "Polygon", "coordinates": [[[106.6272307224664, 20.95527740029459], [106.6272307224664, 20.96014602279205], [106.62876927727612, 20.96014602279205], [106.62876927727612, 20.95527740029459], [106.6272307224664, 20.95527740029459]]]}, "properties": {"db_hole_id": 316, "course_id": 18, "course": "Sông Giá Golf Resort — Championship", "facility": "Sông Giá Golf Resort", "hole_number": 10, "par": 4, "length_m": 380.0, "coords_source": "SEED", "todo": "draw: green, fairway, bunker, water, ob", "centroid": "20.957711711543322,106.62799999987125"}}, {"type": "Feature", "geometry": {"type": "Polygon", "coordinates": [[[106.62803071957191, 20.9558774005949], [106.62803071957191, 20.96076404050828], [106.62956928017047, 20.96076404050828], [106.62956928017047, 20.9558774005949], [106.62803071957191, 20.9558774005949]]]}, "properties": {"db_hole_id": 317, "course_id": 18, "course": "Sông Giá Golf Resort — Championship", "facility": "Sông Giá Golf Resort", "hole_number": 11, "par": 4, "length_m": 382.0, "coords_source": "SEED", "todo": "draw: green, fairway, bunker, water, ob", "centroid": "20.95832072055159,106.62879999987119"}}, {"type": "Feature", "geometry": {"type": "Polygon", "coordinates": [[[106.62883072557416, 20.95647740089533], [106.62883072557416, 20.959643319626913], [106.63036927416815, 20.959643319626913], [106.63036927416815, 20.95647740089533], [106.62883072557416, 20.95647740089533]]]}, "properties": {"db_hole_id": 318, "course_id": 18, "course": "Sông Giá Golf Resort — Championship", "facility": "Sông Giá Golf Resort", "hole_number": 12, "par": 3, "length_m": 191.0, "coords_source": "SEED", "todo": "draw: green, fairway, bunker, water, ob", "centroid": "20.958060360261126,106.62959999987115"}}, {"type": "Feature", "geometry": {"type": "Polygon", "coordinates": [[[106.62963070705204, 20.957077401195903], [106.62963070705204, 20.963315391148885], [106.63116929269012, 20.963315391148885], [106.63116929269012, 20.957077401195903], [106.62963070705204, 20.957077401195903]]]}, "properties": {"db_hole_id": 319, "course_id": 18, "course": "Sông Giá Golf Resort — Championship", "facility": "Sông Giá Golf Resort", "hole_number": 13, "par": 5, "length_m": 532.0, "coords_source": "SEED", "todo": "draw: green, fairway, bunker, water, ob", "centroid": "20.960196396172392,106.63039999987107"}}, {"type": "Feature", "geometry": {"type": "Polygon", "coordinates": [[[106.6304307108886, 20.957677401496575], [106.6304307108886, 20.962618093656307], [106.63196928885343, 20.962618093656307], [106.63196928885343, 20.957677401496575], [106.6304307108886, 20.957677401496575]]]}, "properties": {"db_hole_id": 320, "course_id": 18, "course": "Sông Giá Golf Resort — Championship", "facility": "Sông Giá Golf Resort", "hole_number": 14, "par": 4, "length_m": 388.0, "coords_source": "SEED", "todo": "draw: green, fairway, bunker, water, ob", "centroid": "20.96014774757644,106.63119999987101"}}, {"type": "Feature", "geometry": {"type": "Polygon", "coordinates": [[[106.63123070799418, 20.95827740179738], [106.63123070799418, 20.963236111372062], [106.6327692917477, 20.963236111372062], [106.6327692917477, 20.95827740179738], [106.63123070799418, 20.95827740179738]]]}, "properties": {"db_hole_id": 321, "course_id": 18, "course": "Sông Giá Golf Resort — Championship", "facility": "Sông Giá Golf Resort", "hole_number": 15, "par": 4, "length_m": 390.0, "coords_source": "SEED", "todo": "draw: green, fairway, bunker, water, ob", "centroid": "20.960756756584722,106.63199999987094"}}, {"type": "Feature", "geometry": {"type": "Polygon", "coordinates": [[[106.63203071381338, 20.958877402098295], [106.63203071381338, 20.962151426523306], [106.6335692859284, 20.962151426523306], [106.6335692859284, 20.958877402098295], [106.63203071381338, 20.958877402098295]]]}, "properties": {"db_hole_id": 322, "course_id": 18, "course": "Sông Giá Golf Resort — Championship", "facility": "Sông Giá Golf Resort", "hole_number": 16, "par": 3, "length_m": 203.0, "coords_source": "SEED", "todo": "draw: green, fairway, bunker, water, ob", "centroid": "20.9605144143108,106.63279999987087"}}, {"type": "Feature", "geometry": {"type": "Polygon", "coordinates": [[[106.63283070220541, 20.959477402399333], [106.63283070220541, 20.964472146803224], [106.63436929753624, 20.964472146803224], [106.63436929753624, 20.959477402399333], [106.63283070220541, 20.959477402399333]]]}, "properties": {"db_hole_id": 323, "course_id": 18, "course": "Sông Giá Golf Resort — Championship", "facility": "Sông Giá Golf Resort", "hole_number": 17, "par": 4, "length_m": 394.0, "coords_source": "SEED", "todo": "draw: green, fairway, bunker, water, ob", "centroid": "20.96197477460128,106.63359999987082"}}, {"type": "Feature", "geometry": {"type": "Polygon", "coordinates": [[[106.63363069211768, 20.960077402700495], [106.63363069211768, 20.966495569809876], [106.63516930762384, 20.966495569809876], [106.63516930762384, 20.960077402700495], [106.63363069211768, 20.960077402700495]]]}, "properties": {"db_hole_id": 324, "course_id": 18, "course": "Sông Giá Golf Resort — Championship", "facility": "Sông Giá Golf Resort", "hole_number": 18, "par": 5, "length_m": 552.0, "coords_source": "SEED", "todo": "draw: green, fairway, bunker, water, ob", "centroid": "20.96328648625519,106.63439999987077"}}, {"type": "Feature", "geometry": {"type": "Polygon", "coordinates": [[[105.8500324243935, 20.579877183046055], [105.8500324243935, 20.58458407788641], [105.85156757547186, 20.58458407788641], [105.85156757547186, 20.579877183046055], [105.8500324243935, 20.579877183046055]]]}, "properties": {"db_hole_id": 343, "course_id": 20, "course": "Stone Valley Golf Resort — Championship", "facility": "Stone Valley Golf Resort", "hole_number": 1, "par": 4, "length_m": 362.0, "coords_source": "SEED", "todo": "draw: green, fairway, bunker, water, ob", "centroid": "20.582230630466235,105.85079999993268"}}, {"type": "Feature", "geometry": {"type": "Polygon", "coordinates": [[[105.85083241585312, 20.580477183227753], [105.85083241585312, 20.586319212746158], [105.85236758401213, 20.586319212746158], [105.85236758401213, 20.580477183227753], [105.85083241585312, 20.580477183227753]]]}, "properties": {"db_hole_id": 344, "course_id": 20, "course": "Stone Valley Golf Resort — Championship", "facility": "Stone Valley Golf Resort", "hole_number": 2, "par": 5, "length_m": 488.0, "coords_source": "SEED", "todo": "draw: green, fairway, bunker, water, ob", "centroid": "20.583398197986956,105.85159999993263"}}, {"type": "Feature", "geometry": {"type": "Polygon", "coordinates": [[[105.85163241849058, 20.58107718340958], [105.85163241849058, 20.58582011355594], [105.85316758137454, 20.58582011355594], [105.85316758137454, 20.58107718340958], [105.85163241849058, 20.58107718340958]]]}, "properties": {"db_hole_id": 345, "course_id": 20, "course": "Stone Valley Golf Resort — Championship", "facility": "Stone Valley Golf Resort", "hole_number": 3, "par": 4, "length_m": 366.0, "coords_source": "SEED", "todo": "draw: green, fairway, bunker, water, ob", "centroid": "20.583448648482754,105.85239999993256"}}, {"type": "Feature", "geometry": {"type": "Polygon", "coordinates": [[[105.85243242459849, 20.58167718359154], [105.85243242459849, 20.584627320729155], [105.85396757526651, 20.584627320729155], [105.85396757526651, 20.58167718359154], [105.85243242459849, 20.58167718359154]]]}, "properties": {"db_hole_id": 346, "course_id": 20, "course": "Stone Valley Golf Resort — Championship", "facility": "Stone Valley Golf Resort", "hole_number": 4, "par": 3, "length_m": 167.0, "coords_source": "SEED", "todo": "draw: green, fairway, bunker, water, ob", "centroid": "20.583152252160342,105.8531999999325"}}, {"type": "Feature", "geometry": {"type": "Polygon", "coordinates": [[[105.85323241258773, 20.582277183773602], [105.85323241258773, 20.58705614922498], [105.85476758727714, 20.58705614922498], [105.85476758727714, 20.582277183773602], [105.85323241258773, 20.582277183773602]]]}, "properties": {"db_hole_id": 347, "course_id": 20, "course": "Stone Valley Golf Resort — Championship", "facility": "Stone Valley Golf Resort", "hole_number": 5, "par": 4, "length_m": 370.0, "coords_source": "SEED", "todo": "draw: green, fairway, bunker, water, ob", "centroid": "20.58466666649929,105.85399999993243"}}, {"type": "Feature", "geometry": {"type": "Polygon", "coordinates": [[[105.85403240963635, 20.582877183955798], [105.85403240963635, 20.587674167059316], [105.8555675902284, 20.587674167059316], [105.8555675902284, 20.582877183955798], [105.85403240963635, 20.582877183955798]]]}, "properties": {"db_hole_id": 348, "course_id": 20, "course": "Stone Valley Golf Resort — Championship", "facility": "Stone Valley Golf Resort", "hole_number": 6, "par": 4, "length_m": 372.0, "coords_source": "SEED", "todo": "draw: green, fairway, bunker, water, ob", "centroid": "20.585275675507557,105.85479999993238"}}, {"type": "Feature", "geometry": {"type": "Polygon", "coordinates": [[[105.85483240064418, 20.583477184138122], [105.85483240064418, 20.58949939200109], [105.85636759922043, 20.58949939200109], [105.85636759922043, 20.583477184138122], [105.85483240064418, 20.583477184138122]]]}, "properties": {"db_hole_id": 349, "course_id": 20, "course": "Stone Valley Golf Resort — Championship", "facility": "Stone Valley Golf Resort", "hole_number": 7, "par": 5, "length_m": 508.0, "coords_source": "SEED", "todo": "draw: green, fairway, bunker, water, ob", "centroid": "20.58648828806961,105.85559999993231"}}, {"type": "Feature", "geometry": {"type": "Polygon", "coordinates": [[[105.85563241261397, 20.584077184320556], [105.85563241261397, 20.587135428099316], [105.85716758725052, 20.587135428099316], [105.85716758725052, 20.584077184320556], [105.85563241261397, 20.584077184320556]]]}, "properties": {"db_hole_id": 350, "course_id": 20, "course": "Stone Valley Golf Resort — Championship", "facility": "Stone Valley Golf Resort", "hole_number": 8, "par": 3, "length_m": 179.0, "coords_source": "SEED", "todo": "draw: green, fairway, bunker, water, ob", "centroid": "20.585606306209932,105.85639999993224"}}, {"type": "Feature", "geometry": {"type": "Polygon", "coordinates": [[[105.85643240078224, 20.584677184503132], [105.85643240078224, 20.589528220561583], [105.85796759908212, 20.589528220561583], [105.85796759908212, 20.584677184503132], [105.85643240078224, 20.584677184503132]]]}, "properties": {"db_hole_id": 351, "course_id": 20, "course": "Stone Valley Golf Resort — Championship", "facility": "Stone Valley Golf Resort", "hole_number": 9, "par": 4, "length_m": 378.0, "coords_source": "SEED", "todo": "draw: green, fairway, bunker, water, ob", "centroid": "20.587102702532356,105.85719999993219"}}, {"type": "Feature", "geometry": {"type": "Polygon", "coordinates": [[[105.85723239783091, 20.585277184685815], [105.85723239783091, 20.590146238395423], [105.85876760203332, 20.590146238395423], [105.85876760203332, 20.585277184685815], [105.85723239783091, 20.585277184685815]]]}, "properties": {"db_hole_id": 352, "course_id": 20, "course": "Stone Valley Golf Resort — Championship", "facility": "Stone Valley Golf Resort", "hole_number": 10, "par": 4, "length_m": 380.0, "coords_source": "SEED", "todo": "draw: green, fairway, bunker, water, ob", "centroid": "20.587711711540617,105.85799999993212"}}, {"type": "Feature", "geometry": {"type": "Polygon", "coordinates": [[[105.85803239487959, 20.58587718486862], [105.85803239487959, 20.590764256229136], [105.8595676049845, 20.590764256229136], [105.8595676049845, 20.58587718486862], [105.85803239487959, 20.58587718486862]]]}, "properties": {"db_hole_id": 353, "course_id": 20, "course": "Stone Valley Golf Resort — Championship", "facility": "Stone Valley Golf Resort", "hole_number": 11, "par": 4, "length_m": 382.0, "coords_source": "SEED", "todo": "draw: green, fairway, bunker, water, ob", "centroid": "20.58832072054888,105.85879999993203"}}, {"type": "Feature", "geometry": {"type": "Polygon", "coordinates": [[[105.85883240062965, 20.58647718505156], [105.85883240062965, 20.5896435354675], [105.86036759923434, 20.5896435354675], [105.86036759923434, 20.58647718505156], [105.85883240062965, 20.58647718505156]]]}, "properties": {"db_hole_id": 354, "course_id": 20, "course": "Stone Valley Golf Resort — Championship", "facility": "Stone Valley Golf Resort", "hole_number": 12, "par": 3, "length_m": 191.0, "coords_source": "SEED", "todo": "draw: green, fairway, bunker, water, ob", "centroid": "20.588060360259526,105.85959999993197"}}, {"type": "Feature", "geometry": {"type": "Polygon", "coordinates": [[[105.85963238239378, 20.58707718523462], [105.85963238239378, 20.593315607102955], [105.86116761747006, 20.593315607102955], [105.86116761747006, 20.58707718523462], [105.85963238239378, 20.58707718523462]]]}, "properties": {"db_hole_id": 355, "course_id": 20, "course": "Stone Valley Golf Resort — Championship", "facility": "Stone Valley Golf Resort", "hole_number": 13, "par": 5, "length_m": 532.0, "coords_source": "SEED", "todo": "draw: green, fairway, bunker, water, ob", "centroid": "20.590196396168785,105.86039999993194"}}, {"type": "Feature", "geometry": {"type": "Polygon", "coordinates": [[[105.86043238602575, 20.587677185417807], [105.86043238602575, 20.592618309729563], [105.86196761383799, 20.592618309729563], [105.86196761383799, 20.587677185417807], [105.86043238602575, 20.587677185417807]]]}, "properties": {"db_hole_id": 356, "course_id": 20, "course": "Stone Valley Golf Resort — Championship", "facility": "Stone Valley Golf Resort", "hole_number": 14, "par": 4, "length_m": 388.0, "coords_source": "SEED", "todo": "draw: green, fairway, bunker, water, ob", "centroid": "20.590147747573685,105.86119999993187"}}, {"type": "Feature", "geometry": {"type": "Polygon", "coordinates": [[[105.8612323830745, 20.58827718560111], [105.8612323830745, 20.59323632756278], [105.86276761678911, 20.59323632756278], [105.86276761678911, 20.58827718560111], [105.8612323830745, 20.58827718560111]]]}, "properties": {"db_hole_id": 357, "course_id": 20, "course": "Stone Valley Golf Resort — Championship", "facility": "Stone Valley Golf Resort", "hole_number": 15, "par": 4, "length_m": 390.0, "coords_source": "SEED", "todo": "draw: green, fairway, bunker, water, ob", "centroid": "20.590756756581946,105.86199999993183"}}, {"type": "Feature", "geometry": {"type": "Polygon", "coordinates": [[[105.86203238864555, 20.588877185784533], [105.86203238864555, 20.592151642833713], [105.86356761121792, 20.592151642833713], [105.86356761121792, 20.588877185784533], [105.86203238864555, 20.588877185784533]]]}, "properties": {"db_hole_id": 358, "course_id": 20, "course": "Stone Valley Golf Resort — Championship", "facility": "Stone Valley Golf Resort", "hole_number": 16, "par": 3, "length_m": 203.0, "coords_source": "SEED", "todo": "draw: green, fairway, bunker, water, ob", "centroid": "20.590514414309123,105.86279999993174"}}, {"type": "Feature", "geometry": {"type": "Polygon", "coordinates": [[[105.86283237717204, 20.58947718596809], [105.86283237717204, 20.594472363228853], [105.86436762269129, 20.594472363228853], [105.86436762269129, 20.58947718596809], [105.86283237717204, 20.58947718596809]]]}, "properties": {"db_hole_id": 359, "course_id": 20, "course": "Stone Valley Golf Resort — Championship", "facility": "Stone Valley Golf Resort", "hole_number": 17, "par": 4, "length_m": 394.0, "coords_source": "SEED", "todo": "draw: green, fairway, bunker, water, ob", "centroid": "20.59197477459847,105.86359999993165"}}, {"type": "Feature", "geometry": {"type": "Polygon", "coordinates": [[[105.86363236718539, 20.590077186151763], [105.86363236718539, 20.596495786351117], [105.86516763267781, 20.596495786351117], [105.86516763267781, 20.590077186151763], [105.86363236718539, 20.590077186151763]]]}, "properties": {"db_hole_id": 360, "course_id": 20, "course": "Stone Valley Golf Resort — Championship", "facility": "Stone Valley Golf Resort", "hole_number": 18, "par": 5, "length_m": 552.0, "coords_source": "SEED", "todo": "draw: green, fairway, bunker, water, ob", "centroid": "20.593286486251444,105.8643999999316"}}, {"type": "Feature", "geometry": {"type": "Polygon", "coordinates": [[[106.90166821981862, 10.9410768636388], [106.90166821981862, 10.945820433479074], [106.90313177988021, 10.945820433479074], [106.90313177988021, 10.9410768636388], [106.90166821981862, 10.9410768636388]]]}, "properties": {"db_hole_id": 795, "course_id": 45, "course": "Taekwang Jeongsan Country Club — Championship", "facility": "Taekwang Jeongsan Country Club", "hole_number": 3, "par": 4, "length_m": 366.0, "coords_source": "SEED", "todo": "draw: green, fairway, bunker, water, ob", "centroid": "10.943448648558938,106.90239999984942"}}, {"type": "Feature", "geometry": {"type": "Polygon", "coordinates": [[[106.90246822307797, 10.941676863991018], [106.90246822307797, 10.94462764041408], [106.90393177662074, 10.94462764041408], [106.90393177662074, 10.941676863991018], [106.90246822307797, 10.941676863991018]]]}, "properties": {"db_hole_id": 796, "course_id": 45, "course": "Taekwang Jeongsan Country Club — Championship", "facility": "Taekwang Jeongsan Country Club", "hole_number": 4, "par": 3, "length_m": 167.0, "coords_source": "SEED", "todo": "draw: green, fairway, bunker, water, ob", "centroid": "10.943152252202548,106.90319999984936"}}, {"type": "Feature", "geometry": {"type": "Polygon", "coordinates": [[[106.90326821744061, 10.942276864343375], [106.90326821744061, 10.947056468808931], [106.90473178225797, 10.947056468808931], [106.90473178225797, 10.942276864343375], [106.90326821744061, 10.942276864343375]]]}, "properties": {"db_hole_id": 797, "course_id": 45, "course": "Taekwang Jeongsan Country Club — Championship", "facility": "Taekwang Jeongsan Country Club", "hole_number": 5, "par": 4, "length_m": 370.0, "coords_source": "SEED", "todo": "draw: green, fairway, bunker, water, ob", "centroid": "10.944666666576156,106.90399999984929"}}, {"type": "Feature", "geometry": {"type": "Polygon", "coordinates": [[[106.90406821625169, 10.942876864695865], [106.90406821625169, 10.947674486473655], [106.90553178344678, 10.947674486473655], [106.90553178344678, 10.942876864695865], [106.90406821625169, 10.942876864695865]]]}, "properties": {"db_hole_id": 798, "course_id": 45, "course": "Taekwang Jeongsan Country Club — Championship", "facility": "Taekwang Jeongsan Country Club", "hole_number": 6, "par": 4, "length_m": 372.0, "coords_source": "SEED", "todo": "draw: green, fairway, bunker, water, ob", "centroid": "10.94527567558476,106.90479999984925"}}, {"type": "Feature", "geometry": {"type": "Polygon", "coordinates": [[[106.90486821209622, 10.94347686504849], [106.90486821209622, 10.949499711291567], [106.9063317876021, 10.949499711291567], [106.9063317876021, 10.94347686504849], [106.90486821209622, 10.94347686504849]]]}, "properties": {"db_hole_id": 799, "course_id": 45, "course": "Taekwang Jeongsan Country Club — Championship", "facility": "Taekwang Jeongsan Country Club", "hole_number": 7, "par": 5, "length_m": 508.0, "coords_source": "SEED", "todo": "draw: green, fairway, bunker, water, ob", "centroid": "10.94648828817003,106.90559999984916"}}, {"type": "Feature", "geometry": {"type": "Polygon", "coordinates": [[[106.90566821823487, 10.944076865401245], [106.90566821823487, 10.947135747107135], [106.90713178146333, 10.947135747107135], [106.90713178146333, 10.944076865401245], [106.90566821823487, 10.944076865401245]]]}, "properties": {"db_hole_id": 800, "course_id": 45, "course": "Taekwang Jeongsan Country Club — Championship", "facility": "Taekwang Jeongsan Country Club", "hole_number": 8, "par": 3, "length_m": 179.0, "coords_source": "SEED", "todo": "draw: green, fairway, bunker, water, ob", "centroid": "10.945606306254192,106.90639999984909"}}, {"type": "Feature", "geometry": {"type": "Polygon", "coordinates": [[[106.90886821339245, 10.946476866813637], [106.90886821339245, 10.949643853798026], [106.91033178630525, 10.949643853798026], [106.91033178630525, 10.946476866813637], [106.90886821339245, 10.946476866813637]]]}, "properties": {"db_hole_id": 804, "course_id": 45, "course": "Taekwang Jeongsan Country Club — Championship", "facility": "Taekwang Jeongsan Country Club", "hole_number": 12, "par": 3, "length_m": 191.0, "coords_source": "SEED", "todo": "draw: green, fairway, bunker, water, ob", "centroid": "10.948060360305831,106.90959999984884"}}, {"type": "Feature", "geometry": {"type": "Polygon", "coordinates": [[[106.90966820469698, 10.947076867167077], [106.90966820469698, 10.953315925379535], [106.91113179500057, 10.953315925379535], [106.91113179500057, 10.947076867167077], [106.90966820469698, 10.947076867167077]]]}, "properties": {"db_hole_id": 805, "course_id": 45, "course": "Taekwang Jeongsan Country Club — Championship", "facility": "Taekwang Jeongsan Country Club", "hole_number": 13, "par": 5, "length_m": 532.0, "coords_source": "SEED", "todo": "draw: green, fairway, bunker, water, ob", "centroid": "10.950196396273304,106.91039999984878"}}, {"type": "Feature", "geometry": {"type": "Polygon", "coordinates": [[[106.91046820674185, 10.947676867520652], [106.91046820674185, 10.952618627786576], [106.91193179295561, 10.952618627786576], [106.91193179295561, 10.947676867520652], [106.91046820674185, 10.947676867520652]]]}, "properties": {"db_hole_id": 806, "course_id": 45, "course": "Taekwang Jeongsan Country Club — Championship", "facility": "Taekwang Jeongsan Country Club", "hole_number": 14, "par": 4, "length_m": 388.0, "coords_source": "SEED", "todo": "draw: green, fairway, bunker, water, ob", "centroid": "10.950147747653613,106.91119999984872"}}, {"type": "Feature", "geometry": {"type": "Polygon", "coordinates": [[[106.9120682085507, 10.9488768682282], [106.9120682085507, 10.952151960486747], [106.91353179114647, 10.952151960486747], [106.91353179114647, 10.9488768682282], [106.9120682085507, 10.9488768682282]]]}, "properties": {"db_hole_id": 808, "course_id": 45, "course": "Taekwang Jeongsan Country Club — Championship", "facility": "Taekwang Jeongsan Country Club", "hole_number": 16, "par": 3, "length_m": 203.0, "coords_source": "SEED", "todo": "draw: green, fairway, bunker, water, ob", "centroid": "10.950514414357475,106.91279999984859"}}, {"type": "Feature", "geometry": {"type": "Polygon", "coordinates": [[[106.91286820317642, 10.949476868582181], [106.91286820317642, 10.954472680776686], [106.91433179652064, 10.954472680776686], [106.91433179652064, 10.949476868582181], [106.91286820317642, 10.949476868582181]]]}, "properties": {"db_hole_id": 809, "course_id": 45, "course": "Taekwang Jeongsan Country Club — Championship", "facility": "Taekwang Jeongsan Country Club", "hole_number": 17, "par": 4, "length_m": 394.0, "coords_source": "SEED", "todo": "draw: green, fairway, bunker, water, ob", "centroid": "10.951974774679435,106.91359999984854"}}, {"type": "Feature", "geometry": {"type": "Polygon", "coordinates": [[[105.62002787090202, 21.459877224464663], [105.62002787090202, 21.464584036454628], [105.62157212899977, 21.464584036454628], [105.62157212899977, 21.459877224464663], [105.62002787090202, 21.459877224464663]]]}, "properties": {"db_hole_id": 55, "course_id": 4, "course": "Tam Đảo Golf Resort — Championship", "facility": "Tam Đảo Golf Resort", "hole_number": 1, "par": 4, "length_m": 362.0, "coords_source": "SEED", "todo": "draw: green, fairway, bunker, water, ob", "centroid": "21.462230630459644,105.62079999995089"}}, {"type": "Feature", "geometry": {"type": "Polygon", "coordinates": [[[105.62082786186193, 21.46047722461148], [105.62082786186193, 21.466319171345493], [105.62237213803971, 21.466319171345493], [105.62237213803971, 21.46047722461148], [105.62082786186193, 21.46047722461148]]]}, "properties": {"db_hole_id": 56, "course_id": 4, "course": "Tam Đảo Golf Resort — Championship", "facility": "Tam Đảo Golf Resort", "hole_number": 2, "par": 5, "length_m": 488.0, "coords_source": "SEED", "todo": "draw: green, fairway, bunker, water, ob", "centroid": "21.463398197978485,105.62159999995082"}}, {"type": "Feature", "geometry": {"type": "Polygon", "coordinates": [[[105.62162786459352, 21.46107722475843], [105.62162786459352, 21.4658200721938], [105.62317213530801, 21.4658200721938], [105.62317213530801, 21.46107722475843], [105.62162786459352, 21.46107722475843]]]}, "properties": {"db_hole_id": 57, "course_id": 4, "course": "Tam Đảo Golf Resort — Championship", "facility": "Tam Đảo Golf Resort", "hole_number": 3, "par": 4, "length_m": 366.0, "coords_source": "SEED", "todo": "draw: green, fairway, bunker, water, ob", "centroid": "21.463448648476113,105.62239999995077"}}, {"type": "Feature", "geometry": {"type": "Polygon", "coordinates": [[[105.6224278709799, 21.461677224905493], [105.6224278709799, 21.464627279407832], [105.62397212892154, 21.464627279407832], [105.62397212892154, 21.461677224905493], [105.6224278709799, 21.461677224905493]]]}, "properties": {"db_hole_id": 58, "course_id": 4, "course": "Tam Đảo Golf Resort — Championship", "facility": "Tam Đảo Golf Resort", "hole_number": 4, "par": 3, "length_m": 167.0, "coords_source": "SEED", "todo": "draw: green, fairway, bunker, water, ob", "centroid": "21.46315225215666,105.62319999995071"}}, {"type": "Feature", "geometry": {"type": "Polygon", "coordinates": [[[105.62322785828508, 21.462277225052688], [105.62322785828508, 21.46705610793248], [105.62477214161622, 21.46705610793248], [105.62477214161622, 21.462277225052688], [105.62322785828508, 21.462277225052688]]]}, "properties": {"db_hole_id": 59, "course_id": 4, "course": "Tam Đảo Golf Resort — Championship", "facility": "Tam Đảo Golf Resort", "hole_number": 5, "par": 4, "length_m": 370.0, "coords_source": "SEED", "todo": "draw: green, fairway, bunker, water, ob", "centroid": "21.464666666492583,105.62399999995066"}}, {"type": "Feature", "geometry": {"type": "Polygon", "coordinates": [[[105.62402785513086, 21.462877225199993], [105.62402785513086, 21.467674125801636], [105.62557214477029, 21.467674125801636], [105.62557214477029, 21.462877225199993], [105.62402785513086, 21.462877225199993]]]}, "properties": {"db_hole_id": 60, "course_id": 4, "course": "Tam Đảo Golf Resort — Championship", "facility": "Tam Đảo Golf Resort", "hole_number": 6, "par": 4, "length_m": 372.0, "coords_source": "SEED", "todo": "draw: green, fairway, bunker, water, ob", "centroid": "21.465275675500813,105.62479999995058"}}, {"type": "Feature", "geometry": {"type": "Polygon", "coordinates": [[[105.62482784561504, 21.463477225347436], [105.62482784561504, 21.469499350774235], [105.626372154286, 21.469499350774235], [105.626372154286, 21.463477225347436], [105.62482784561504, 21.463477225347436]]]}, "properties": {"db_hole_id": 61, "course_id": 4, "course": "Tam Đảo Golf Resort — Championship", "facility": "Tam Đảo Golf Resort", "hole_number": 7, "par": 5, "length_m": 508.0, "coords_source": "SEED", "todo": "draw: green, fairway, bunker, water, ob", "centroid": "21.466488288060834,105.62559999995054"}}, {"type": "Feature", "geometry": {"type": "Polygon", "coordinates": [[[105.6256278581746, 21.464077225494986], [105.6256278581746, 21.46713538691716], [105.62717214172632, 21.46713538691716], [105.62717214172632, 21.464077225494986], [105.6256278581746, 21.464077225494986]]]}, "properties": {"db_hole_id": 62, "course_id": 4, "course": "Tam Đảo Golf Resort — Championship", "facility": "Tam Đảo Golf Resort", "hole_number": 8, "par": 3, "length_m": 179.0, "coords_source": "SEED", "todo": "draw: green, fairway, bunker, water, ob", "centroid": "21.46560630620607,105.62639999995045"}}, {"type": "Feature", "geometry": {"type": "Polygon", "coordinates": [[[105.62642784566835, 21.464677225642674], [105.62642784566835, 21.469528179408375], [105.62797215423242, 21.469528179408375], [105.62797215423242, 21.464677225642674], [105.62642784566835, 21.464677225642674]]]}, "properties": {"db_hole_id": 63, "course_id": 4, "course": "Tam Đảo Golf Resort — Championship", "facility": "Tam Đảo Golf Resort", "hole_number": 9, "par": 4, "length_m": 378.0, "coords_source": "SEED", "todo": "draw: green, fairway, bunker, water, ob", "centroid": "21.467102702525523,105.62719999995038"}}, {"type": "Feature", "geometry": {"type": "Polygon", "coordinates": [[[105.62722784251419, 21.46527722579047], [105.62722784251419, 21.470146197277035], [105.62877215738645, 21.470146197277035], [105.62877215738645, 21.46527722579047], [105.62722784251419, 21.46527722579047]]]}, "properties": {"db_hole_id": 64, "course_id": 4, "course": "Tam Đảo Golf Resort — Championship", "facility": "Tam Đảo Golf Resort", "hole_number": 10, "par": 4, "length_m": 380.0, "coords_source": "SEED", "todo": "draw: green, fairway, bunker, water, ob", "centroid": "21.467711711533752,105.62799999995033"}}, {"type": "Feature", "geometry": {"type": "Polygon", "coordinates": [[[105.62802783936006, 21.465877225938392], [105.62802783936006, 21.470764215145582], [105.62957216054045, 21.470764215145582], [105.62957216054045, 21.465877225938392], [105.62802783936006, 21.465877225938392]]]}, "properties": {"db_hole_id": 65, "course_id": 4, "course": "Tam Đảo Golf Resort — Championship", "facility": "Tam Đảo Golf Resort", "hole_number": 11, "par": 4, "length_m": 382.0, "coords_source": "SEED", "todo": "draw: green, fairway, bunker, water, ob", "centroid": "21.46832072054199,105.62879999995026"}}, {"type": "Feature", "geometry": {"type": "Polygon", "coordinates": [[[105.62882784536949, 21.46647722608644], [105.62882784536949, 21.46964349442453], [105.63037215453095, 21.46964349442453], [105.63037215453095, 21.46647722608644], [105.62882784536949, 21.46647722608644]]]}, "properties": {"db_hole_id": 66, "course_id": 4, "course": "Tam Đảo Golf Resort — Championship", "facility": "Tam Đảo Golf Resort", "hole_number": 12, "par": 3, "length_m": 191.0, "coords_source": "SEED", "todo": "draw: green, fairway, bunker, water, ob", "centroid": "21.468060360255485,105.62959999995022"}}, {"type": "Feature", "geometry": {"type": "Polygon", "coordinates": [[[105.62962782611898, 21.467077226234604], [105.62962782611898, 21.4733155660847], [105.63117217378131, 21.4733155660847], [105.63117217378131, 21.467077226234604], [105.62962782611898, 21.467077226234604]]]}, "properties": {"db_hole_id": 67, "course_id": 4, "course": "Tam Đảo Golf Resort — Championship", "facility": "Tam Đảo Golf Resort", "hole_number": 13, "par": 5, "length_m": 532.0, "coords_source": "SEED", "todo": "draw: green, fairway, bunker, water, ob", "centroid": "21.470196396159647,105.63039999995013"}}, {"type": "Feature", "geometry": {"type": "Polygon", "coordinates": [[[105.63042782989774, 21.4676772263829], [105.63042782989774, 21.47261826875049], [105.63197217000241, 21.47261826875049], [105.63197217000241, 21.4676772263829], [105.63042782989774, 21.4676772263829]]]}, "properties": {"db_hole_id": 68, "course_id": 4, "course": "Tam Đảo Golf Resort — Championship", "facility": "Tam Đảo Golf Resort", "hole_number": 14, "par": 4, "length_m": 388.0, "coords_source": "SEED", "todo": "draw: green, fairway, bunker, water, ob", "centroid": "21.470147747566692,105.63119999995008"}}, {"type": "Feature", "geometry": {"type": "Polygon", "coordinates": [[[105.63122782674365, 21.468277226531313], [105.63122782674365, 21.473236286618533], [105.63277217315635, 21.473236286618533], [105.63277217315635, 21.468277226531313], [105.63122782674365, 21.468277226531313]]]}, "properties": {"db_hole_id": 69, "course_id": 4, "course": "Tam Đảo Golf Resort — Championship", "facility": "Tam Đảo Golf Resort", "hole_number": 15, "par": 4, "length_m": 390.0, "coords_source": "SEED", "todo": "draw: green, fairway, bunker, water, ob", "centroid": "21.470756756574925,105.63199999995"}}, {"type": "Feature", "geometry": {"type": "Polygon", "coordinates": [[[105.6320278325645, 21.468877226679844], [105.6320278325645, 21.472151601929944], [105.63357216733539, 21.472151601929944], [105.63357216733539, 21.468877226679844], [105.6320278325645, 21.468877226679844]]]}, "properties": {"db_hole_id": 70, "course_id": 4, "course": "Tam Đảo Golf Resort — Championship", "facility": "Tam Đảo Golf Resort", "hole_number": 16, "par": 3, "length_m": 203.0, "coords_source": "SEED", "todo": "draw: green, fairway, bunker, water, ob", "centroid": "21.470514414304894,105.63279999994995"}}, {"type": "Feature", "geometry": {"type": "Polygon", "coordinates": [[[105.63282782043554, 21.469477226828506], [105.63282782043554, 21.474472322354288], [105.63437217946424, 21.474472322354288], [105.63437217946424, 21.469477226828506], [105.63282782043554, 21.469477226828506]]]}, "properties": {"db_hole_id": 71, "course_id": 4, "course": "Tam Đảo Golf Resort — Championship", "facility": "Tam Đảo Golf Resort", "hole_number": 17, "par": 4, "length_m": 394.0, "coords_source": "SEED", "todo": "draw: green, fairway, bunker, water, ob", "centroid": "21.471974774591395,105.63359999994988"}}, {"type": "Feature", "geometry": {"type": "Polygon", "coordinates": [[[105.63362780987241, 21.470077226977278], [105.63362780987241, 21.476495745506718], [105.63517219002722, 21.476495745506718], [105.63517219002722, 21.470077226977278], [105.63362780987241, 21.470077226977278]]]}, "properties": {"db_hole_id": 72, "course_id": 4, "course": "Tam Đảo Golf Resort — Championship", "facility": "Tam Đảo Golf Resort", "hole_number": 18, "par": 5, "length_m": 552.0, "coords_source": "SEED", "todo": "draw: green, fairway, bunker, water, ob", "centroid": "21.473286486241996,105.63439999994982"}}, {"type": "Feature", "geometry": {"type": "Polygon", "coordinates": [[[106.66006844701988, 10.809876765708928], [106.66006844701988, 10.814584495374064], [106.66153155271714, 10.814584495374064], [106.66153155271714, 10.809876765708928], [106.66006844701988, 10.809876765708928]]]}, "properties": {"db_hole_id": 91, "course_id": 6, "course": "Tân Sơn Nhất Golf Course — Championship", "facility": "Tân Sơn Nhất Golf Course", "hole_number": 1, "par": 4, "length_m": 362.0, "coords_source": "SEED", "todo": "draw: green, fairway, bunker, water, ob", "centroid": "10.812230630541496,106.66079999986852"}}, {"type": "Feature", "geometry": {"type": "Polygon", "coordinates": [[[106.66086844309928, 10.810476766020164], [106.66086844309928, 10.816319630147161], [106.66233155663761, 10.816319630147161], [106.66233155663761, 10.810476766020164], [106.66086844309928, 10.810476766020164]]]}, "properties": {"db_hole_id": 92, "course_id": 6, "course": "Tân Sơn Nhất Golf Course — Championship", "facility": "Tân Sơn Nhất Golf Course", "hole_number": 2, "par": 5, "length_m": 488.0, "coords_source": "SEED", "todo": "draw: green, fairway, bunker, water, ob", "centroid": "10.81339819808366,106.66159999986844"}}, {"type": "Feature", "geometry": {"type": "Polygon", "coordinates": [[[106.66166844459752, 10.81107676633153], [106.66166844459752, 10.81582053078588], [106.66313155513922, 10.81582053078588], [106.66313155513922, 10.81107676633153], [106.66166844459752, 10.81107676633153]]]}, "properties": {"db_hole_id": 93, "course_id": 6, "course": "Tân Sơn Nhất Golf Course — Championship", "facility": "Tân Sơn Nhất Golf Course", "hole_number": 3, "par": 4, "length_m": 366.0, "coords_source": "SEED", "todo": "draw: green, fairway, bunker, water, ob", "centroid": "10.813448648558705,106.66239999986838"}}, {"type": "Feature", "geometry": {"type": "Polygon", "coordinates": [[[106.6624684477782, 10.811676766643032], [106.6624684477782, 10.814627737761803], [106.66393155195843, 10.814627737761803], [106.66393155195843, 10.811676766643032], [106.6624684477782, 10.811676766643032]]]}, "properties": {"db_hole_id": 94, "course_id": 6, "course": "Tân Sơn Nhất Golf Course — Championship", "facility": "Tân Sơn Nhất Golf Course", "hole_number": 4, "par": 3, "length_m": 167.0, "coords_source": "SEED", "todo": "draw: green, fairway, bunker, water, ob", "centroid": "10.813152252202416,106.66319999986831"}}, {"type": "Feature", "geometry": {"type": "Polygon", "coordinates": [[[106.6632684421754, 10.812276766954675], [106.6632684421754, 10.817056566197158], [106.66473155756113, 10.817056566197158], [106.66473155756113, 10.812276766954675], [106.6632684421754, 10.812276766954675]]]}, "properties": {"db_hole_id": 95, "course_id": 6, "course": "Tân Sơn Nhất Golf Course — Championship", "facility": "Tân Sơn Nhất Golf Course", "hole_number": 5, "par": 4, "length_m": 370.0, "coords_source": "SEED", "todo": "draw: green, fairway, bunker, water, ob", "centroid": "10.814666666575917,106.66399999986828"}}, {"type": "Feature", "geometry": {"type": "Polygon", "coordinates": [[[106.66406844096437, 10.812876767266454], [106.66406844096437, 10.81767458390259], [106.66553155877202, 10.81767458390259], [106.66553155877202, 10.812876767266454], [106.66406844096437, 10.812876767266454]]]}, "properties": {"db_hole_id": 96, "course_id": 6, "course": "Tân Sơn Nhất Golf Course — Championship", "facility": "Tân Sơn Nhất Golf Course", "hole_number": 6, "par": 4, "length_m": 372.0, "coords_source": "SEED", "todo": "draw: green, fairway, bunker, water, ob", "centroid": "10.815275675584521,106.6647999998682"}}, {"type": "Feature", "geometry": {"type": "Polygon", "coordinates": [[[106.6648684368246, 10.813476767578365], [106.6648684368246, 10.819499808761067], [106.66633156291165, 10.819499808761067], [106.66633156291165, 10.813476767578365], [106.6648684368246, 10.813476767578365]]]}, "properties": {"db_hole_id": 97, "course_id": 6, "course": "Tân Sơn Nhất Golf Course — Championship", "facility": "Tân Sơn Nhất Golf Course", "hole_number": 7, "par": 5, "length_m": 508.0, "coords_source": "SEED", "todo": "draw: green, fairway, bunker, water, ob", "centroid": "10.816488288169714,106.66559999986814"}}, {"type": "Feature", "geometry": {"type": "Polygon", "coordinates": [[[106.66566844284792, 10.81407676789041], [106.66566844284792, 10.817135844617692], [106.66713155688821, 10.817135844617692], [106.66713155688821, 10.81407676789041], [106.66566844284792, 10.81407676789041]]]}, "properties": {"db_hole_id": 98, "course_id": 6, "course": "Tân Sơn Nhất Golf Course — Championship", "facility": "Tân Sơn Nhất Golf Course", "hole_number": 8, "par": 3, "length_m": 179.0, "coords_source": "SEED", "todo": "draw: green, fairway, bunker, water, ob", "centroid": "10.81560630625405,106.66639999986808"}}, {"type": "Feature", "geometry": {"type": "Polygon", "coordinates": [[[106.66646843733162, 10.814676768202597], [106.66646843733162, 10.819528637018072], [106.66793156240436, 10.819528637018072], [106.66793156240436, 10.814676768202597], [106.66646843733162, 10.814676768202597]]]}, "properties": {"db_hole_id": 99, "course_id": 6, "course": "Tân Sơn Nhất Golf Course — Championship", "facility": "Tân Sơn Nhất Golf Course", "hole_number": 9, "par": 4, "length_m": 378.0, "coords_source": "SEED", "todo": "draw: green, fairway, bunker, water, ob", "centroid": "10.817102702610335,106.66719999986799"}}, {"type": "Feature", "geometry": {"type": "Polygon", "coordinates": [[[106.6672684361208, 10.815276768514915], [106.6672684361208, 10.820146654722963], [106.66873156361507, 10.820146654722963], [106.66873156361507, 10.815276768514915], [106.6672684361208, 10.815276768514915]]]}, "properties": {"db_hole_id": 100, "course_id": 6, "course": "Tân Sơn Nhất Golf Course — Championship", "facility": "Tân Sơn Nhất Golf Course", "hole_number": 10, "par": 4, "length_m": 380.0, "coords_source": "SEED", "todo": "draw: green, fairway, bunker, water, ob", "centroid": "10.81771171161894,106.66799999986792"}}, {"type": "Feature", "geometry": {"type": "Polygon", "coordinates": [[[106.66806843491003, 10.815876768827374], [106.66806843491003, 10.82076467242772], [106.6695315648257, 10.82076467242772], [106.6695315648257, 10.815876768827374], [106.66806843491003, 10.815876768827374]]]}, "properties": {"db_hole_id": 101, "course_id": 6, "course": "Tân Sơn Nhất Golf Course — Championship", "facility": "Tân Sơn Nhất Golf Course", "hole_number": 11, "par": 4, "length_m": 382.0, "coords_source": "SEED", "todo": "draw: green, fairway, bunker, water, ob", "centroid": "10.818320720627547,106.66879999986784"}}, {"type": "Feature", "geometry": {"type": "Polygon", "coordinates": [[[106.66886843791835, 10.816476769139964], [106.66886843791835, 10.819643951471408], [106.67033156181728, 10.819643951471408], [106.67033156181728, 10.816476769139964], [106.66886843791835, 10.816476769139964]]]}, "properties": {"db_hole_id": 102, "course_id": 6, "course": "Tân Sơn Nhất Golf Course — Championship", "facility": "Tân Sơn Nhất Golf Course", "hole_number": 12, "par": 3, "length_m": 191.0, "coords_source": "SEED", "todo": "draw: green, fairway, bunker, water, ob", "centroid": "10.818060360305685,106.6695999998678"}}, {"type": "Feature", "geometry": {"type": "Polygon", "coordinates": [[[106.66966842929634, 10.817076769452694], [106.66966842929634, 10.823316023093259], [106.67113157043916, 10.823316023093259], [106.67113157043916, 10.817076769452694], [106.66966842929634, 10.817076769452694]]]}, "properties": {"db_hole_id": 103, "course_id": 6, "course": "Tân Sơn Nhất Golf Course — Championship", "facility": "Tân Sơn Nhất Golf Course", "hole_number": 13, "par": 5, "length_m": 532.0, "coords_source": "SEED", "todo": "draw: green, fairway, bunker, water, ob", "centroid": "10.820196396272976,106.67039999986774"}}, {"type": "Feature", "geometry": {"type": "Polygon", "coordinates": [[[106.67046843127798, 10.817676769765558], [106.67046843127798, 10.82261872554116], [106.6719315684574, 10.82261872554116], [106.6719315684574, 10.817676769765558], [106.67046843127798, 10.817676769765558]]]}, "properties": {"db_hole_id": 104, "course_id": 6, "course": "Tân Sơn Nhất Golf Course — Championship", "facility": "Tân Sơn Nhất Golf Course", "hole_number": 14, "par": 4, "length_m": 388.0, "coords_source": "SEED", "todo": "draw: green, fairway, bunker, water, ob", "centroid": "10.820147747653358,106.6711999998677"}}, {"type": "Feature", "geometry": {"type": "Polygon", "coordinates": [[[106.6712684300674, 10.818276770078556], [106.6712684300674, 10.82323674324537], [106.67273156966786, 10.82323674324537], [106.67273156966786, 10.818276770078556], [106.6712684300674, 10.818276770078556]]]}, "properties": {"db_hole_id": 105, "course_id": 6, "course": "Tân Sơn Nhất Golf Course — Championship", "facility": "Tân Sơn Nhất Golf Course", "hole_number": 15, "par": 4, "length_m": 390.0, "coords_source": "SEED", "todo": "draw: green, fairway, bunker, water, ob", "centroid": "10.820756756661964,106.67199999986764"}}, {"type": "Feature", "geometry": {"type": "Polygon", "coordinates": [[[106.67206843298948, 10.818876770391697], [106.67206843298948, 10.822152058322937], [106.67353156674565, 10.822152058322937], [106.67353156674565, 10.818876770391697], [106.67206843298948, 10.818876770391697]]]}, "properties": {"db_hole_id": 106, "course_id": 6, "course": "Tân Sơn Nhất Golf Course — Championship", "facility": "Tân Sơn Nhất Golf Course", "hole_number": 16, "par": 3, "length_m": 203.0, "coords_source": "SEED", "todo": "draw: green, fairway, bunker, water, ob", "centroid": "10.820514414357314,106.67279999986756"}}, {"type": "Feature", "geometry": {"type": "Polygon", "coordinates": [[[106.67286842764634, 10.819476770704968], [106.67286842764634, 10.824472778653378], [106.67433157208863, 10.824472778653378], [106.67433157208863, 10.819476770704968], [106.67286842764634, 10.819476770704968]]]}, "properties": {"db_hole_id": 107, "course_id": 6, "course": "Tân Sơn Nhất Golf Course — Championship", "facility": "Tân Sơn Nhất Golf Course", "hole_number": 17, "par": 4, "length_m": 394.0, "coords_source": "SEED", "todo": "draw: green, fairway, bunker, water, ob", "centroid": "10.821974774679173,106.67359999986749"}}, {"type": "Feature", "geometry": {"type": "Polygon", "coordinates": [[[106.67366842302391, 10.82007677101838], [106.67366842302391, 10.826496201699678], [106.67513157671095, 10.826496201699678], [106.67513157671095, 10.82007677101838], [106.67366842302391, 10.82007677101838]]]}, "properties": {"db_hole_id": 108, "course_id": 6, "course": "Tân Sơn Nhất Golf Course — Championship", "facility": "Tân Sơn Nhất Golf Course", "hole_number": 18, "par": 5, "length_m": 552.0, "coords_source": "SEED", "todo": "draw: green, fairway, bunker, water, ob", "centroid": "10.82328648635903,106.67439999986743"}}, {"type": "Feature", "geometry": {"type": "Polygon", "coordinates": [[[105.68002808939139, 21.419877228528325], [105.68002808939139, 21.424584032391888], [105.68157191050092, 21.424584032391888], [105.68157191050092, 21.419877228528325], [105.68002808939139, 21.419877228528325]]]}, "properties": {"db_hole_id": 217, "course_id": 13, "course": "Thanh Lanh Valley Golf Club — Championship", "facility": "Thanh Lanh Valley Golf Club", "hole_number": 1, "par": 4, "length_m": 362.0, "coords_source": "SEED", "todo": "draw: green, fairway, bunker, water, ob", "centroid": "21.422230630460106,105.68079999994615"}}, {"type": "Feature", "geometry": {"type": "Polygon", "coordinates": [[[105.68082808038233, 21.420477228684273], [105.68082808038233, 21.426319167273896], [105.68237191950985, 21.426319167273896], [105.68237191950985, 21.420477228684273], [105.68082808038233, 21.420477228684273]]]}, "properties": {"db_hole_id": 218, "course_id": 13, "course": "Thanh Lanh Valley Golf Club — Championship", "facility": "Thanh Lanh Valley Golf Club", "hole_number": 2, "par": 5, "length_m": 488.0, "coords_source": "SEED", "todo": "draw: green, fairway, bunker, water, ob", "centroid": "21.423398197979086,105.68159999994612"}}, {"type": "Feature", "geometry": {"type": "Polygon", "coordinates": [[[105.68162808311769, 21.42107722884035], [105.68162808311769, 21.42582006811282], [105.68317191677437, 21.42582006811282], [105.68317191677437, 21.42107722884035], [105.68162808311769, 21.42107722884035]]]}, "properties": {"db_hole_id": 219, "course_id": 13, "course": "Thanh Lanh Valley Golf Club — Championship", "facility": "Thanh Lanh Valley Golf Club", "hole_number": 3, "par": 4, "length_m": 366.0, "coords_source": "SEED", "todo": "draw: green, fairway, bunker, water, ob", "centroid": "21.423448648476587,105.68239999994603"}}, {"type": "Feature", "geometry": {"type": "Polygon", "coordinates": [[[105.68242808949938, 21.421677228996547], [105.68242808949938, 21.424627275317306], [105.68397191039256, 21.424627275317306], [105.68397191039256, 21.421677228996547], [105.68242808949938, 21.421677228996547]]]}, "properties": {"db_hole_id": 220, "course_id": 13, "course": "Thanh Lanh Valley Golf Club — Championship", "facility": "Thanh Lanh Valley Golf Club", "hole_number": 4, "par": 3, "length_m": 167.0, "coords_source": "SEED", "todo": "draw: green, fairway, bunker, water, ob", "centroid": "21.423152252156925,105.68319999994597"}}, {"type": "Feature", "geometry": {"type": "Polygon", "coordinates": [[[105.68322807684406, 21.422277229152847], [105.68322807684406, 21.427056103833262], [105.68477192304776, 21.427056103833262], [105.68477192304776, 21.422277229152847], [105.68322807684406, 21.422277229152847]]]}, "properties": {"db_hole_id": 221, "course_id": 13, "course": "Thanh Lanh Valley Golf Club — Championship", "facility": "Thanh Lanh Valley Golf Club", "hole_number": 5, "par": 4, "length_m": 370.0, "coords_source": "SEED", "todo": "draw: green, fairway, bunker, water, ob", "centroid": "21.424666666493057,105.6839999999459"}}, {"type": "Feature", "geometry": {"type": "Polygon", "coordinates": [[[105.68402807370724, 21.422877229309293], [105.68402807370724, 21.427674121693297], [105.68557192618442, 21.427674121693297], [105.68557192618442, 21.422877229309293], [105.68402807370724, 21.422877229309293]]]}, "properties": {"db_hole_id": 222, "course_id": 13, "course": "Thanh Lanh Valley Golf Club — Championship", "facility": "Thanh Lanh Valley Golf Club", "hole_number": 6, "par": 4, "length_m": 372.0, "coords_source": "SEED", "todo": "draw: green, fairway, bunker, water, ob", "centroid": "21.425275675501297,105.68479999994582"}}, {"type": "Feature", "geometry": {"type": "Polygon", "coordinates": [[[105.68482806422354, 21.423477229465853], [105.68482806422354, 21.429499346657053], [105.686371935668, 21.429499346657053], [105.686371935668, 21.423477229465853], [105.68482806422354, 21.423477229465853]]]}, "properties": {"db_hole_id": 223, "course_id": 13, "course": "Thanh Lanh Valley Golf Club — Championship", "facility": "Thanh Lanh Valley Golf Club", "hole_number": 7, "par": 5, "length_m": 508.0, "coords_source": "SEED", "todo": "draw: green, fairway, bunker, water, ob", "centroid": "21.426488288061453,105.68559999994578"}}, {"type": "Feature", "geometry": {"type": "Polygon", "coordinates": [[[105.68562807676413, 21.42407722962254], [105.68562807676413, 21.42713538279016], [105.68717192312728, 21.42713538279016], [105.68717192312728, 21.42407722962254], [105.68562807676413, 21.42407722962254]]]}, "properties": {"db_hole_id": 224, "course_id": 13, "course": "Thanh Lanh Valley Golf Club — Championship", "facility": "Thanh Lanh Valley Golf Club", "hole_number": 8, "par": 3, "length_m": 179.0, "coords_source": "SEED", "todo": "draw: green, fairway, bunker, water, ob", "centroid": "21.425606306206344,105.68639999994572"}}, {"type": "Feature", "geometry": {"type": "Polygon", "coordinates": [[[105.6864280642969, 21.424677229779334], [105.6864280642969, 21.429528175272676], [105.68797193559436, 21.429528175272676], [105.68797193559436, 21.424677229779334], [105.6864280642969, 21.424677229779334]]]}, "properties": {"db_hole_id": 225, "course_id": 13, "course": "Thanh Lanh Valley Golf Club — Championship", "facility": "Thanh Lanh Valley Golf Club", "hole_number": 9, "par": 4, "length_m": 378.0, "coords_source": "SEED", "todo": "draw: green, fairway, bunker, water, ob", "centroid": "21.427102702526007,105.68719999994563"}}, {"type": "Feature", "geometry": {"type": "Polygon", "coordinates": [[[105.68722806116018, 21.425277229936263], [105.68722806116018, 21.430146193132224], [105.68877193873098, 21.430146193132224], [105.68877193873098, 21.425277229936263], [105.68722806116018, 21.425277229936263]]]}, "properties": {"db_hole_id": 226, "course_id": 13, "course": "Thanh Lanh Valley Golf Club — Championship", "facility": "Thanh Lanh Valley Golf Club", "hole_number": 10, "par": 4, "length_m": 380.0, "coords_source": "SEED", "todo": "draw: green, fairway, bunker, water, ob", "centroid": "21.427711711534243,105.68799999994559"}}, {"type": "Feature", "geometry": {"type": "Polygon", "coordinates": [[[105.68802805802343, 21.425877230093306], [105.68802805802343, 21.43076421099164], [105.6895719418676, 21.43076421099164], [105.6895719418676, 21.425877230093306], [105.68802805802343, 21.425877230093306]]]}, "properties": {"db_hole_id": 227, "course_id": 13, "course": "Thanh Lanh Valley Golf Club — Championship", "facility": "Thanh Lanh Valley Golf Club", "hole_number": 11, "par": 4, "length_m": 382.0, "coords_source": "SEED", "todo": "draw: green, fairway, bunker, water, ob", "centroid": "21.428320720542473,105.68879999994553"}}, {"type": "Feature", "geometry": {"type": "Polygon", "coordinates": [[[105.68882806402905, 21.426477230250487], [105.68882806402905, 21.42964349026106], [105.69037193586186, 21.42964349026106], [105.69037193586186, 21.426477230250487], [105.68882806402905, 21.426477230250487]]]}, "properties": {"db_hole_id": 228, "course_id": 13, "course": "Thanh Lanh Valley Golf Club — Championship", "facility": "Thanh Lanh Valley Golf Club", "hole_number": 12, "par": 3, "length_m": 191.0, "coords_source": "SEED", "todo": "draw: green, fairway, bunker, water, ob", "centroid": "21.428060360255774,105.68959999994547"}}, {"type": "Feature", "geometry": {"type": "Polygon", "coordinates": [[[105.68962804483319, 21.427077230407775], [105.68962804483319, 21.433315561912824], [105.6911719550576, 21.433315561912824], [105.6911719550576, 21.427077230407775], [105.68962804483319, 21.427077230407775]]]}, "properties": {"db_hole_id": 229, "course_id": 13, "course": "Thanh Lanh Valley Golf Club — Championship", "facility": "Thanh Lanh Valley Golf Club", "hole_number": 13, "par": 5, "length_m": 532.0, "coords_source": "SEED", "todo": "draw: green, fairway, bunker, water, ob", "centroid": "21.430196396160294,105.69039999994537"}}, {"type": "Feature", "geometry": {"type": "Polygon", "coordinates": [[[105.69042804861333, 21.427677230565195], [105.69042804861333, 21.432618264569196], [105.69197195127734, 21.432618264569196], [105.69197195127734, 21.427677230565195], [105.69042804861333, 21.427677230565195]]]}, "properties": {"db_hole_id": 230, "course_id": 13, "course": "Thanh Lanh Valley Golf Club — Championship", "facility": "Thanh Lanh Valley Golf Club", "hole_number": 14, "par": 4, "length_m": 388.0, "coords_source": "SEED", "todo": "draw: green, fairway, bunker, water, ob", "centroid": "21.430147747567194,105.69119999994533"}}, {"type": "Feature", "geometry": {"type": "Polygon", "coordinates": [[[105.69122804547663, 21.428277230722728], [105.69122804547663, 21.433236282428126], [105.6927719544139, 21.433236282428126], [105.6927719544139, 21.428277230722728], [105.69122804547663, 21.428277230722728]]]}, "properties": {"db_hole_id": 231, "course_id": 13, "course": "Thanh Lanh Valley Golf Club — Championship", "facility": "Thanh Lanh Valley Golf Club", "hole_number": 15, "par": 4, "length_m": 390.0, "coords_source": "SEED", "todo": "draw: green, fairway, bunker, water, ob", "centroid": "21.430756756575427,105.69199999994528"}}, {"type": "Feature", "geometry": {"type": "Polygon", "coordinates": [[[105.69202805129412, 21.42887723088038], [105.69202805129412, 21.432151597730005], [105.69357194859627, 21.432151597730005], [105.69357194859627, 21.42887723088038], [105.69202805129412, 21.42887723088038]]]}, "properties": {"db_hole_id": 232, "course_id": 13, "course": "Thanh Lanh Valley Golf Club — Championship", "facility": "Thanh Lanh Valley Golf Club", "hole_number": 16, "par": 3, "length_m": 203.0, "coords_source": "SEED", "todo": "draw: green, fairway, bunker, water, ob", "centroid": "21.430514414305193,105.69279999994518"}}, {"type": "Feature", "geometry": {"type": "Polygon", "coordinates": [[[105.69282803920332, 21.429477231038167], [105.69282803920332, 21.434472318145623], [105.69437196068696, 21.434472318145623], [105.69437196068696, 21.429477231038167], [105.69282803920332, 21.429477231038167]]]}, "properties": {"db_hole_id": 233, "course_id": 13, "course": "Thanh Lanh Valley Golf Club — Championship", "facility": "Thanh Lanh Valley Golf Club", "hole_number": 17, "par": 4, "length_m": 394.0, "coords_source": "SEED", "todo": "draw: green, fairway, bunker, water, ob", "centroid": "21.431974774591897,105.69359999994515"}}, {"type": "Feature", "geometry": {"type": "Polygon", "coordinates": [[[105.69362802867475, 21.430077231196073], [105.69362802867475, 21.436495741289274], [105.69517197121542, 21.436495741289274], [105.69517197121542, 21.430077231196073], [105.69362802867475, 21.430077231196073]]]}, "properties": {"db_hole_id": 234, "course_id": 13, "course": "Thanh Lanh Valley Golf Club — Championship", "facility": "Thanh Lanh Valley Golf Club", "hole_number": 18, "par": 5, "length_m": 552.0, "coords_source": "SEED", "todo": "draw: green, fairway, bunker, water, ob", "centroid": "21.433286486242675,105.69439999994508"}}, {"type": "Feature", "geometry": {"type": "Polygon", "coordinates": [[[107.42006964070322, 10.449877082539233], [107.42006964070322, 10.454584178558116], [107.42153035891369, 10.454584178558116], [107.42153035891369, 10.449877082539233], [107.42006964070322, 10.449877082539233]]]}, "properties": {"db_hole_id": 811, "course_id": 46, "course": "The Bluffs Hồ Tràm Strip — Championship", "facility": "The Bluffs Hồ Tràm Strip", "hole_number": 1, "par": 4, "length_m": 362.0, "coords_source": "SEED", "todo": "draw: green, fairway, bunker, water, ob", "centroid": "10.452230630548675,107.42079999980847"}}, {"type": "Feature", "geometry": {"type": "Polygon", "coordinates": [[[107.42086963706085, 10.450477082979335], [107.42086963706085, 10.45631931320644], [107.42233036255593, 10.45631931320644], [107.42233036255593, 10.450477082979335], [107.42086963706085, 10.450477082979335]]]}, "properties": {"db_hole_id": 812, "course_id": 46, "course": "The Bluffs Hồ Tràm Strip — Championship", "facility": "The Bluffs Hồ Tràm Strip", "hole_number": 2, "par": 5, "length_m": 488.0, "coords_source": "SEED", "todo": "draw: green, fairway, bunker, water, ob", "centroid": "10.45339819809289,107.4215999998084"}}, {"type": "Feature", "geometry": {"type": "Polygon", "coordinates": [[[107.42166963864909, 10.451077083419579], [107.42166963864909, 10.455820213712322], [107.42313036096756, 10.455820213712322], [107.42313036096756, 10.451077083419579], [107.42166963864909, 10.451077083419579]]]}, "properties": {"db_hole_id": 813, "course_id": 46, "course": "The Bluffs Hồ Tràm Strip — Championship", "facility": "The Bluffs Hồ Tràm Strip", "hole_number": 3, "par": 4, "length_m": 366.0, "coords_source": "SEED", "todo": "draw: green, fairway, bunker, water, ob", "centroid": "10.453448648565951,107.42239999980832"}}, {"type": "Feature", "geometry": {"type": "Polygon", "coordinates": [[[107.4224696418613, 10.451677083859952], [107.4224696418613, 10.454627420552919], [107.42393035775522, 10.454627420552919], [107.42393035775522, 10.451677083859952], [107.4224696418613, 10.451677083859952]]]}, "properties": {"db_hole_id": 814, "course_id": 46, "course": "The Bluffs Hồ Tràm Strip — Championship", "facility": "The Bluffs Hồ Tràm Strip", "hole_number": 4, "par": 3, "length_m": 167.0, "coords_source": "SEED", "todo": "draw: green, fairway, bunker, water, ob", "centroid": "10.453152252206435,107.42319999980826"}}, {"type": "Feature", "geometry": {"type": "Polygon", "coordinates": [[[107.42326963659517, 10.452277084300464], [107.42326963659517, 10.457056248865992], [107.42473036302125, 10.457056248865992], [107.42473036302125, 10.452277084300464], [107.42326963659517, 10.452277084300464]]]}, "properties": {"db_hole_id": 815, "course_id": 46, "course": "The Bluffs Hồ Tràm Strip — Championship", "facility": "The Bluffs Hồ Tràm Strip", "hole_number": 5, "par": 4, "length_m": 370.0, "coords_source": "SEED", "todo": "draw: green, fairway, bunker, water, ob", "centroid": "10.454666666583229,107.4239999998082"}}, {"type": "Feature", "geometry": {"type": "Polygon", "coordinates": [[[107.42406963556826, 10.452877084741111], [107.42406963556826, 10.45767426644262], [107.42553036404803, 10.45767426644262], [107.42553036404803, 10.452877084741111], [107.42406963556826, 10.452877084741111]]]}, "properties": {"db_hole_id": 816, "course_id": 46, "course": "The Bluffs Hồ Tràm Strip — Championship", "facility": "The Bluffs Hồ Tràm Strip", "hole_number": 6, "par": 4, "length_m": 372.0, "coords_source": "SEED", "todo": "draw: green, fairway, bunker, water, ob", "centroid": "10.455275675591865,107.42479999980814"}}, {"type": "Feature", "geometry": {"type": "Polygon", "coordinates": [[[107.4248696317143, 10.453477085181898], [107.4248696317143, 10.45949949117665], [107.42633036790185, 10.45949949117665], [107.42633036790185, 10.453477085181898], [107.4248696317143, 10.453477085181898]]]}, "properties": {"db_hole_id": 817, "course_id": 46, "course": "The Bluffs Hồ Tràm Strip — Championship", "facility": "The Bluffs Hồ Tràm Strip", "hole_number": 7, "par": 5, "length_m": 508.0, "coords_source": "SEED", "todo": "draw: green, fairway, bunker, water, ob", "centroid": "10.456488288179274,107.42559999980809"}}, {"type": "Feature", "geometry": {"type": "Polygon", "coordinates": [[[107.42566963767048, 10.45407708562281], [107.42566963767048, 10.457135526893724], [107.42713036194553, 10.457135526893724], [107.42713036194553, 10.45407708562281], [107.42566963767048, 10.45407708562281]]]}, "properties": {"db_hole_id": 818, "course_id": 46, "course": "The Bluffs Hồ Tràm Strip — Championship", "facility": "The Bluffs Hồ Tràm Strip", "hole_number": 8, "par": 3, "length_m": 179.0, "coords_source": "SEED", "todo": "draw: green, fairway, bunker, water, ob", "centroid": "10.455606306258268,107.42639999980801"}}, {"type": "Feature", "geometry": {"type": "Polygon", "coordinates": [[[107.42646963248784, 10.45467708606387], [107.42646963248784, 10.459528319171707], [107.42793036712806, 10.459528319171707], [107.42793036712806, 10.45467708606387], [107.42646963248784, 10.45467708606387]]]}, "properties": {"db_hole_id": 819, "course_id": 46, "course": "The Bluffs Hồ Tràm Strip — Championship", "facility": "The Bluffs Hồ Tràm Strip", "hole_number": 9, "par": 4, "length_m": 378.0, "coords_source": "SEED", "todo": "draw: green, fairway, bunker, water, ob", "centroid": "10.457102702617787,107.42719999980795"}}, {"type": "Feature", "geometry": {"type": "Polygon", "coordinates": [[[107.42726963146112, 10.455277086505054], [107.42726963146112, 10.460146336747798], [107.42873036815465, 10.460146336747798], [107.42873036815465, 10.455277086505054], [107.42726963146112, 10.455277086505054]]]}, "properties": {"db_hole_id": 820, "course_id": 46, "course": "The Bluffs Hồ Tràm Strip — Championship", "facility": "The Bluffs Hồ Tràm Strip", "hole_number": 10, "par": 4, "length_m": 380.0, "coords_source": "SEED", "todo": "draw: green, fairway, bunker, water, ob", "centroid": "10.457711711626427,107.4279999998079"}}, {"type": "Feature", "geometry": {"type": "Polygon", "coordinates": [[[107.42806963043445, 10.45587708694638], [107.42806963043445, 10.460764354323752], [107.42953036918118, 10.460764354323752], [107.42953036918118, 10.45587708694638], [107.42806963043445, 10.45587708694638]]]}, "properties": {"db_hole_id": 821, "course_id": 46, "course": "The Bluffs Hồ Tràm Strip — Championship", "facility": "The Bluffs Hồ Tràm Strip", "hole_number": 11, "par": 4, "length_m": 382.0, "coords_source": "SEED", "todo": "draw: green, fairway, bunker, water, ob", "centroid": "10.458320720635065,107.42879999980781"}}, {"type": "Feature", "geometry": {"type": "Polygon", "coordinates": [[[107.42886963348037, 10.456477087387839], [107.42886963348037, 10.459643633232366], [107.43033036613514, 10.459643633232366], [107.43033036613514, 10.456477087387839], [107.42886963348037, 10.456477087387839]]]}, "properties": {"db_hole_id": 822, "course_id": 46, "course": "The Bluffs Hồ Tràm Strip — Championship", "facility": "The Bluffs Hồ Tràm Strip", "hole_number": 12, "par": 3, "length_m": 191.0, "coords_source": "SEED", "todo": "draw: green, fairway, bunker, water, ob", "centroid": "10.458060360310103,107.42959999980778"}}, {"type": "Feature", "geometry": {"type": "Polygon", "coordinates": [[[107.42966962529982, 10.457077087829436], [107.42966962529982, 10.46331570473645], [107.43113037431559, 10.46331570473645], [107.43113037431559, 10.457077087829436], [107.42966962529982, 10.457077087829436]]]}, "properties": {"db_hole_id": 823, "course_id": 46, "course": "The Bluffs Hồ Tràm Strip — Championship", "facility": "The Bluffs Hồ Tràm Strip", "hole_number": 13, "par": 5, "length_m": 532.0, "coords_source": "SEED", "todo": "draw: green, fairway, bunker, water, ob", "centroid": "10.460196396282942,107.4303999998077"}}, {"type": "Feature", "geometry": {"type": "Polygon", "coordinates": [[[107.43046962735474, 10.45767708827116], [107.43046962735474, 10.46261840705081], [107.43193037226054, 10.46261840705081], [107.43193037226054, 10.45767708827116], [107.43046962735474, 10.45767708827116]]]}, "properties": {"db_hole_id": 824, "course_id": 46, "course": "The Bluffs Hồ Tràm Strip — Championship", "facility": "The Bluffs Hồ Tràm Strip", "hole_number": 14, "par": 4, "length_m": 388.0, "coords_source": "SEED", "todo": "draw: green, fairway, bunker, water, ob", "centroid": "10.460147747660985,107.43119999980763"}}, {"type": "Feature", "geometry": {"type": "Polygon", "coordinates": [[[107.43126962632824, 10.458277088713025], [107.43126962632824, 10.463236424626222], [107.43273037328689, 10.463236424626222], [107.43273037328689, 10.458277088713025], [107.43126962632824, 10.458277088713025]]]}, "properties": {"db_hole_id": 825, "course_id": 46, "course": "The Bluffs Hồ Tràm Strip — Championship", "facility": "The Bluffs Hồ Tràm Strip", "hole_number": 15, "par": 4, "length_m": 390.0, "coords_source": "SEED", "todo": "draw: green, fairway, bunker, water, ob", "centroid": "10.460756756669625,107.43199999980756"}}, {"type": "Feature", "geometry": {"type": "Polygon", "coordinates": [[[107.43206962929096, 10.458877089155024], [107.43206962929096, 10.462151739568846], [107.43353037032404, 10.462151739568846], [107.43353037032404, 10.458877089155024], [107.43206962929096, 10.458877089155024]]]}, "properties": {"db_hole_id": 826, "course_id": 46, "course": "The Bluffs Hồ Tràm Strip — Championship", "facility": "The Bluffs Hồ Tràm Strip", "hole_number": 16, "par": 3, "length_m": 203.0, "coords_source": "SEED", "todo": "draw: green, fairway, bunker, water, ob", "centroid": "10.460514414361935,107.43279999980749"}}, {"type": "Feature", "geometry": {"type": "Polygon", "coordinates": [[[107.43286962427543, 10.459477089597158], [107.43286962427543, 10.464472459776639], [107.43433037533944, 10.464472459776639], [107.43433037533944, 10.459477089597158], [107.43286962427543, 10.459477089597158]]]}, "properties": {"db_hole_id": 827, "course_id": 46, "course": "The Bluffs Hồ Tràm Strip — Championship", "facility": "The Bluffs Hồ Tràm Strip", "hole_number": 17, "par": 4, "length_m": 394.0, "coords_source": "SEED", "todo": "draw: green, fairway, bunker, water, ob", "centroid": "10.461974774686897,107.43359999980743"}}, {"type": "Feature", "geometry": {"type": "Polygon", "coordinates": [[[107.43366961995552, 10.460077090039434], [107.43366961995552, 10.466495882699235], [107.43513037965923, 10.466495882699235], [107.43513037965923, 10.460077090039434], [107.43366961995552, 10.460077090039434]]]}, "properties": {"db_hole_id": 828, "course_id": 46, "course": "The Bluffs Hồ Tràm Strip — Championship", "facility": "The Bluffs Hồ Tràm Strip", "hole_number": 18, "par": 5, "length_m": 552.0, "coords_source": "SEED", "todo": "draw: green, fairway, bunker, water, ob", "centroid": "10.463286486369334,107.43439999980738"}}, {"type": "Feature", "geometry": {"type": "Polygon", "coordinates": [[[107.40006958339447, 10.46987707302293], [107.40006958339447, 10.474584188073846], [107.40153041622561, 10.474584188073846], [107.40153041622561, 10.46987707302293], [107.40006958339447, 10.46987707302293]]]}, "properties": {"db_hole_id": 829, "course_id": 47, "course": "The Grand Hồ Tràm Golf Club — Championship", "facility": "The Grand Hồ Tràm Golf Club", "hole_number": 1, "par": 4, "length_m": 362.0, "coords_source": "SEED", "todo": "draw: green, fairway, bunker, water, ob", "centroid": "10.472230630548387,107.40079999981005"}}, {"type": "Feature", "geometry": {"type": "Polygon", "coordinates": [[[107.40086957974046, 10.470477073459644], [107.40086957974046, 10.476319322725402], [107.40233041987949, 10.476319322725402], [107.40233041987949, 10.470477073459644], [107.40086957974046, 10.470477073459644]]]}, "properties": {"db_hole_id": 830, "course_id": 47, "course": "The Grand Hồ Tràm Golf Club — Championship", "facility": "The Grand Hồ Tràm Golf Club", "hole_number": 2, "par": 5, "length_m": 488.0, "coords_source": "SEED", "todo": "draw: green, fairway, bunker, water, ob", "centroid": "10.473398198092523,107.40159999980996"}}, {"type": "Feature", "geometry": {"type": "Polygon", "coordinates": [[[107.40166958132754, 10.471077073896483], [107.40166958132754, 10.475820223234841], [107.40313041829226, 10.475820223234841], [107.40313041829226, 10.471077073896483], [107.40166958132754, 10.471077073896483]]]}, "properties": {"db_hole_id": 831, "course_id": 47, "course": "The Grand Hồ Tràm Golf Club — Championship", "facility": "The Grand Hồ Tràm Golf Club", "hole_number": 3, "par": 4, "length_m": 366.0, "coords_source": "SEED", "todo": "draw: green, fairway, bunker, water, ob", "centroid": "10.473448648565661,107.40239999980989"}}, {"type": "Feature", "geometry": {"type": "Polygon", "coordinates": [[[107.40246958454189, 10.47167707433346], [107.40246958454189, 10.4746274300791], [107.40393041507784, 10.4746274300791], [107.40393041507784, 10.47167707433346], [107.40246958454189, 10.47167707433346]]]}, "properties": {"db_hole_id": 832, "course_id": 47, "course": "The Grand Hồ Tràm Golf Club — Championship", "facility": "The Grand Hồ Tràm Golf Club", "hole_number": 4, "par": 3, "length_m": 167.0, "coords_source": "SEED", "todo": "draw: green, fairway, bunker, water, ob", "centroid": "10.47315225220628,107.40319999980986"}}, {"type": "Feature", "geometry": {"type": "Polygon", "coordinates": [[[107.40326957926084, 10.47227707477058], [107.40326957926084, 10.4770562583953], [107.40473042035875, 10.4770562583953], [107.40473042035875, 10.47227707477058], [107.40326957926084, 10.47227707477058]]]}, "properties": {"db_hole_id": 833, "course_id": 47, "course": "The Grand Hồ Tràm Golf Club — Championship", "facility": "The Grand Hồ Tràm Golf Club", "hole_number": 5, "par": 4, "length_m": 370.0, "coords_source": "SEED", "todo": "draw: green, fairway, bunker, water, ob", "centroid": "10.47466666658294,107.4039999998098"}}, {"type": "Feature", "geometry": {"type": "Polygon", "coordinates": [[[107.40406957822753, 10.47287707520783], [107.40406957822753, 10.47767427597533], [107.40553042139192, 10.47767427597533], [107.40553042139192, 10.47287707520783], [107.40406957822753, 10.47287707520783]]]}, "properties": {"db_hole_id": 834, "course_id": 47, "course": "The Grand Hồ Tràm Golf Club — Championship", "facility": "The Grand Hồ Tràm Golf Club", "hole_number": 6, "par": 4, "length_m": 372.0, "coords_source": "SEED", "todo": "draw: green, fairway, bunker, water, ob", "centroid": "10.475275675591579,107.40479999980975"}}, {"type": "Feature", "geometry": {"type": "Polygon", "coordinates": [[[107.40486957436151, 10.473477075645212], [107.40486957436151, 10.47949950071258], [107.40633042525779, 10.47949950071258], [107.40633042525779, 10.473477075645212], [107.40486957436151, 10.473477075645212]]]}, "properties": {"db_hole_id": 835, "course_id": 47, "course": "The Grand Hồ Tràm Golf Club — Championship", "facility": "The Grand Hồ Tràm Golf Club", "hole_number": 7, "par": 5, "length_m": 508.0, "coords_source": "SEED", "todo": "draw: green, fairway, bunker, water, ob", "centroid": "10.476488288178896,107.40559999980964"}}, {"type": "Feature", "geometry": {"type": "Polygon", "coordinates": [[[107.40566958032531, 10.474077076082732], [107.40566958032531, 10.477135536433472], [107.40713041929388, 10.477135536433472], [107.40713041929388, 10.474077076082732], [107.40566958032531, 10.474077076082732]]]}, "properties": {"db_hole_id": 836, "course_id": 47, "course": "The Grand Hồ Tràm Golf Club — Championship", "facility": "The Grand Hồ Tràm Golf Club", "hole_number": 8, "par": 3, "length_m": 179.0, "coords_source": "SEED", "todo": "draw: green, fairway, bunker, water, ob", "centroid": "10.475606306258104,107.4063999998096"}}, {"type": "Feature", "geometry": {"type": "Polygon", "coordinates": [[[107.40646957512793, 10.474677076520388], [107.40646957512793, 10.479528328714593], [107.40793042449113, 10.479528328714593], [107.40793042449113, 10.474677076520388], [107.40646957512793, 10.474677076520388]]]}, "properties": {"db_hole_id": 837, "course_id": 47, "course": "The Grand Hồ Tràm Golf Club — Championship", "facility": "The Grand Hồ Tràm Golf Club", "hole_number": 9, "par": 4, "length_m": 378.0, "coords_source": "SEED", "todo": "draw: green, fairway, bunker, water, ob", "centroid": "10.47710270261749,107.40719999980952"}}, {"type": "Feature", "geometry": {"type": "Polygon", "coordinates": [[[107.40726957409481, 10.475277076958179], [107.40726957409481, 10.48014634629408], [107.40873042552411, 10.48014634629408], [107.40873042552411, 10.475277076958179], [107.40726957409481, 10.475277076958179]]]}, "properties": {"db_hole_id": 838, "course_id": 47, "course": "The Grand Hồ Tràm Golf Club — Championship", "facility": "The Grand Hồ Tràm Golf Club", "hole_number": 10, "par": 4, "length_m": 380.0, "coords_source": "SEED", "todo": "draw: green, fairway, bunker, water, ob", "centroid": "10.477711711626128,107.40799999980946"}}, {"type": "Feature", "geometry": {"type": "Polygon", "coordinates": [[[107.40806957306174, 10.475877077396108], [107.40806957306174, 10.480764363873433], [107.40953042655704, 10.480764363873433], [107.40953042655704, 10.475877077396108], [107.40806957306174, 10.475877077396108]]]}, "properties": {"db_hole_id": 839, "course_id": 47, "course": "The Grand Hồ Tràm Golf Club — Championship", "facility": "The Grand Hồ Tràm Golf Club", "hole_number": 11, "par": 4, "length_m": 382.0, "coords_source": "SEED", "todo": "draw: green, fairway, bunker, water, ob", "centroid": "10.478320720634768,107.40879999980939"}}, {"type": "Feature", "geometry": {"type": "Polygon", "coordinates": [[[107.40886957610945, 10.476477077834165], [107.40886957610945, 10.479643642785692], [107.41033042350925, 10.479643642785692], [107.41033042350925, 10.476477077834165], [107.40886957610945, 10.476477077834165]]]}, "properties": {"db_hole_id": 840, "course_id": 47, "course": "The Grand Hồ Tràm Golf Club — Championship", "facility": "The Grand Hồ Tràm Golf Club", "hole_number": 12, "par": 3, "length_m": 191.0, "coords_source": "SEED", "todo": "draw: green, fairway, bunker, water, ob", "centroid": "10.47806036030993,107.40959999980936"}}, {"type": "Feature", "geometry": {"type": "Polygon", "coordinates": [[[107.40966956790815, 10.477077078272364], [107.40966956790815, 10.48331571429273], [107.41113043171043, 10.48331571429273], [107.41113043171043, 10.477077078272364], [107.40966956790815, 10.477077078272364]]]}, "properties": {"db_hole_id": 841, "course_id": 47, "course": "The Grand Hồ Tràm Golf Club — Championship", "facility": "The Grand Hồ Tràm Golf Club", "hole_number": 13, "par": 5, "length_m": 532.0, "coords_source": "SEED", "todo": "draw: green, fairway, bunker, water, ob", "centroid": "10.48019639628255,107.41039999980929"}}, {"type": "Feature", "geometry": {"type": "Polygon", "coordinates": [[[107.41046956996284, 10.477677078710697], [107.41046956996284, 10.48261841661067], [107.41193042965558, 10.48261841661067], [107.41193042965558, 10.477677078710697], [107.41046956996284, 10.477677078710697]]]}, "properties": {"db_hole_id": 842, "course_id": 47, "course": "The Grand Hồ Tràm Golf Club — Championship", "facility": "The Grand Hồ Tràm Golf Club", "hole_number": 14, "par": 4, "length_m": 388.0, "coords_source": "SEED", "todo": "draw: green, fairway, bunker, water, ob", "centroid": "10.480147747660684,107.41119999980921"}}, {"type": "Feature", "geometry": {"type": "Polygon", "coordinates": [[[107.41126956892997, 10.478277079149162], [107.41126956892997, 10.48323643418948], [107.41273043068833, 10.48323643418948], [107.41273043068833, 10.478277079149162], [107.41126956892997, 10.478277079149162]]]}, "properties": {"db_hole_id": 843, "course_id": 47, "course": "The Grand Hồ Tràm Golf Club — Championship", "facility": "The Grand Hồ Tràm Golf Club", "hole_number": 15, "par": 4, "length_m": 390.0, "coords_source": "SEED", "todo": "draw: green, fairway, bunker, water, ob", "centroid": "10.48075675666932,107.41199999980915"}}, {"type": "Feature", "geometry": {"type": "Polygon", "coordinates": [[[107.41206957189429, 10.478877079587765], [107.41206957189429, 10.482151749135747], [107.41353042772388, 10.482151749135747], [107.41353042772388, 10.478877079587765], [107.41206957189429, 10.478877079587765]]]}, "properties": {"db_hole_id": 844, "course_id": 47, "course": "The Grand Hồ Tràm Golf Club — Championship", "facility": "The Grand Hồ Tràm Golf Club", "hole_number": 16, "par": 3, "length_m": 203.0, "coords_source": "SEED", "todo": "draw: green, fairway, bunker, water, ob", "centroid": "10.480514414361757,107.4127999998091"}}, {"type": "Feature", "geometry": {"type": "Polygon", "coordinates": [[[107.41286956686436, 10.479477080026498], [107.41286956686436, 10.48447246934669], [107.4143304327537, 10.48447246934669], [107.4143304327537, 10.479477080026498], [107.41286956686436, 10.479477080026498]]]}, "properties": {"db_hole_id": 845, "course_id": 47, "course": "The Grand Hồ Tràm Golf Club — Championship", "facility": "The Grand Hồ Tràm Golf Club", "hole_number": 17, "par": 4, "length_m": 394.0, "coords_source": "SEED", "todo": "draw: green, fairway, bunker, water, ob", "centroid": "10.481974774686595,107.41359999980902"}}, {"type": "Feature", "geometry": {"type": "Polygon", "coordinates": [[[107.41366956253145, 10.480077080465374], [107.41366956253145, 10.486495892272472], [107.41513043708646, 10.486495892272472], [107.41513043708646, 10.480077080465374], [107.41366956253145, 10.480077080465374]]]}, "properties": {"db_hole_id": 846, "course_id": 47, "course": "The Grand Hồ Tràm Golf Club — Championship", "facility": "The Grand Hồ Tràm Golf Club", "hole_number": 18, "par": 5, "length_m": 552.0, "coords_source": "SEED", "todo": "draw: green, fairway, bunker, water, ob", "centroid": "10.483286486368923,107.41439999980896"}}, {"type": "Feature", "geometry": {"type": "Polygon", "coordinates": [[[105.92003392460296, 20.27987717052337], [105.92003392460296, 20.28458409041368], [105.92156607525133, 20.28458409041368], [105.92156607525133, 20.27987717052337], [105.92003392460296, 20.27987717052337]]]}, "properties": {"db_hole_id": 379, "course_id": 22, "course": "Tràng An Golf & Country Club — Championship", "facility": "Tràng An Golf & Country Club", "hole_number": 1, "par": 4, "length_m": 362.0, "coords_source": "SEED", "todo": "draw: green, fairway, bunker, water, ob", "centroid": "20.282230630468526,105.92079999992715"}}, {"type": "Feature", "geometry": {"type": "Polygon", "coordinates": [[[105.92083391622884, 20.28047717071583], [105.92083391622884, 20.28631922526398], [105.92236608362533, 20.28631922526398], [105.92236608362533, 20.28047717071583], [105.92083391622884, 20.28047717071583]]]}, "properties": {"db_hole_id": 380, "course_id": 22, "course": "Tràng An Golf & Country Club — Championship", "facility": "Tràng An Golf & Country Club", "hole_number": 2, "par": 5, "length_m": 488.0, "coords_source": "SEED", "todo": "draw: green, fairway, bunker, water, ob", "centroid": "20.283398197989904,105.9215999999271"}}, {"type": "Feature", "geometry": {"type": "Polygon", "coordinates": [[[105.92163391883375, 20.281077170908393], [105.92163391883375, 20.285820126061754], [105.92316608102031, 20.285820126061754], [105.92316608102031, 20.281077170908393], [105.92163391883375, 20.281077170908393]]]}, "properties": {"db_hole_id": 381, "course_id": 22, "course": "Tràng An Golf & Country Club — Championship", "facility": "Tràng An Golf & Country Club", "hole_number": 3, "par": 4, "length_m": 366.0, "coords_source": "SEED", "todo": "draw: green, fairway, bunker, water, ob", "centroid": "20.283448648485077,105.92239999992704"}}, {"type": "Feature", "geometry": {"type": "Polygon", "coordinates": [[[105.92243392484734, 20.281677171101098], [105.92243392484734, 20.28462733322217], [105.9239660750066, 20.28462733322217], [105.9239660750066, 20.281677171101098], [105.92243392484734, 20.281677171101098]]]}, "properties": {"db_hole_id": 382, "course_id": 22, "course": "Tràng An Golf & Country Club — Championship", "facility": "Tràng An Golf & Country Club", "hole_number": 4, "par": 3, "length_m": 167.0, "coords_source": "SEED", "todo": "draw: green, fairway, bunker, water, ob", "centroid": "20.28315225216163,105.92319999992696"}}, {"type": "Feature", "geometry": {"type": "Polygon", "coordinates": [[[105.92323391306459, 20.282277171293913], [105.92323391306459, 20.287056161709348], [105.92476608678922, 20.287056161709348], [105.92476608678922, 20.282277171293913], [105.92323391306459, 20.282277171293913]]]}, "properties": {"db_hole_id": 383, "course_id": 22, "course": "Tràng An Golf & Country Club — Championship", "facility": "Tràng An Golf & Country Club", "hole_number": 5, "par": 4, "length_m": 370.0, "coords_source": "SEED", "todo": "draw: green, fairway, bunker, water, ob", "centroid": "20.28466666650163,105.92399999992692"}}, {"type": "Feature", "geometry": {"type": "Polygon", "coordinates": [[[105.92403391018004, 20.282877171486856], [105.92403391018004, 20.287674179532953], [105.92556608967365, 20.287674179532953], [105.92556608967365, 20.282877171486856], [105.92403391018004, 20.282877171486856]]]}, "properties": {"db_hole_id": 384, "course_id": 22, "course": "Tràng An Golf & Country Club — Championship", "facility": "Tràng An Golf & Country Club", "hole_number": 6, "par": 4, "length_m": 372.0, "coords_source": "SEED", "todo": "draw: green, fairway, bunker, water, ob", "centroid": "20.285275675509904,105.92479999992685"}}, {"type": "Feature", "geometry": {"type": "Polygon", "coordinates": [[[105.92483390136218, 20.283477171679927], [105.92483390136218, 20.289499404465392], [105.92636609849139, 20.289499404465392], [105.92636609849139, 20.283477171679927], [105.92483390136218, 20.283477171679927]]]}, "properties": {"db_hole_id": 385, "course_id": 22, "course": "Tràng An Golf & Country Club — Championship", "facility": "Tràng An Golf & Country Club", "hole_number": 7, "par": 5, "length_m": 508.0, "coords_source": "SEED", "todo": "draw: green, fairway, bunker, water, ob", "centroid": "20.28648828807266,105.92559999992677"}}, {"type": "Feature", "geometry": {"type": "Polygon", "coordinates": [[[105.92563391313341, 20.28407717187311], [105.92563391313341, 20.287135440549445], [105.92716608672002, 20.287135440549445], [105.92716608672002, 20.28407717187311], [105.92563391313341, 20.28407717187311]]]}, "properties": {"db_hole_id": 386, "course_id": 22, "course": "Tràng An Golf & Country Club — Championship", "facility": "Tràng An Golf & Country Club", "hole_number": 8, "par": 3, "length_m": 179.0, "coords_source": "SEED", "todo": "draw: green, fairway, bunker, water, ob", "centroid": "20.28560630621128,105.92639999992672"}}, {"type": "Feature", "geometry": {"type": "Polygon", "coordinates": [[[105.9264339015265, 20.28467717206643], [105.9264339015265, 20.289528233003043], [105.92796609832679, 20.289528233003043], [105.92796609832679, 20.28467717206643], [105.9264339015265, 20.28467717206643]]]}, "properties": {"db_hole_id": 387, "course_id": 22, "course": "Tràng An Golf & Country Club — Championship", "facility": "Tràng An Golf & Country Club", "hole_number": 9, "par": 4, "length_m": 378.0, "coords_source": "SEED", "todo": "draw: green, fairway, bunker, water, ob", "centroid": "20.287102702534735,105.92719999992664"}}, {"type": "Feature", "geometry": {"type": "Polygon", "coordinates": [[[105.927233898642, 20.285277172259867], [105.927233898642, 20.290146250826147], [105.92876610121115, 20.290146250826147], [105.92876610121115, 20.285277172259867], [105.927233898642, 20.285277172259867]]]}, "properties": {"db_hole_id": 388, "course_id": 22, "course": "Tràng An Golf & Country Club — Championship", "facility": "Tràng An Golf & Country Club", "hole_number": 10, "par": 4, "length_m": 380.0, "coords_source": "SEED", "todo": "draw: green, fairway, bunker, water, ob", "centroid": "20.287711711543004,105.92799999992657"}}, {"type": "Feature", "geometry": {"type": "Polygon", "coordinates": [[[105.92803389575755, 20.285877172453425], [105.92803389575755, 20.290764268649138], [105.92956610409549, 20.290764268649138], [105.92956610409549, 20.285877172453425], [105.92803389575755, 20.285877172453425]]]}, "properties": {"db_hole_id": 389, "course_id": 22, "course": "Tràng An Golf & Country Club — Championship", "facility": "Tràng An Golf & Country Club", "hole_number": 11, "par": 4, "length_m": 382.0, "coords_source": "SEED", "todo": "draw: green, fairway, bunker, water, ob", "centroid": "20.288320720551283,105.92879999992654"}}, {"type": "Feature", "geometry": {"type": "Polygon", "coordinates": [[[105.92883390141971, 20.286477172647114], [105.92883390141971, 20.28964354787476], [105.93036609843321, 20.28964354787476], [105.93036609843321, 20.286477172647114], [105.92883390141971, 20.286477172647114]]]}, "properties": {"db_hole_id": 390, "course_id": 22, "course": "Tràng An Golf & Country Club — Championship", "facility": "Tràng An Golf & Country Club", "hole_number": 12, "par": 3, "length_m": 191.0, "coords_source": "SEED", "todo": "draw: green, fairway, bunker, water, ob", "centroid": "20.288060360260936,105.92959999992647"}}, {"type": "Feature", "geometry": {"type": "Polygon", "coordinates": [[[105.92963388352254, 20.287077172840924], [105.92963388352254, 20.293315619503], [105.93116611633025, 20.293315619503], [105.93116611633025, 20.287077172840924], [105.92963388352254, 20.287077172840924]]]}, "properties": {"db_hole_id": 391, "course_id": 22, "course": "Tràng An Golf & Country Club — Championship", "facility": "Tràng An Golf & Country Club", "hole_number": 13, "par": 5, "length_m": 532.0, "coords_source": "SEED", "todo": "draw: green, fairway, bunker, water, ob", "centroid": "20.290196396171964,105.9303999999264"}}, {"type": "Feature", "geometry": {"type": "Polygon", "coordinates": [[[105.93043388710427, 20.287677173034858], [105.93043388710427, 20.29261832211736], [105.93196611274838, 20.29261832211736], [105.93196611274838, 20.287677173034858], [105.93043388710427, 20.287677173034858]]]}, "properties": {"db_hole_id": 392, "course_id": 22, "course": "Tràng An Golf & Country Club — Championship", "facility": "Tràng An Golf & Country Club", "hole_number": 14, "par": 4, "length_m": 388.0, "coords_source": "SEED", "todo": "draw: green, fairway, bunker, water, ob", "centroid": "20.290147747576107,105.93119999992632"}}, {"type": "Feature", "geometry": {"type": "Polygon", "coordinates": [[[105.93123388421989, 20.288277173228913], [105.93123388421989, 20.29323633993986], [105.93276611563265, 20.29323633993986], [105.93276611563265, 20.288277173228913], [105.93123388421989, 20.288277173228913]]]}, "properties": {"db_hole_id": 393, "course_id": 22, "course": "Tràng An Golf & Country Club — Championship", "facility": "Tràng An Golf & Country Club", "hole_number": 15, "par": 4, "length_m": 390.0, "coords_source": "SEED", "todo": "draw: green, fairway, bunker, water, ob", "centroid": "20.290756756584386,105.93199999992628"}}, {"type": "Feature", "geometry": {"type": "Polygon", "coordinates": [[[105.93203388970625, 20.288877173423096], [105.93203388970625, 20.292151655198087], [105.93356611014616, 20.292151655198087], [105.93356611014616, 20.288877173423096], [105.93203388970625, 20.288877173423096]]]}, "properties": {"db_hole_id": 394, "course_id": 22, "course": "Tràng An Golf & Country Club — Championship", "facility": "Tràng An Golf & Country Club", "hole_number": 16, "par": 3, "length_m": 203.0, "coords_source": "SEED", "todo": "draw: green, fairway, bunker, water, ob", "centroid": "20.290514414310593,105.9327999999262"}}, {"type": "Feature", "geometry": {"type": "Polygon", "coordinates": [[[105.93283387845116, 20.2894771736174], [105.93283387845116, 20.29447237558448], [105.93436612140111, 20.29447237558448], [105.93436612140111, 20.2894771736174], [105.93283387845116, 20.2894771736174]]]}, "properties": {"db_hole_id": 395, "course_id": 22, "course": "Tràng An Golf & Country Club — Championship", "facility": "Tràng An Golf & Country Club", "hole_number": 17, "par": 4, "length_m": 394.0, "coords_source": "SEED", "todo": "draw: green, fairway, bunker, water, ob", "centroid": "20.29197477460094,105.93359999992614"}}, {"type": "Feature", "geometry": {"type": "Polygon", "coordinates": [[[105.93363386865649, 20.29007717381183], [105.93363386865649, 20.296495798697624], [105.93516613119566, 20.296495798697624], [105.93516613119566, 20.29007717381183], [105.93363386865649, 20.29007717381183]]]}, "properties": {"db_hole_id": 396, "course_id": 22, "course": "Tràng An Golf & Country Club — Championship", "facility": "Tràng An Golf & Country Club", "hole_number": 18, "par": 5, "length_m": 552.0, "coords_source": "SEED", "todo": "draw: green, fairway, bunker, water, ob", "centroid": "20.293286486254726,105.93439999992606"}}, {"type": "Feature", "geometry": {"type": "Polygon", "coordinates": [[[106.73246805778331, 10.98167679971344], [106.73246805778331, 10.984627704690295], [106.73393194194229, 10.984627704690295], [106.73393194194229, 10.98167679971344], [106.73246805778331, 10.98167679971344]]]}, "properties": {"db_hole_id": 724, "course_id": 41, "course": "Twin Doves Golf Club — Championship", "facility": "Twin Doves Golf Club", "hole_number": 4, "par": 3, "length_m": 167.0, "coords_source": "SEED", "todo": "draw: green, fairway, bunker, water, ob", "centroid": "10.983152252201869,106.7331999998628"}}, {"type": "Feature", "geometry": {"type": "Polygon", "coordinates": [[[106.67191622987832, 11.022590579533228], [106.67191622987832, 11.027370353615332], [106.67338036985686, 11.027370353615332], [106.67338036985686, 11.022590579533228], [106.67191622987832, 11.022590579533228]]]}, "properties": {"db_hole_id": 725, "course_id": 41, "course": "Twin Doves Golf Club — Championship", "facility": "Twin Doves Golf Club", "hole_number": 5, "par": 4, "length_m": 370.0, "coords_source": "derived:facility-offset", "todo": "draw: green, fairway, bunker, water, ob", "centroid": "11.02498046657428,106.6726482998676"}}, {"type": "Feature", "geometry": {"type": "Polygon", "coordinates": [[[106.67511622491583, 11.024990580787358], [106.67511622491583, 11.029842424429985], [106.67658037481883, 11.029842424429985], [106.67658037481883, 11.024990580787358], [106.67511622491583, 11.024990580787358]]]}, "properties": {"db_hole_id": 729, "course_id": 41, "course": "Twin Doves Golf Club — Championship", "facility": "Twin Doves Golf Club", "hole_number": 9, "par": 4, "length_m": 378.0, "coords_source": "derived:facility-offset", "todo": "draw: green, fairway, bunker, water, ob", "centroid": "11.027416502608672,106.67584829986733"}}, {"type": "Feature", "geometry": {"type": "Polygon", "coordinates": [[[106.73726804597364, 10.985276801656909], [106.73726804597364, 10.990146621578926], [106.73873195375118, 10.990146621578926], [106.73873195375118, 10.985276801656909], [106.73726804597364, 10.985276801656909]]]}, "properties": {"db_hole_id": 730, "course_id": 41, "course": "Twin Doves Golf Club — Championship", "facility": "Twin Doves Golf Club", "hole_number": 10, "par": 4, "length_m": 380.0, "coords_source": "SEED", "todo": "draw: green, fairway, bunker, water, ob", "centroid": "10.98771171161792,106.73799999986242"}}, {"type": "Feature", "geometry": {"type": "Polygon", "coordinates": [[[106.73806804474971, 10.985876801981298], [106.73806804474971, 10.990764639271744], [106.73953195497496, 10.990764639271744], [106.73953195497496, 10.985876801981298], [106.73806804474971, 10.985876801981298]]]}, "properties": {"db_hole_id": 731, "course_id": 41, "course": "Twin Doves Golf Club — Championship", "facility": "Twin Doves Golf Club", "hole_number": 11, "par": 4, "length_m": 382.0, "coords_source": "SEED", "todo": "draw: green, fairway, bunker, water, ob", "centroid": "10.988320720626524,106.73879999986234"}}, {"type": "Feature", "geometry": {"type": "Polygon", "coordinates": [[[106.73886804781546, 10.986476802305814], [106.73886804781546, 10.989643918304349], [106.74033195190913, 10.989643918304349], [106.74033195190913, 10.986476802305814], [106.73886804781546, 10.986476802305814]]]}, "properties": {"db_hole_id": 732, "course_id": 41, "course": "Twin Doves Golf Club — Championship", "facility": "Twin Doves Golf Club", "hole_number": 12, "par": 3, "length_m": 191.0, "coords_source": "SEED", "todo": "draw: green, fairway, bunker, water, ob", "centroid": "10.988060360305083,106.73959999986229"}}, {"type": "Feature", "geometry": {"type": "Polygon", "coordinates": [[[106.73966803905638, 10.98707680263048], [106.73966803905638, 10.993315989912759], [106.74113196066807, 10.993315989912759], [106.74113196066807, 10.98707680263048], [106.73966803905638, 10.98707680263048]]]}, "properties": {"db_hole_id": 733, "course_id": 41, "course": "Twin Doves Golf Club — Championship", "facility": "Twin Doves Golf Club", "hole_number": 13, "par": 5, "length_m": 532.0, "coords_source": "SEED", "todo": "draw: green, fairway, bunker, water, ob", "centroid": "10.990196396271621,106.74039999986223"}}, {"type": "Feature", "geometry": {"type": "Polygon", "coordinates": [[[106.74046804107827, 10.987676802955272], [106.74046804107827, 10.992618692349373], [106.74193195864605, 10.992618692349373], [106.74193195864605, 10.987676802955272], [106.74046804107827, 10.987676802955272]]]}, "properties": {"db_hole_id": 734, "course_id": 41, "course": "Twin Doves Golf Club — Championship", "facility": "Twin Doves Golf Club", "hole_number": 14, "par": 4, "length_m": 388.0, "coords_source": "SEED", "todo": "draw: green, fairway, bunker, water, ob", "centroid": "10.990147747652323,106.74119999986218"}}, {"type": "Feature", "geometry": {"type": "Polygon", "coordinates": [[[106.74126803985455, 10.988276803280199], [106.74126803985455, 10.993236710041645], [106.74273195986966, 10.993236710041645], [106.74273195986966, 10.988276803280199], [106.74126803985455, 10.988276803280199]]]}, "properties": {"db_hole_id": 735, "course_id": 41, "course": "Twin Doves Golf Club — Championship", "facility": "Twin Doves Golf Club", "hole_number": 15, "par": 4, "length_m": 390.0, "coords_source": "SEED", "todo": "draw: green, fairway, bunker, water, ob", "centroid": "10.990756756660922,106.7419999998621"}}, {"type": "Feature", "geometry": {"type": "Polygon", "coordinates": [[[106.74206804283257, 10.988876803605262], [106.74206804283257, 10.99215202510812], [106.7435319568915, 10.99215202510812], [106.7435319568915, 10.988876803605262], [106.74206804283257, 10.988876803605262]]]}, "properties": {"db_hole_id": 736, "course_id": 41, "course": "Twin Doves Golf Club — Championship", "facility": "Twin Doves Golf Club", "hole_number": 16, "par": 3, "length_m": 203.0, "coords_source": "SEED", "todo": "draw: green, fairway, bunker, water, ob", "centroid": "10.99051441435669,106.74279999986203"}}, {"type": "Feature", "geometry": {"type": "Polygon", "coordinates": [[[106.7428680374072, 10.989476803930467], [106.7428680374072, 10.99447274542578], [106.7443319623167, 10.99447274542578], [106.7443319623167, 10.989476803930467], [106.7428680374072, 10.989476803930467]]]}, "properties": {"db_hole_id": 737, "course_id": 41, "course": "Twin Doves Golf Club — Championship", "facility": "Twin Doves Golf Club", "hole_number": 17, "par": 4, "length_m": 394.0, "coords_source": "SEED", "todo": "draw: green, fairway, bunker, water, ob", "centroid": "10.991974774678125,106.74359999986196"}}, {"type": "Feature", "geometry": {"type": "Polygon", "coordinates": [[[106.7436680327146, 10.9900768042558], [106.7436680327146, 10.996496168459457], [106.74513196700919, 10.996496168459457], [106.74513196700919, 10.9900768042558], [106.7436680327146, 10.9900768042558]]]}, "properties": {"db_hole_id": 738, "course_id": 41, "course": "Twin Doves Golf Club — Championship", "facility": "Twin Doves Golf Club", "hole_number": 18, "par": 5, "length_m": 552.0, "coords_source": "SEED", "todo": "draw: green, fairway, bunker, water, ob", "centroid": "10.99328648635763,106.74439999986188"}}, {"type": "Feature", "geometry": {"type": "Polygon", "coordinates": [[[105.7900294622992, 21.159877221972128], [105.7900294622992, 21.16458403895229], [105.7915705375757, 21.16458403895229], [105.7915705375757, 21.159877221972128], [105.7900294622992, 21.159877221972128]]]}, "properties": {"db_hole_id": 163, "course_id": 10, "course": "Vân Trì Golf Club — Championship", "facility": "Vân Trì Golf Club", "hole_number": 1, "par": 4, "length_m": 362.0, "coords_source": "SEED", "todo": "draw: green, fairway, bunker, water, ob", "centroid": "21.16223063046221,105.79079999993745"}}, {"type": "Feature", "geometry": {"type": "Polygon", "coordinates": [[[105.79082945344572, 21.160477222144763], [105.79082945344572, 21.166319173818803], [105.79237054642904, 21.166319173818803], [105.79237054642904, 21.160477222144763], [105.79082945344572, 21.160477222144763]]]}, "properties": {"db_hole_id": 164, "course_id": 10, "course": "Vân Trì Golf Club — Championship", "facility": "Vân Trì Golf Club", "hole_number": 2, "par": 5, "length_m": 488.0, "coords_source": "SEED", "todo": "draw: green, fairway, bunker, water, ob", "centroid": "21.163398197981785,105.79159999993738"}}, {"type": "Feature", "geometry": {"type": "Polygon", "coordinates": [[[105.79162945615985, 21.161077222317527], [105.79162945615985, 21.16582007463987], [105.7931705437148, 21.16582007463987], [105.7931705437148, 21.161077222317527], [105.79162945615985, 21.161077222317527]]]}, "properties": {"db_hole_id": 165, "course_id": 10, "course": "Vân Trì Golf Club — Championship", "facility": "Vân Trì Golf Club", "hole_number": 3, "par": 4, "length_m": 366.0, "coords_source": "SEED", "todo": "draw: green, fairway, bunker, water, ob", "centroid": "21.1634486484787,105.79239999993733"}}, {"type": "Feature", "geometry": {"type": "Polygon", "coordinates": [[[105.79242946246545, 21.16167722249042], [105.79242946246545, 21.164627281825783], [105.7939705374091, 21.164627281825783], [105.7939705374091, 21.16167722249042], [105.79242946246545, 21.16167722249042]]]}, "properties": {"db_hole_id": 166, "course_id": 10, "course": "Vân Trì Golf Club — Championship", "facility": "Vân Trì Golf Club", "hole_number": 4, "par": 3, "length_m": 167.0, "coords_source": "SEED", "todo": "draw: green, fairway, bunker, water, ob", "centroid": "21.1631522521581,105.79319999993726"}}, {"type": "Feature", "geometry": {"type": "Polygon", "coordinates": [[[105.79322945002056, 21.162277222663427], [105.79322945002056, 21.167056110326964], [105.79477054985384, 21.167056110326964], [105.79477054985384, 21.162277222663427], [105.79322945002056, 21.162277222663427]]]}, "properties": {"db_hole_id": 167, "course_id": 10, "course": "Vân Trì Golf Club — Championship", "facility": "Vân Trì Golf Club", "hole_number": 5, "par": 4, "length_m": 370.0, "coords_source": "SEED", "todo": "draw: green, fairway, bunker, water, ob", "centroid": "21.164666666495197,105.7939999999372"}}, {"type": "Feature", "geometry": {"type": "Polygon", "coordinates": [[[105.79402944695093, 21.162877222836556], [105.79402944695093, 21.16767412817033], [105.79557055292334, 21.16767412817033], [105.79557055292334, 21.162877222836556], [105.79402944695093, 21.162877222836556]]]}, "properties": {"db_hole_id": 168, "course_id": 10, "course": "Vân Trì Golf Club — Championship", "facility": "Vân Trì Golf Club", "hole_number": 6, "par": 4, "length_m": 372.0, "coords_source": "SEED", "todo": "draw: green, fairway, bunker, water, ob", "centroid": "21.165275675503445,105.79479999993713"}}, {"type": "Feature", "geometry": {"type": "Polygon", "coordinates": [[[105.79482943762993, 21.163477223009803], [105.79482943762993, 21.169499353118706], [105.79637056224422, 21.169499353118706], [105.79637056224422, 21.163477223009803], [105.79482943762993, 21.163477223009803]]]}, "properties": {"db_hole_id": 169, "course_id": 10, "course": "Vân Trì Golf Club — Championship", "facility": "Vân Trì Golf Club", "hole_number": 7, "par": 5, "length_m": 508.0, "coords_source": "SEED", "todo": "draw: green, fairway, bunker, water, ob", "centroid": "21.166488288064254,105.79559999993708"}}, {"type": "Feature", "geometry": {"type": "Polygon", "coordinates": [[[105.79562945000174, 21.164077223183185], [105.79562945000174, 21.167135389231976], [105.79717054987229, 21.167135389231976], [105.79717054987229, 21.164077223183185], [105.79562945000174, 21.164077223183185]]]}, "properties": {"db_hole_id": 170, "course_id": 10, "course": "Vân Trì Golf Club — Championship", "facility": "Vân Trì Golf Club", "hole_number": 8, "par": 3, "length_m": 179.0, "coords_source": "SEED", "todo": "draw: green, fairway, bunker, water, ob", "centroid": "21.16560630620758,105.79639999993704"}}, {"type": "Feature", "geometry": {"type": "Polygon", "coordinates": [[[105.79642943774213, 21.16467722335667], [105.79642943774213, 21.16952818169969], [105.79797056213174, 21.16952818169969], [105.79797056213174, 21.16467722335667], [105.79642943774213, 21.16467722335667]]]}, "properties": {"db_hole_id": 171, "course_id": 10, "course": "Vân Trì Golf Club — Championship", "facility": "Vân Trì Golf Club", "hole_number": 9, "par": 4, "length_m": 378.0, "coords_source": "SEED", "todo": "draw: green, fairway, bunker, water, ob", "centroid": "21.16710270252818,105.79719999993694"}}, {"type": "Feature", "geometry": {"type": "Polygon", "coordinates": [[[105.79722943467256, 21.16527722353029], [105.79722943467256, 21.17014619954256], [105.79877056520118, 21.17014619954256], [105.79877056520118, 21.16527722353029], [105.79722943467256, 21.16527722353029]]]}, "properties": {"db_hole_id": 172, "course_id": 10, "course": "Vân Trì Golf Club — Championship", "facility": "Vân Trì Golf Club", "hole_number": 10, "par": 4, "length_m": 380.0, "coords_source": "SEED", "todo": "draw: green, fairway, bunker, water, ob", "centroid": "21.167711711536427,105.79799999993688"}}, {"type": "Feature", "geometry": {"type": "Polygon", "coordinates": [[[105.798029431603, 21.165877223704022], [105.798029431603, 21.170764217385315], [105.79957056827061, 21.170764217385315], [105.79957056827061, 21.165877223704022], [105.798029431603, 21.165877223704022]]]}, "properties": {"db_hole_id": 173, "course_id": 10, "course": "Vân Trì Golf Club — Championship", "facility": "Vân Trì Golf Club", "hole_number": 11, "par": 4, "length_m": 382.0, "coords_source": "SEED", "todo": "draw: green, fairway, bunker, water, ob", "centroid": "21.168320720544667,105.79879999993682"}}, {"type": "Feature", "geometry": {"type": "Polygon", "coordinates": [[[105.79882943753822, 21.166477223877898], [105.79882943753822, 21.16964349663623], [105.8003705623353, 21.16964349663623], [105.8003705623353, 21.166477223877898], [105.79882943753822, 21.166477223877898]]]}, "properties": {"db_hole_id": 174, "course_id": 10, "course": "Vân Trì Golf Club — Championship", "facility": "Vân Trì Golf Club", "hole_number": 12, "par": 3, "length_m": 191.0, "coords_source": "SEED", "todo": "draw: green, fairway, bunker, water, ob", "centroid": "21.168060360257066,105.79959999993676"}}, {"type": "Feature", "geometry": {"type": "Polygon", "coordinates": [[[105.79962941865122, 21.167077224051884], [105.79962941865122, 21.173315568274532], [105.80117058122217, 21.173315568274532], [105.80117058122217, 21.167077224051884], [105.79962941865122, 21.167077224051884]]]}, "properties": {"db_hole_id": 175, "course_id": 10, "course": "Vân Trì Golf Club — Championship", "facility": "Vân Trì Golf Club", "hole_number": 13, "par": 5, "length_m": 532.0, "coords_source": "SEED", "todo": "draw: green, fairway, bunker, water, ob", "centroid": "21.170196396163206,105.80039999993667"}}, {"type": "Feature", "geometry": {"type": "Polygon", "coordinates": [[[105.80042942239444, 21.167677224226], [105.80042942239444, 21.17261827091284], [105.80197057747883, 21.17261827091284], [105.80197057747883, 21.167677224226], [105.80042942239444, 21.167677224226]]]}, "properties": {"db_hole_id": 176, "course_id": 10, "course": "Vân Trì Golf Club — Championship", "facility": "Vân Trì Golf Club", "hole_number": 14, "par": 4, "length_m": 388.0, "coords_source": "SEED", "todo": "draw: green, fairway, bunker, water, ob", "centroid": "21.17014774756942,105.80119999993664"}}, {"type": "Feature", "geometry": {"type": "Polygon", "coordinates": [[[105.80122941932494, 21.168277224400224], [105.80122941932494, 21.1732362887551], [105.80277058054818, 21.1732362887551], [105.80277058054818, 21.168277224400224], [105.80122941932494, 21.168277224400224]]]}, "properties": {"db_hole_id": 177, "course_id": 10, "course": "Vân Trì Golf Club — Championship", "facility": "Vân Trì Golf Club", "hole_number": 15, "par": 4, "length_m": 390.0, "coords_source": "SEED", "todo": "draw: green, fairway, bunker, water, ob", "centroid": "21.17075675657766,105.80199999993656"}}, {"type": "Feature", "geometry": {"type": "Polygon", "coordinates": [[[105.80202942507485, 21.168877224574583], [105.80202942507485, 21.17215160403851], [105.80357057479816, 21.17215160403851], [105.80357057479816, 21.168877224574583], [105.80202942507485, 21.168877224574583]]]}, "properties": {"db_hole_id": 178, "course_id": 10, "course": "Vân Trì Golf Club — Championship", "facility": "Vân Trì Golf Club", "hole_number": 16, "par": 3, "length_m": 203.0, "coords_source": "SEED", "todo": "draw: green, fairway, bunker, water, ob", "centroid": "21.170514414306545,105.80279999993651"}}, {"type": "Feature", "geometry": {"type": "Polygon", "coordinates": [[[105.80282941318599, 21.169477224749055], [105.80282941318599, 21.174472324439247], [105.80437058668689, 21.174472324439247], [105.80437058668689, 21.169477224749055], [105.80282941318599, 21.169477224749055]]]}, "properties": {"db_hole_id": 179, "course_id": 10, "course": "Vân Trì Golf Club — Championship", "facility": "Vân Trì Golf Club", "hole_number": 17, "par": 4, "length_m": 394.0, "coords_source": "SEED", "todo": "draw: green, fairway, bunker, water, ob", "centroid": "21.17197477459415,105.80359999993645"}}, {"type": "Feature", "geometry": {"type": "Polygon", "coordinates": [[[105.80362940283584, 21.170077224923656], [105.80362940283584, 21.17649574756771], [105.8051705970369, 21.17649574756771], [105.8051705970369, 21.170077224923656], [105.80362940283584, 21.170077224923656]]]}, "properties": {"db_hole_id": 180, "course_id": 10, "course": "Vân Trì Golf Club — Championship", "facility": "Vân Trì Golf Club", "hole_number": 18, "par": 5, "length_m": 552.0, "coords_source": "SEED", "todo": "draw: green, fairway, bunker, water, ob", "centroid": "21.17328648624568,105.80439999993638"}}, {"type": "Feature", "geometry": {"type": "Polygon", "coordinates": [[[106.83006843837958, 10.83987683054991], [106.83006843837958, 10.84458443053433], [106.83153156133055, 10.84458443053433], [106.83153156133055, 10.83987683054991], [106.83006843837958, 10.83987683054991]]]}, "properties": {"db_hole_id": 109, "course_id": 7, "course": "Vietnam Golf & Country Club — Championship", "facility": "Vietnam Golf & Country Club", "hole_number": 1, "par": 4, "length_m": 362.0, "coords_source": "SEED", "todo": "draw: green, fairway, bunker, water, ob", "centroid": "10.84223063054212,106.83079999985507"}}, {"type": "Feature", "geometry": {"type": "Polygon", "coordinates": [[[106.8308684344756, 10.840476830889981], [106.8308684344756, 10.846319565278945], [106.83233156523438, 10.846319565278945], [106.83233156523438, 10.840476830889981], [106.8308684344756, 10.840476830889981]]]}, "properties": {"db_hole_id": 110, "course_id": 7, "course": "Vietnam Golf & Country Club — Championship", "facility": "Vietnam Golf & Country Club", "hole_number": 2, "par": 5, "length_m": 488.0, "coords_source": "SEED", "todo": "draw: green, fairway, bunker, water, ob", "centroid": "10.843398198084463,106.83159999985499"}}, {"type": "Feature", "geometry": {"type": "Polygon", "coordinates": [[[106.83166843600694, 10.841076831230192], [106.83166843600694, 10.845820465888478], [106.83313156370293, 10.845820465888478], [106.83313156370293, 10.841076831230192], [106.83166843600694, 10.841076831230192]]]}, "properties": {"db_hole_id": 111, "course_id": 7, "course": "Vietnam Golf & Country Club — Championship", "facility": "Vietnam Golf & Country Club", "hole_number": 3, "par": 4, "length_m": 366.0, "coords_source": "SEED", "todo": "draw: green, fairway, bunker, water, ob", "centroid": "10.843448648559335,106.83239999985493"}}, {"type": "Feature", "geometry": {"type": "Polygon", "coordinates": [[[106.83246843922578, 10.841676831570537], [106.83246843922578, 10.844627672835], [106.83393156048398, 10.844627672835], [106.83393156048398, 10.841676831570537], [106.83246843922578, 10.841676831570537]]]}, "properties": {"db_hole_id": 112, "course_id": 7, "course": "Vietnam Golf & Country Club — Championship", "facility": "Vietnam Golf & Country Club", "hole_number": 4, "par": 3, "length_m": 167.0, "coords_source": "SEED", "todo": "draw: green, fairway, bunker, water, ob", "centroid": "10.843152252202765,106.83319999985488"}}, {"type": "Feature", "geometry": {"type": "Polygon", "coordinates": [[[106.83326843363449, 10.84227683191102], [106.83326843363449, 10.847056501242086], [106.83473156607515, 10.847056501242086], [106.83473156607515, 10.84227683191102], [106.83326843363449, 10.84227683191102]]]}, "properties": {"db_hole_id": 113, "course_id": 7, "course": "Vietnam Golf & Country Club — Championship", "facility": "Vietnam Golf & Country Club", "hole_number": 5, "par": 4, "length_m": 370.0, "coords_source": "SEED", "todo": "draw: green, fairway, bunker, water, ob", "centroid": "10.844666666576554,106.83399999985483"}}, {"type": "Feature", "geometry": {"type": "Polygon", "coordinates": [[[106.83406843244833, 10.842876832251632], [106.83406843244833, 10.847674518918685], [106.83553156726119, 10.847674518918685], [106.83553156726119, 10.842876832251632], [106.83406843244833, 10.842876832251632]]]}, "properties": {"db_hole_id": 114, "course_id": 7, "course": "Vietnam Golf & Country Club — Championship", "facility": "Vietnam Golf & Country Club", "hole_number": 6, "par": 4, "length_m": 372.0, "coords_source": "SEED", "todo": "draw: green, fairway, bunker, water, ob", "centroid": "10.845275675585158,106.83479999985475"}}, {"type": "Feature", "geometry": {"type": "Polygon", "coordinates": [[[106.83486842832451, 10.843476832592394], [106.83486842832451, 10.849499743748705], [106.83633157138486, 10.849499743748705], [106.83633157138486, 10.843476832592394], [106.83486842832451, 10.843476832592394]]]}, "properties": {"db_hole_id": 115, "course_id": 7, "course": "Vietnam Golf & Country Club — Championship", "facility": "Vietnam Golf & Country Club", "hole_number": 7, "par": 5, "length_m": 508.0, "coords_source": "SEED", "todo": "draw: green, fairway, bunker, water, ob", "centroid": "10.84648828817055,106.83559999985467"}}, {"type": "Feature", "geometry": {"type": "Polygon", "coordinates": [[[106.83566843439463, 10.844076832933277], [106.83566843439463, 10.847135779575565], [106.8371315653146, 10.847135779575565], [106.8371315653146, 10.844076832933277], [106.83566843439463, 10.844076832933277]]]}, "properties": {"db_hole_id": 116, "course_id": 7, "course": "Vietnam Golf & Country Club — Championship", "facility": "Vietnam Golf & Country Club", "hole_number": 8, "par": 3, "length_m": 179.0, "coords_source": "SEED", "todo": "draw: green, fairway, bunker, water, ob", "centroid": "10.845606306254421,106.83639999985463"}}, {"type": "Feature", "geometry": {"type": "Polygon", "coordinates": [[[106.83646842889011, 10.844676833274304], [106.83646842889011, 10.849528571947669], [106.837931570819, 10.849528571947669], [106.837931570819, 10.844676833274304], [106.83646842889011, 10.844676833274304]]]}, "properties": {"db_hole_id": 117, "course_id": 7, "course": "Vietnam Golf & Country Club — Championship", "facility": "Vietnam Golf & Country Club", "hole_number": 9, "par": 4, "length_m": 378.0, "coords_source": "SEED", "todo": "draw: green, fairway, bunker, water, ob", "centroid": "10.847102702610986,106.83719999985455"}}, {"type": "Feature", "geometry": {"type": "Polygon", "coordinates": [[[106.83726842770415, 10.845276833615458], [106.83726842770415, 10.850146589623728], [106.83873157200485, 10.850146589623728], [106.83873157200485, 10.845276833615458], [106.83726842770415, 10.845276833615458]]]}, "properties": {"db_hole_id": 118, "course_id": 7, "course": "Vietnam Golf & Country Club — Championship", "facility": "Vietnam Golf & Country Club", "hole_number": 10, "par": 4, "length_m": 380.0, "coords_source": "SEED", "todo": "draw: green, fairway, bunker, water, ob", "centroid": "10.847711711619592,106.83799999985449"}}, {"type": "Feature", "geometry": {"type": "Polygon", "coordinates": [[[106.8380684265182, 10.845876833956755], [106.8380684265182, 10.850764607299652], [106.83953157319064, 10.850764607299652], [106.83953157319064, 10.845876833956755], [106.8380684265182, 10.845876833956755]]]}, "properties": {"db_hole_id": 119, "course_id": 7, "course": "Vietnam Golf & Country Club — Championship", "facility": "Vietnam Golf & Country Club", "hole_number": 11, "par": 4, "length_m": 382.0, "coords_source": "SEED", "todo": "draw: green, fairway, bunker, water, ob", "centroid": "10.848320720628204,106.83879999985442"}}, {"type": "Feature", "geometry": {"type": "Polygon", "coordinates": [[[106.83886842956417, 10.846476834298182], [106.83886842956417, 10.849643886313958], [106.84033157014457, 10.849643886313958], [106.84033157014457, 10.846476834298182], [106.83886842956417, 10.846476834298182]]]}, "properties": {"db_hole_id": 120, "course_id": 7, "course": "Vietnam Golf & Country Club — Championship", "facility": "Vietnam Golf & Country Club", "hole_number": 12, "par": 3, "length_m": 191.0, "coords_source": "SEED", "todo": "draw: green, fairway, bunker, water, ob", "centroid": "10.84806036030607,106.8395999998544"}}, {"type": "Feature", "geometry": {"type": "Polygon", "coordinates": [[[106.83966842094453, 10.847076834639752], [106.83966842094453, 10.853315957907943], [106.84113157876408, 10.853315957907943], [106.84113157876408, 10.847076834639752], [106.83966842094453, 10.847076834639752]]]}, "properties": {"db_hole_id": 121, "course_id": 7, "course": "Vietnam Golf & Country Club — Championship", "facility": "Vietnam Golf & Country Club", "hole_number": 13, "par": 5, "length_m": 532.0, "coords_source": "SEED", "todo": "draw: green, fairway, bunker, water, ob", "centroid": "10.850196396273848,106.84039999985431"}}, {"type": "Feature", "geometry": {"type": "Polygon", "coordinates": [[[106.84046842296073, 10.847676834981456], [106.84046842296073, 10.852618660326602], [106.84193157674778, 10.852618660326602], [106.84193157674778, 10.847676834981456], [106.84046842296073, 10.847676834981456]]]}, "properties": {"db_hole_id": 122, "course_id": 7, "course": "Vietnam Golf & Country Club — Championship", "facility": "Vietnam Golf & Country Club", "hole_number": 14, "par": 4, "length_m": 388.0, "coords_source": "SEED", "todo": "draw: green, fairway, bunker, water, ob", "centroid": "10.85014774765403,106.84119999985425"}}, {"type": "Feature", "geometry": {"type": "Polygon", "coordinates": [[[106.84126842177497, 10.848276835323295], [106.84126842177497, 10.85323667800198], [106.84273157793339, 10.85323667800198], [106.84273157793339, 10.848276835323295], [106.84126842177497, 10.848276835323295]]]}, "properties": {"db_hole_id": 123, "course_id": 7, "course": "Vietnam Golf & Country Club — Championship", "facility": "Vietnam Golf & Country Club", "hole_number": 15, "par": 4, "length_m": 390.0, "coords_source": "SEED", "todo": "draw: green, fairway, bunker, water, ob", "centroid": "10.850756756662639,106.84199999985418"}}, {"type": "Feature", "geometry": {"type": "Polygon", "coordinates": [[[106.84206842473442, 10.848876835665267], [106.84206842473442, 10.852151993050184], [106.84353157497382, 10.852151993050184], [106.84353157497382, 10.848876835665267], [106.84206842473442, 10.848876835665267]]]}, "properties": {"db_hole_id": 124, "course_id": 7, "course": "Vietnam Golf & Country Club — Championship", "facility": "Vietnam Golf & Country Club", "hole_number": 16, "par": 3, "length_m": 203.0, "coords_source": "SEED", "todo": "draw: green, fairway, bunker, water, ob", "centroid": "10.850514414357724,106.84279999985411"}}, {"type": "Feature", "geometry": {"type": "Polygon", "coordinates": [[[106.84286841940362, 10.849476836007376], [106.84286841940362, 10.854472713352328], [106.84433158030448, 10.854472713352328], [106.84433158030448, 10.849476836007376], [106.84286841940362, 10.849476836007376]]]}, "properties": {"db_hole_id": 125, "course_id": 7, "course": "Vietnam Golf & Country Club — Championship", "facility": "Vietnam Golf & Country Club", "hole_number": 17, "par": 4, "length_m": 394.0, "coords_source": "SEED", "todo": "draw: green, fairway, bunker, water, ob", "centroid": "10.851974774679853,106.84359999985405"}}, {"type": "Feature", "geometry": {"type": "Polygon", "coordinates": [[[106.84366841479567, 10.850076836349619], [106.84366841479567, 10.856496136370243], [106.84513158491228, 10.856496136370243], [106.84513158491228, 10.850076836349619], [106.84366841479567, 10.850076836349619]]]}, "properties": {"db_hole_id": 126, "course_id": 7, "course": "Vietnam Golf & Country Club — Championship", "facility": "Vietnam Golf & Country Club", "hole_number": 18, "par": 5, "length_m": 552.0, "coords_source": "SEED", "todo": "draw: green, fairway, bunker, water, ob", "centroid": "10.853286486359933,106.84439999985399"}}, {"type": "Feature", "geometry": {"type": "Polygon", "coordinates": [[[108.33005394034498, 15.749877481734543], [108.33005394034498, 15.754583779291854], [108.33154606007709, 15.754583779291854], [108.33154606007709, 15.749877481734543], [108.33005394034498, 15.749877481734543]]]}, "properties": {"db_hole_id": 73, "course_id": 5, "course": "Vinpearl Golf Nam Hội An — Championship", "facility": "Vinpearl Golf Nam Hội An", "hole_number": 1, "par": 4, "length_m": 362.0, "coords_source": "SEED", "todo": "draw: green, fairway, bunker, water, ob", "centroid": "15.752230630513198,108.33080000021104"}}, {"type": "Feature", "geometry": {"type": "Polygon", "coordinates": [[[108.33085393354487, 15.750477481331666], [108.33085393354487, 15.756318914762907], [108.33234606687707, 15.756318914762907], [108.33234606687707, 15.750477481331666], [108.33085393354487, 15.750477481331666]]]}, "properties": {"db_hole_id": 74, "course_id": 5, "course": "Vinpearl Golf Nam Hội An — Championship", "facility": "Vinpearl Golf Nam Hội An", "hole_number": 2, "par": 5, "length_m": 488.0, "coords_source": "SEED", "todo": "draw: green, fairway, bunker, water, ob", "centroid": "15.753398198047286,108.33160000021097"}}, {"type": "Feature", "geometry": {"type": "Polygon", "coordinates": [[[108.33165393491834, 15.751077480928922], [108.33165393491834, 15.755819816131334], [108.33314606550346, 15.755819816131334], [108.33314606550346, 15.751077480928922], [108.33165393491834, 15.751077480928922]]]}, "properties": {"db_hole_id": 75, "course_id": 5, "course": "Vinpearl Golf Nam Hội An — Championship", "facility": "Vinpearl Golf Nam Hội An", "hole_number": 3, "par": 4, "length_m": 366.0, "coords_source": "SEED", "todo": "draw: green, fairway, bunker, water, ob", "centroid": "15.75344864853013,108.3324000002109"}}, {"type": "Feature", "geometry": {"type": "Polygon", "coordinates": [[[108.33245393882949, 15.751677480526327], [108.33245393882949, 15.754627023846846], [108.33394606159223, 15.754627023846846], [108.33394606159223, 15.751677480526327], [108.33245393882949, 15.751677480526327]]]}, "properties": {"db_hole_id": 76, "course_id": 5, "course": "Vinpearl Golf Nam Hội An — Championship", "facility": "Vinpearl Golf Nam Hội An", "hole_number": 4, "par": 3, "length_m": 167.0, "coords_source": "SEED", "todo": "draw: green, fairway, bunker, water, ob", "centroid": "15.753152252186588,108.33320000021087"}}, {"type": "Feature", "geometry": {"type": "Polygon", "coordinates": [[[108.33325392949187, 15.752277480123857], [108.33325392949187, 15.75705585297026], [108.33474607092971, 15.75705585297026], [108.33474607092971, 15.752277480123857], [108.33325392949187, 15.752277480123857]]]}, "properties": {"db_hole_id": 77, "course_id": 5, "course": "Vinpearl Golf Nam Hội An — Championship", "facility": "Vinpearl Golf Nam Hội An", "hole_number": 5, "par": 4, "length_m": 370.0, "coords_source": "SEED", "todo": "draw: green, fairway, bunker, water, ob", "centroid": "15.75466666654706,108.33400000021078"}}, {"type": "Feature", "geometry": {"type": "Polygon", "coordinates": [[[108.33405392677868, 15.752877479721539], [108.33405392677868, 15.757673871389514], [108.33554607364276, 15.757673871389514], [108.33554607364276, 15.752877479721539], [108.33405392677868, 15.752877479721539]]]}, "properties": {"db_hole_id": 78, "course_id": 5, "course": "Vinpearl Golf Nam Hội An — Championship", "facility": "Vinpearl Golf Nam Hội An", "hole_number": 6, "par": 4, "length_m": 372.0, "coords_source": "SEED", "todo": "draw: green, fairway, bunker, water, ob", "centroid": "15.755275675555529,108.33480000021072"}}, {"type": "Feature", "geometry": {"type": "Polygon", "coordinates": [[[108.33485391964822, 15.75347747931935], [108.33485391964822, 15.75949909694462], [108.3363460807731, 15.75949909694462], [108.3363460807731, 15.75347747931935], [108.33485391964822, 15.75347747931935]]]}, "properties": {"db_hole_id": 79, "course_id": 5, "course": "Vinpearl Golf Nam Hội An — Championship", "facility": "Vinpearl Golf Nam Hội An", "hole_number": 7, "par": 5, "length_m": 508.0, "coords_source": "SEED", "todo": "draw: green, fairway, bunker, water, ob", "centroid": "15.756488288131985,108.33560000021066"}}, {"type": "Feature", "geometry": {"type": "Polygon", "coordinates": [[[108.33565392784614, 15.754077478917296], [108.33565392784614, 15.757135133557554], [108.33714607257505, 15.757135133557554], [108.33714607257505, 15.754077478917296], [108.33565392784614, 15.754077478917296]]]}, "properties": {"db_hole_id": 80, "course_id": 5, "course": "Vinpearl Golf Nam Hội An — Championship", "facility": "Vinpearl Golf Nam Hội An", "hole_number": 8, "par": 3, "length_m": 179.0, "coords_source": "SEED", "todo": "draw: green, fairway, bunker, water, ob", "centroid": "15.755606306237427,108.33640000021062"}}, {"type": "Feature", "geometry": {"type": "Polygon", "coordinates": [[[108.33645391863936, 15.754677478515378], [108.33645391863936, 15.759527926646454], [108.33794608178171, 15.759527926646454], [108.33794608178171, 15.754677478515378], [108.33645391863936, 15.754677478515378]]]}, "properties": {"db_hole_id": 81, "course_id": 5, "course": "Vinpearl Golf Nam Hội An — Championship", "facility": "Vinpearl Golf Nam Hội An", "hole_number": 9, "par": 4, "length_m": 378.0, "coords_source": "SEED", "todo": "draw: green, fairway, bunker, water, ob", "centroid": "15.757102702580914,108.33720000021053"}}, {"type": "Feature", "geometry": {"type": "Polygon", "coordinates": [[[108.33725391592633, 15.75527747811361], [108.33725391592633, 15.760145945065155], [108.33874608449462, 15.760145945065155], [108.33874608449462, 15.75527747811361], [108.33725391592633, 15.75527747811361]]]}, "properties": {"db_hole_id": 82, "course_id": 5, "course": "Vinpearl Golf Nam Hội An — Championship", "facility": "Vinpearl Golf Nam Hội An", "hole_number": 10, "par": 4, "length_m": 380.0, "coords_source": "SEED", "todo": "draw: green, fairway, bunker, water, ob", "centroid": "15.757711711589383,108.33800000021046"}}, {"type": "Feature", "geometry": {"type": "Polygon", "coordinates": [[[108.33805391321333, 15.755877477711966], [108.33805391321333, 15.760763963483722], [108.33954608720747, 15.760763963483722], [108.33954608720747, 15.755877477711966], [108.33805391321333, 15.755877477711966]]]}, "properties": {"db_hole_id": 83, "course_id": 5, "course": "Vinpearl Golf Nam Hội An — Championship", "facility": "Vinpearl Golf Nam Hội An", "hole_number": 11, "par": 4, "length_m": 382.0, "coords_source": "SEED", "todo": "draw: green, fairway, bunker, water, ob", "centroid": "15.758320720597846,108.33880000021038"}}, {"type": "Feature", "geometry": {"type": "Polygon", "coordinates": [[[108.33885391686337, 15.756477477310463], [108.33885391686337, 15.759643243266048], [108.34034608355734, 15.759643243266048], [108.34034608355734, 15.756477477310463], [108.33885391686337, 15.756477477310463]]]}, "properties": {"db_hole_id": 84, "course_id": 5, "course": "Vinpearl Golf Nam Hội An — Championship", "facility": "Vinpearl Golf Nam Hội An", "hole_number": 12, "par": 3, "length_m": 191.0, "coords_source": "SEED", "todo": "draw: green, fairway, bunker, water, ob", "centroid": "15.758060360288255,108.33960000021035"}}, {"type": "Feature", "geometry": {"type": "Polygon", "coordinates": [[[108.3396539029733, 15.757077476909101], [108.3396539029733, 15.763315315558094], [108.34114609744728, 15.763315315558094], [108.34114609744728, 15.757077476909101], [108.3396539029733, 15.757077476909101]]]}, "properties": {"db_hole_id": 85, "course_id": 5, "course": "Vinpearl Golf Nam Hội An — Championship", "facility": "Vinpearl Golf Nam Hội An", "hole_number": 13, "par": 5, "length_m": 532.0, "coords_source": "SEED", "todo": "draw: green, fairway, bunker, water, ob", "centroid": "15.760196396233596,108.34040000021028"}}, {"type": "Feature", "geometry": {"type": "Polygon", "coordinates": [[[108.34045390507458, 15.757677476507878], [108.34045390507458, 15.762618018738593], [108.34194609534586, 15.762618018738593], [108.34194609534586, 15.757677476507878], [108.34045390507458, 15.757677476507878]]]}, "properties": {"db_hole_id": 86, "course_id": 5, "course": "Vinpearl Golf Nam Hội An — Championship", "facility": "Vinpearl Golf Nam Hội An", "hole_number": 14, "par": 4, "length_m": 388.0, "coords_source": "SEED", "todo": "draw: green, fairway, bunker, water, ob", "centroid": "15.760147747623238,108.34120000021021"}}, {"type": "Feature", "geometry": {"type": "Polygon", "coordinates": [[[108.34125390236174, 15.758277476106796], [108.34125390236174, 15.763236037156613], [108.34274609805856, 15.763236037156613], [108.34274609805856, 15.758277476106796], [108.34125390236174, 15.758277476106796]]]}, "properties": {"db_hole_id": 87, "course_id": 5, "course": "Vinpearl Golf Nam Hội An — Championship", "facility": "Vinpearl Golf Nam Hội An", "hole_number": 15, "par": 4, "length_m": 390.0, "coords_source": "SEED", "todo": "draw: green, fairway, bunker, water, ob", "centroid": "15.760756756631705,108.34200000021012"}}, {"type": "Feature", "geometry": {"type": "Polygon", "coordinates": [[[108.34205390588113, 15.75887747570584], [108.34205390588113, 15.762151352972332], [108.34354609453904, 15.762151352972332], [108.34354609453904, 15.75887747570584], [108.34205390588113, 15.75887747570584]]]}, "properties": {"db_hole_id": 88, "course_id": 5, "course": "Vinpearl Golf Nam Hội An — Championship", "facility": "Vinpearl Golf Nam Hội An", "hole_number": 16, "par": 3, "length_m": 203.0, "coords_source": "SEED", "todo": "draw: green, fairway, bunker, water, ob", "centroid": "15.760514414339086,108.34280000021006"}}, {"type": "Feature", "geometry": {"type": "Polygon", "coordinates": [[[108.34285389693618, 15.75947747530503], [108.34285389693618, 15.764472073992225], [108.34434610348387, 15.764472073992225], [108.34434610348387, 15.75947747530503], [108.34285389693618, 15.75947747530503]]]}, "properties": {"db_hole_id": 89, "course_id": 5, "course": "Vinpearl Golf Nam Hội An — Championship", "facility": "Vinpearl Golf Nam Hội An", "hole_number": 17, "par": 4, "length_m": 394.0, "coords_source": "SEED", "todo": "draw: green, fairway, bunker, water, ob", "centroid": "15.761974774648628,108.34360000021002"}}, {"type": "Feature", "geometry": {"type": "Polygon", "coordinates": [[[108.3436538890784, 15.760077474904358], [108.3436538890784, 15.76649549773221], [108.34514611134153, 15.76649549773221], [108.34514611134153, 15.760077474904358], [108.3436538890784, 15.760077474904358]]]}, "properties": {"db_hole_id": 90, "course_id": 5, "course": "Vinpearl Golf Nam Hội An — Championship", "facility": "Vinpearl Golf Nam Hội An", "hole_number": 18, "par": 5, "length_m": 552.0, "coords_source": "SEED", "todo": "draw: green, fairway, bunker, water, ob", "centroid": "15.763286486318284,108.34440000020996"}}, {"type": "Feature", "geometry": {"type": "Polygon", "coordinates": [[[109.25006482212612, 12.219876864599343], [109.25006482212612, 12.224584396462726], [109.25153517815082, 12.224584396462726], [109.25153517815082, 12.219876864599343], [109.25006482212612, 12.219876864599343]]]}, "properties": {"db_hole_id": 631, "course_id": 36, "course": "Vinpearl Golf Nha Trang — Championship", "facility": "Vinpearl Golf Nha Trang", "hole_number": 1, "par": 4, "length_m": 362.0, "coords_source": "SEED", "todo": "draw: green, fairway, bunker, water, ob", "centroid": "12.222230630531035,109.2508000001385"}}, {"type": "Feature", "geometry": {"type": "Polygon", "coordinates": [[[109.25086481702756, 12.220476864332985], [109.25086481702756, 12.226319531807436], [109.25233518324924, 12.226319531807436], [109.25233518324924, 12.220476864332985], [109.25086481702756, 12.220476864332985]]]}, "properties": {"db_hole_id": 632, "course_id": 36, "course": "Vinpearl Golf Nha Trang — Championship", "facility": "Vinpearl Golf Nha Trang", "hole_number": 2, "par": 5, "length_m": 488.0, "coords_source": "SEED", "todo": "draw: green, fairway, bunker, water, ob", "centroid": "12.22339819807021,109.2516000001384"}}, {"type": "Feature", "geometry": {"type": "Polygon", "coordinates": [[[109.25166481810632, 12.22107686406677], [109.25166481810632, 12.225820433029494], [109.25313518217035, 12.225820433029494], [109.25313518217035, 12.22107686406677], [109.25166481810632, 12.22107686406677]]]}, "properties": {"db_hole_id": 633, "course_id": 36, "course": "Vinpearl Golf Nha Trang — Championship", "facility": "Vinpearl Golf Nha Trang", "hole_number": 3, "par": 4, "length_m": 366.0, "coords_source": "SEED", "todo": "draw: green, fairway, bunker, water, ob", "centroid": "12.223448648548132,109.25240000013835"}}, {"type": "Feature", "geometry": {"type": "Polygon", "coordinates": [[[109.25246482110298, 12.221676863800694], [109.25246482110298, 12.224627640592422], [109.2539351791736, 12.224627640592422], [109.2539351791736, 12.221676863800694], [109.25246482110298, 12.221676863800694]]]}, "properties": {"db_hole_id": 634, "course_id": 36, "course": "Vinpearl Golf Nha Trang — Championship", "facility": "Vinpearl Golf Nha Trang", "hole_number": 4, "par": 3, "length_m": 167.0, "coords_source": "SEED", "todo": "draw: green, fairway, bunker, water, ob", "centroid": "12.223152252196558,109.25320000013828"}}, {"type": "Feature", "geometry": {"type": "Polygon", "coordinates": [[[109.25326481408672, 12.222276863534761], [109.25326481408672, 12.2270564695957], [109.25473518618973, 12.2270564695957], [109.25473518618973, 12.222276863534761], [109.25326481408672, 12.222276863534761]]]}, "properties": {"db_hole_id": 635, "course_id": 36, "course": "Vinpearl Golf Nha Trang — Championship", "facility": "Vinpearl Golf Nha Trang", "hole_number": 5, "par": 4, "length_m": 370.0, "coords_source": "SEED", "todo": "draw: green, fairway, bunker, water, ob", "centroid": "12.22466666656523,109.25400000013825"}}, {"type": "Feature", "geometry": {"type": "Polygon", "coordinates": [[[109.25406481207698, 12.222876863268963], [109.25406481207698, 12.227674487878598], [109.25553518819933, 12.227674487878598], [109.25553518819933, 12.222876863268963], [109.25406481207698, 12.222876863268963]]]}, "properties": {"db_hole_id": 636, "course_id": 36, "course": "Vinpearl Golf Nha Trang — Championship", "facility": "Vinpearl Golf Nha Trang", "hole_number": 6, "par": 4, "length_m": 372.0, "coords_source": "SEED", "todo": "draw: green, fairway, bunker, water, ob", "centroid": "12.225275675573782,109.25480000013815"}}, {"type": "Feature", "geometry": {"type": "Polygon", "coordinates": [[[109.25486480672866, 12.223476863003306], [109.25486480672866, 12.229499713308163], [109.25633519354753, 12.229499713308163], [109.25633519354753, 12.223476863003306], [109.25486480672866, 12.223476863003306]]]}, "properties": {"db_hole_id": 637, "course_id": 36, "course": "Vinpearl Golf Nha Trang — Championship", "facility": "Vinpearl Golf Nha Trang", "hole_number": 7, "par": 5, "length_m": 508.0, "coords_source": "SEED", "todo": "draw: green, fairway, bunker, water, ob", "centroid": "12.226488288155737,109.2556000001381"}}, {"type": "Feature", "geometry": {"type": "Polygon", "coordinates": [[[109.25566481296555, 12.22407686273779], [109.25566481296555, 12.22713574975798], [109.2571351873105, 12.22713574975798], [109.2571351873105, 12.22407686273779], [109.25566481296555, 12.22407686273779]]]}, "properties": {"db_hole_id": 638, "course_id": 36, "course": "Vinpearl Golf Nha Trang — Championship", "facility": "Vinpearl Golf Nha Trang", "hole_number": 8, "par": 3, "length_m": 179.0, "coords_source": "SEED", "todo": "draw: green, fairway, bunker, water, ob", "centroid": "12.225606306247887,109.25640000013803"}}, {"type": "Feature", "geometry": {"type": "Polygon", "coordinates": [[[109.25646480604803, 12.224676862472416], [109.25646480604803, 12.229528542726444], [109.25793519422787, 12.229528542726444], [109.25793519422787, 12.224676862472416], [109.25646480604803, 12.224676862472416]]]}, "properties": {"db_hole_id": 639, "course_id": 36, "course": "Vinpearl Golf Nha Trang — Championship", "facility": "Vinpearl Golf Nha Trang", "hole_number": 9, "par": 4, "length_m": 378.0, "coords_source": "SEED", "todo": "draw: green, fairway, bunker, water, ob", "centroid": "12.227102702599431,109.25720000013794"}}, {"type": "Feature", "geometry": {"type": "Polygon", "coordinates": [[[109.25726480403848, 12.225276862207174], [109.25726480403848, 12.23014656100878], [109.25873519623731, 12.23014656100878], [109.25873519623731, 12.225276862207174], [109.25726480403848, 12.225276862207174]]]}, "properties": {"db_hole_id": 640, "course_id": 36, "course": "Vinpearl Golf Nha Trang — Championship", "facility": "Vinpearl Golf Nha Trang", "hole_number": 10, "par": 4, "length_m": 380.0, "coords_source": "SEED", "todo": "draw: green, fairway, bunker, water, ob", "centroid": "12.227711711607979,109.2580000001379"}}, {"type": "Feature", "geometry": {"type": "Polygon", "coordinates": [[[109.25806480202897, 12.225876861942076], [109.25806480202897, 12.230764579290973], [109.25953519824668, 12.230764579290973], [109.25953519824668, 12.225876861942076], [109.25806480202897, 12.225876861942076]]]}, "properties": {"db_hole_id": 641, "course_id": 36, "course": "Vinpearl Golf Nha Trang — Championship", "facility": "Vinpearl Golf Nha Trang", "hole_number": 11, "par": 4, "length_m": 382.0, "coords_source": "SEED", "todo": "draw: green, fairway, bunker, water, ob", "centroid": "12.228320720616525,109.25880000013781"}}, {"type": "Feature", "geometry": {"type": "Polygon", "coordinates": [[[109.25886480482883, 12.226476861677117], [109.25886480482883, 12.22964385892131], [109.26033519544671, 12.22964385892131], [109.26033519544671, 12.226476861677117], [109.25886480482883, 12.226476861677117]]]}, "properties": {"db_hole_id": 642, "course_id": 36, "course": "Vinpearl Golf Nha Trang — Championship", "facility": "Vinpearl Golf Nha Trang", "hole_number": 12, "par": 3, "length_m": 191.0, "coords_source": "SEED", "todo": "draw: green, fairway, bunker, water, ob", "centroid": "12.228060360299216,109.25960000013777"}}, {"type": "Feature", "geometry": {"type": "Polygon", "coordinates": [[[109.25966479437129, 12.227076861412296], [109.25966479437129, 12.233315931104416], [109.26113520590411, 12.233315931104416], [109.26113520590411, 12.227076861412296], [109.25966479437129, 12.227076861412296]]]}, "properties": {"db_hole_id": 643, "course_id": 36, "course": "Vinpearl Golf Nha Trang — Championship", "facility": "Vinpearl Golf Nha Trang", "hole_number": 13, "par": 5, "length_m": 532.0, "coords_source": "SEED", "todo": "draw: green, fairway, bunker, water, ob", "centroid": "12.230196396258357,109.26040000013771"}}, {"type": "Feature", "geometry": {"type": "Polygon", "coordinates": [[[109.26046479600075, 12.227676861147616], [109.26046479600075, 12.23261863413672], [109.26193520427456, 12.23261863413672], [109.26193520427456, 12.227676861147616], [109.26046479600075, 12.227676861147616]]]}, "properties": {"db_hole_id": 644, "course_id": 36, "course": "Vinpearl Golf Nha Trang — Championship", "facility": "Vinpearl Golf Nha Trang", "hole_number": 14, "par": 4, "length_m": 388.0, "coords_source": "SEED", "todo": "draw: green, fairway, bunker, water, ob", "centroid": "12.230147747642167,109.26120000013765"}}, {"type": "Feature", "geometry": {"type": "Polygon", "coordinates": [[[109.26126479399143, 12.22827686088308], [109.26126479399143, 12.233236652418356], [109.26273520628375, 12.233236652418356], [109.26273520628375, 12.22827686088308], [109.26126479399143, 12.22827686088308]]]}, "properties": {"db_hole_id": 645, "course_id": 36, "course": "Vinpearl Golf Nha Trang — Championship", "facility": "Vinpearl Golf Nha Trang", "hole_number": 15, "par": 4, "length_m": 390.0, "coords_source": "SEED", "todo": "draw: green, fairway, bunker, water, ob", "centroid": "12.230756756650717,109.26200000013758"}}, {"type": "Feature", "geometry": {"type": "Polygon", "coordinates": [[[109.2620647966928, 12.228876860618678], [109.2620647966928, 12.232151968082404], [109.26353520358224, 12.232151968082404], [109.26353520358224, 12.228876860618678], [109.2620647966928, 12.228876860618678]]]}, "properties": {"db_hole_id": 646, "course_id": 36, "course": "Vinpearl Golf Nha Trang — Championship", "facility": "Vinpearl Golf Nha Trang", "hole_number": 16, "par": 3, "length_m": 203.0, "coords_source": "SEED", "todo": "draw: green, fairway, bunker, water, ob", "centroid": "12.23051441435054,109.2628000001375"}}, {"type": "Feature", "geometry": {"type": "Polygon", "coordinates": [[[109.26286478997291, 12.22947686035442], [109.26286478997291, 12.234472688981208], [109.264335210302, 12.234472688981208], [109.264335210302, 12.22947686035442], [109.26286478997291, 12.22947686035442]]]}, "properties": {"db_hole_id": 647, "course_id": 36, "course": "Vinpearl Golf Nha Trang — Championship", "facility": "Vinpearl Golf Nha Trang", "hole_number": 17, "par": 4, "length_m": 394.0, "coords_source": "SEED", "todo": "draw: green, fairway, bunker, water, ob", "centroid": "12.231974774667815,109.26360000013744"}}, {"type": "Feature", "geometry": {"type": "Polygon", "coordinates": [[[109.2636647840746, 12.230076860090298], [109.2636647840746, 12.236496112597445], [109.26513521620016, 12.236496112597445], [109.26513521620016, 12.230076860090298], [109.2636647840746, 12.230076860090298]]]}, "properties": {"db_hole_id": 648, "course_id": 36, "course": "Vinpearl Golf Nha Trang — Championship", "facility": "Vinpearl Golf Nha Trang", "hole_number": 18, "par": 5, "length_m": 552.0, "coords_source": "SEED", "todo": "draw: green, fairway, bunker, water, ob", "centroid": "12.233286486343872,109.26440000013739"}}, {"type": "Feature", "geometry": {"type": "Polygon", "coordinates": [[[103.86006944872992, 10.319876587480671], [103.86006944872992, 10.324584673605992], [103.86153055145053, 10.324584673605992], [103.86153055145053, 10.319876587480671], [103.86006944872992, 10.319876587480671]]]}, "properties": {"db_hole_id": 883, "course_id": 50, "course": "Vinpearl Golf Phú Quốc — Championship", "facility": "Vinpearl Golf Phú Quốc", "hole_number": 1, "par": 4, "length_m": 362.0, "coords_source": "SEED", "todo": "draw: green, fairway, bunker, water, ob", "centroid": "10.322230630543329,103.86080000009022"}}, {"type": "Feature", "geometry": {"type": "Polygon", "coordinates": [[[103.8608694445264, 10.320476587311346], [103.8608694445264, 10.326319808860678], [103.86233055565391, 10.326319808860678], [103.86233055565391, 10.320476587311346], [103.8608694445264, 10.320476587311346]]]}, "properties": {"db_hole_id": 884, "course_id": 50, "course": "Vinpearl Golf Phú Quốc — Championship", "facility": "Vinpearl Golf Phú Quốc", "hole_number": 2, "par": 5, "length_m": 488.0, "coords_source": "SEED", "todo": "draw: green, fairway, bunker, water, ob", "centroid": "10.323398198086013,103.86160000009016"}}, {"type": "Feature", "geometry": {"type": "Polygon", "coordinates": [[[103.8616694454813, 10.321076587142162], [103.8616694454813, 10.32582070997892], [103.8631305546989, 10.32582070997892], [103.8631305546989, 10.321076587142162], [103.8616694454813, 10.321076587142162]]]}, "properties": {"db_hole_id": 885, "course_id": 50, "course": "Vinpearl Golf Phú Quốc — Championship", "facility": "Vinpearl Golf Phú Quốc", "hole_number": 3, "par": 4, "length_m": 366.0, "coords_source": "SEED", "todo": "draw: green, fairway, bunker, water, ob", "centroid": "10.323448648560541,103.86240000009009"}}, {"type": "Feature", "geometry": {"type": "Polygon", "coordinates": [[[103.86246944803773, 10.321676586973126], [103.86246944803773, 10.32462791743374], [103.86393055214236, 10.32462791743374], [103.86393055214236, 10.321676586973126], [103.86246944803773, 10.321676586973126]]]}, "properties": {"db_hole_id": 886, "course_id": 50, "course": "Vinpearl Golf Phú Quốc — Championship", "facility": "Vinpearl Golf Phú Quốc", "hole_number": 4, "par": 3, "length_m": 167.0, "coords_source": "SEED", "todo": "draw: green, fairway, bunker, water, ob", "centroid": "10.323152252203434,103.86320000009005"}}, {"type": "Feature", "geometry": {"type": "Polygon", "coordinates": [[[103.86326944223288, 10.322276586804225], [103.86326944223288, 10.327056746351289], [103.86473055794708, 10.327056746351289], [103.86473055794708, 10.322276586804225], [103.86326944223288, 10.322276586804225]]]}, "properties": {"db_hole_id": 887, "course_id": 50, "course": "Vinpearl Golf Phú Quốc — Championship", "facility": "Vinpearl Golf Phú Quốc", "hole_number": 5, "par": 4, "length_m": 370.0, "coords_source": "SEED", "todo": "draw: green, fairway, bunker, water, ob", "centroid": "10.324666666577757,103.86400000008997"}}, {"type": "Feature", "geometry": {"type": "Polygon", "coordinates": [[[103.86406944060874, 10.322876586635465], [103.86406944060874, 10.327674764537262], [103.86553055957108, 10.327674764537262], [103.86553055957108, 10.322876586635465], [103.86406944060874, 10.322876586635465]]]}, "properties": {"db_hole_id": 888, "course_id": 50, "course": "Vinpearl Golf Phú Quốc — Championship", "facility": "Vinpearl Golf Phú Quốc", "hole_number": 6, "par": 4, "length_m": 372.0, "coords_source": "SEED", "todo": "draw: green, fairway, bunker, water, ob", "centroid": "10.325275675586363,103.86480000008991"}}, {"type": "Feature", "geometry": {"type": "Polygon", "coordinates": [[[103.8648694361966, 10.323476586466844], [103.8648694361966, 10.329499989877364], [103.86633056398311, 10.329499989877364], [103.86633056398311, 10.323476586466844], [103.8648694361966, 10.323476586466844]]]}, "properties": {"db_hole_id": 889, "course_id": 50, "course": "Vinpearl Golf Phú Quốc — Championship", "facility": "Vinpearl Golf Phú Quốc", "hole_number": 7, "par": 5, "length_m": 508.0, "coords_source": "SEED", "todo": "draw: green, fairway, bunker, water, ob", "centroid": "10.326488288172104,103.86560000008986"}}, {"type": "Feature", "geometry": {"type": "Polygon", "coordinates": [[[103.8656694414591, 10.324076586298368], [103.8656694414591, 10.32713602621183], [103.86713055872046, 10.32713602621183], [103.86713055872046, 10.324076586298368], [103.8656694414591, 10.324076586298368]]]}, "properties": {"db_hole_id": 890, "course_id": 50, "course": "Vinpearl Golf Phú Quốc — Championship", "facility": "Vinpearl Golf Phú Quốc", "hole_number": 8, "par": 3, "length_m": 179.0, "coords_source": "SEED", "todo": "draw: green, fairway, bunker, water, ob", "centroid": "10.325606306255098,103.86640000008977"}}, {"type": "Feature", "geometry": {"type": "Polygon", "coordinates": [[[103.86646943573662, 10.32467658613003], [103.86646943573662, 10.329528819094334], [103.86793056444282, 10.329528819094334], [103.86793056444282, 10.32467658613003], [103.86646943573662, 10.32467658613003]]]}, "properties": {"db_hole_id": 891, "course_id": 50, "course": "Vinpearl Golf Phú Quốc — Championship", "facility": "Vinpearl Golf Phú Quốc", "hole_number": 9, "par": 4, "length_m": 378.0, "coords_source": "SEED", "todo": "draw: green, fairway, bunker, water, ob", "centroid": "10.32710270261218,103.86720000008971"}}, {"type": "Feature", "geometry": {"type": "Polygon", "coordinates": [[[103.86726943411269, 10.32527658596183], [103.86726943411269, 10.330146837279747], [103.86873056606662, 10.330146837279747], [103.86873056606662, 10.32527658596183], [103.86726943411269, 10.32527658596183]]]}, "properties": {"db_hole_id": 892, "course_id": 50, "course": "Vinpearl Golf Phú Quốc — Championship", "facility": "Vinpearl Golf Phú Quốc", "hole_number": 10, "par": 4, "length_m": 380.0, "coords_source": "SEED", "todo": "draw: green, fairway, bunker, water, ob", "centroid": "10.32771171162079,103.86800000008965"}}, {"type": "Feature", "geometry": {"type": "Polygon", "coordinates": [[[103.86806943248878, 10.325876585793774], [103.86806943248878, 10.330764855465018], [103.86953056769039, 10.330764855465018], [103.86953056769039, 10.325876585793774], [103.86806943248878, 10.325876585793774]]]}, "properties": {"db_hole_id": 893, "course_id": 50, "course": "Vinpearl Golf Phú Quốc — Championship", "facility": "Vinpearl Golf Phú Quốc", "hole_number": 11, "par": 4, "length_m": 382.0, "coords_source": "SEED", "todo": "draw: green, fairway, bunker, water, ob", "centroid": "10.328320720629396,103.86880000008956"}}, {"type": "Feature", "geometry": {"type": "Polygon", "coordinates": [[[103.86886943488126, 10.32647658562586], [103.86886943488126, 10.329644134987676], [103.87033056529783, 10.329644134987676], [103.87033056529783, 10.32647658562586], [103.86886943488126, 10.32647658562586]]]}, "properties": {"db_hole_id": 894, "course_id": 50, "course": "Vinpearl Golf Phú Quốc — Championship", "facility": "Vinpearl Golf Phú Quốc", "hole_number": 12, "par": 3, "length_m": 191.0, "coords_source": "SEED", "todo": "draw: green, fairway, bunker, water, ob", "centroid": "10.328060360306768,103.86960000008955"}}, {"type": "Feature", "geometry": {"type": "Polygon", "coordinates": [[[103.86966942620226, 10.327076585458077], [103.86966942620226, 10.333316207092741], [103.87113057397669, 10.333316207092741], [103.87113057397669, 10.327076585458077], [103.86966942620226, 10.327076585458077]]]}, "properties": {"db_hole_id": 895, "course_id": 50, "course": "Vinpearl Golf Phú Quốc — Championship", "facility": "Vinpearl Golf Phú Quốc", "hole_number": 13, "par": 5, "length_m": 532.0, "coords_source": "SEED", "todo": "draw: green, fairway, bunker, water, ob", "centroid": "10.330196396275408,103.87040000008948"}}, {"type": "Feature", "geometry": {"type": "Polygon", "coordinates": [[[103.87046942761742, 10.32767658529044], [103.87046942761742, 10.332618910019985], [103.8719305725614, 10.332618910019985], [103.8719305725614, 10.32767658529044], [103.87046942761742, 10.32767658529044]]]}, "properties": {"db_hole_id": 896, "course_id": 50, "course": "Vinpearl Golf Phú Quốc — Championship", "facility": "Vinpearl Golf Phú Quốc", "hole_number": 14, "par": 4, "length_m": 388.0, "coords_source": "SEED", "todo": "draw: green, fairway, bunker, water, ob", "centroid": "10.330147747655213,103.8712000000894"}}, {"type": "Feature", "geometry": {"type": "Polygon", "coordinates": [[[103.87126942599372, 10.328276585122945], [103.87126942599372, 10.33323692820469], [103.87273057418494, 10.33323692820469], [103.87273057418494, 10.328276585122945], [103.87126942599372, 10.328276585122945]]]}, "properties": {"db_hole_id": 897, "course_id": 50, "course": "Vinpearl Golf Phú Quốc — Championship", "facility": "Vinpearl Golf Phú Quốc", "hole_number": 15, "par": 4, "length_m": 390.0, "coords_source": "SEED", "todo": "draw: green, fairway, bunker, water, ob", "centroid": "10.330756756663817,103.87200000008933"}}, {"type": "Feature", "geometry": {"type": "Polygon", "coordinates": [[[103.87206942830413, 10.32887658495559], [103.87206942830413, 10.332152243761268], [103.87353057187443, 10.332152243761268], [103.87353057187443, 10.32887658495559], [103.87206942830413, 10.32887658495559]]]}, "properties": {"db_hole_id": 898, "course_id": 50, "course": "Vinpearl Golf Phú Quốc — Championship", "facility": "Vinpearl Golf Phú Quốc", "hole_number": 16, "par": 3, "length_m": 203.0, "coords_source": "SEED", "todo": "draw: green, fairway, bunker, water, ob", "centroid": "10.33051441435843,103.87280000008928"}}, {"type": "Feature", "geometry": {"type": "Polygon", "coordinates": [[[103.87286942274649, 10.329476584788376], [103.87286942274649, 10.334472964573692], [103.87433057743193, 10.334472964573692], [103.87433057743193, 10.329476584788376], [103.87286942274649, 10.329476584788376]]]}, "properties": {"db_hole_id": 899, "course_id": 50, "course": "Vinpearl Golf Phú Quốc — Championship", "facility": "Vinpearl Golf Phú Quốc", "hole_number": 17, "par": 4, "length_m": 394.0, "coords_source": "SEED", "todo": "draw: green, fairway, bunker, water, ob", "centroid": "10.331974774681033,103.87360000008921"}}, {"type": "Feature", "geometry": {"type": "Polygon", "coordinates": [[[103.87366941787486, 10.3300765846213], [103.87366941787486, 10.33649638810169], [103.87513058230343, 10.33649638810169], [103.87513058230343, 10.3300765846213], [103.87366941787486, 10.3300765846213]]]}, "properties": {"db_hole_id": 900, "course_id": 50, "course": "Vinpearl Golf Phú Quốc — Championship", "facility": "Vinpearl Golf Phú Quốc", "hole_number": 18, "par": 5, "length_m": 552.0, "coords_source": "SEED", "todo": "draw: green, fairway, bunker, water, ob", "centroid": "10.333286486361494,103.87440000008915"}}, {"type": "Feature", "geometry": {"type": "Polygon", "coordinates": [[[106.4500682059949, 10.879876698965404], [106.4500682059949, 10.884584562114588], [106.45153179377535, 10.884584562114588], [106.45153179377535, 10.879876698965404], [106.4500682059949, 10.879876698965404]]]}, "properties": {"db_hole_id": 865, "course_id": 49, "course": "West Lakes Golf & Villas — Championship", "facility": "West Lakes Golf & Villas", "hole_number": 1, "par": 4, "length_m": 362.0, "coords_source": "SEED", "todo": "draw: green, fairway, bunker, water, ob", "centroid": "10.882230630539997,106.45079999988512"}}, {"type": "Feature", "geometry": {"type": "Polygon", "coordinates": [[[106.45086820200939, 10.880476699241026], [106.45086820200939, 10.886319696922444], [106.45233179776072, 10.886319696922444], [106.45233179776072, 10.880476699241026], [106.45086820200939, 10.880476699241026]]]}, "properties": {"db_hole_id": 866, "course_id": 49, "course": "West Lakes Golf & Villas — Championship", "facility": "West Lakes Golf & Villas", "hole_number": 2, "par": 5, "length_m": 488.0, "coords_source": "SEED", "todo": "draw: green, fairway, bunker, water, ob", "centroid": "10.883398198081736,106.45159999988506"}}, {"type": "Feature", "geometry": {"type": "Polygon", "coordinates": [[[106.45166820347941, 10.881076699516786], [106.45166820347941, 10.885820597597597], [106.45313179629055, 10.885820597597597], [106.45313179629055, 10.881076699516786], [106.45166820347941, 10.881076699516786]]]}, "properties": {"db_hole_id": 867, "course_id": 49, "course": "West Lakes Golf & Villas — Championship", "facility": "West Lakes Golf & Villas", "hole_number": 3, "par": 4, "length_m": 366.0, "coords_source": "SEED", "todo": "draw: green, fairway, bunker, water, ob", "centroid": "10.883448648557192,106.45239999988499"}}, {"type": "Feature", "geometry": {"type": "Polygon", "coordinates": [[[106.45246820664327, 10.881676699792681], [106.45246820664327, 10.884627804610478], [106.4539317931266, 10.884627804610478], [106.4539317931266, 10.881676699792681], [106.45246820664327, 10.881676699792681]]]}, "properties": {"db_hole_id": 868, "course_id": 49, "course": "West Lakes Golf & Villas — Championship", "facility": "West Lakes Golf & Villas", "hole_number": 4, "par": 3, "length_m": 167.0, "coords_source": "SEED", "todo": "draw: green, fairway, bunker, water, ob", "centroid": "10.88315225220158,106.45319999988493"}}, {"type": "Feature", "geometry": {"type": "Polygon", "coordinates": [[[106.45326820096416, 10.882276700068715], [106.45326820096416, 10.887056633080062], [106.45473179880558, 10.887056633080062], [106.45473179880558, 10.882276700068715], [106.45326820096416, 10.882276700068715]]]}, "properties": {"db_hole_id": 869, "course_id": 49, "course": "West Lakes Golf & Villas — Championship", "facility": "West Lakes Golf & Villas", "hole_number": 5, "par": 4, "length_m": 370.0, "coords_source": "SEED", "todo": "draw: green, fairway, bunker, water, ob", "centroid": "10.88466666657439,106.45399999988487"}}, {"type": "Feature", "geometry": {"type": "Polygon", "coordinates": [[[106.4540681997066, 10.882876700344882], [106.4540681997066, 10.887674650821086], [106.45553180006301, 10.887674650821086], [106.45553180006301, 10.882876700344882], [106.4540681997066, 10.882876700344882]]]}, "properties": {"db_hole_id": 870, "course_id": 49, "course": "West Lakes Golf & Villas — Championship", "facility": "West Lakes Golf & Villas", "hole_number": 6, "par": 4, "length_m": 372.0, "coords_source": "SEED", "todo": "draw: green, fairway, bunker, water, ob", "centroid": "10.885275675582985,106.45479999988481"}}, {"type": "Feature", "geometry": {"type": "Polygon", "coordinates": [[[106.45486819550045, 10.88347670062119], [106.45486819550045, 10.889499875714245], [106.45633180426904, 10.889499875714245], [106.45633180426904, 10.88347670062119], [106.45486819550045, 10.88347670062119]]]}, "properties": {"db_hole_id": 871, "course_id": 49, "course": "West Lakes Golf & Villas — Championship", "facility": "West Lakes Golf & Villas", "hole_number": 7, "par": 5, "length_m": 508.0, "coords_source": "SEED", "todo": "draw: green, fairway, bunker, water, ob", "centroid": "10.886488288167719,106.45559999988475"}}, {"type": "Feature", "geometry": {"type": "Polygon", "coordinates": [[[106.45566820152617, 10.884076700897626], [106.45566820152617, 10.887135911608711], [106.45713179824321, 10.887135911608711], [106.45713179824321, 10.884076700897626], [106.45566820152617, 10.884076700897626]]]}, "properties": {"db_hole_id": 872, "course_id": 49, "course": "West Lakes Golf & Villas — Championship", "facility": "West Lakes Golf & Villas", "hole_number": 8, "par": 3, "length_m": 179.0, "coords_source": "SEED", "todo": "draw: green, fairway, bunker, water, ob", "centroid": "10.88560630625317,106.45639999988468"}}, {"type": "Feature", "geometry": {"type": "Polygon", "coordinates": [[[106.45646819593418, 10.884676701174204], [106.45646819593418, 10.889528704043348], [106.45793180383507, 10.889528704043348], [106.45793180383507, 10.884676701174204], [106.45646819593418, 10.884676701174204]]]}, "properties": {"db_hole_id": 873, "course_id": 49, "course": "West Lakes Golf & Villas — Championship", "facility": "West Lakes Golf & Villas", "hole_number": 9, "par": 4, "length_m": 378.0, "coords_source": "SEED", "todo": "draw: green, fairway, bunker, water, ob", "centroid": "10.887102702608775,106.45719999988464"}}, {"type": "Feature", "geometry": {"type": "Polygon", "coordinates": [[[106.45726819467679, 10.885276701450916], [106.45726819467679, 10.89014672178383], [106.45873180509231, 10.89014672178383], [106.45873180509231, 10.885276701450916], [106.45726819467679, 10.885276701450916]]]}, "properties": {"db_hole_id": 874, "course_id": 49, "course": "West Lakes Golf & Villas — Championship", "facility": "West Lakes Golf & Villas", "hole_number": 10, "par": 4, "length_m": 380.0, "coords_source": "SEED", "todo": "draw: green, fairway, bunker, water, ob", "centroid": "10.887711711617373,106.45799999988455"}}, {"type": "Feature", "geometry": {"type": "Polygon", "coordinates": [[[106.45806819341945, 10.885876701727767], [106.45806819341945, 10.89076473952418], [106.45953180634952, 10.89076473952418], [106.45953180634952, 10.885876701727767], [106.45806819341945, 10.885876701727767]]]}, "properties": {"db_hole_id": 875, "course_id": 49, "course": "West Lakes Golf & Villas — Championship", "facility": "West Lakes Golf & Villas", "hole_number": 11, "par": 4, "length_m": 382.0, "coords_source": "SEED", "todo": "draw: green, fairway, bunker, water, ob", "centroid": "10.888320720625975,106.45879999988449"}}, {"type": "Feature", "geometry": {"type": "Polygon", "coordinates": [[[106.45886819640977, 10.886476702004755], [106.45886819640977, 10.889644018604766], [106.46033180335911, 10.889644018604766], [106.46033180335911, 10.886476702004755], [106.45886819640977, 10.886476702004755]]]}, "properties": {"db_hole_id": 876, "course_id": 49, "course": "West Lakes Golf & Villas — Championship", "facility": "West Lakes Golf & Villas", "hole_number": 12, "par": 3, "length_m": 191.0, "coords_source": "SEED", "todo": "draw: green, fairway, bunker, water, ob", "centroid": "10.88806036030476,106.45959999988445"}}, {"type": "Feature", "geometry": {"type": "Polygon", "coordinates": [[[106.45966818769107, 10.887076702281878], [106.45966818769107, 10.893316090259908], [106.46113181207768, 10.893316090259908], [106.46113181207768, 10.887076702281878], [106.45966818769107, 10.887076702281878]]]}, "properties": {"db_hole_id": 877, "course_id": 49, "course": "West Lakes Golf & Villas — Championship", "facility": "West Lakes Golf & Villas", "hole_number": 13, "par": 5, "length_m": 532.0, "coords_source": "SEED", "todo": "draw: green, fairway, bunker, water, ob", "centroid": "10.890196396270893,106.46039999988437"}}, {"type": "Feature", "geometry": {"type": "Polygon", "coordinates": [[[106.46046818964774, 10.887676702559137], [106.46046818964774, 10.892618792744395], [106.46193181012087, 10.892618792744395], [106.46193181012087, 10.887676702559137], [106.46046818964774, 10.887676702559137]]]}, "properties": {"db_hole_id": 878, "course_id": 49, "course": "West Lakes Golf & Villas — Championship", "facility": "West Lakes Golf & Villas", "hole_number": 14, "par": 4, "length_m": 388.0, "coords_source": "SEED", "todo": "draw: green, fairway, bunker, water, ob", "centroid": "10.890147747651767,106.46119999988433"}}, {"type": "Feature", "geometry": {"type": "Polygon", "coordinates": [[[106.46126818839059, 10.88827670283653], [106.46126818839059, 10.893236810484197], [106.46273181137789, 10.893236810484197], [106.46273181137789, 10.88827670283653], [106.46126818839059, 10.88827670283653]]]}, "properties": {"db_hole_id": 879, "course_id": 49, "course": "West Lakes Golf & Villas — Championship", "facility": "West Lakes Golf & Villas", "hole_number": 15, "par": 4, "length_m": 390.0, "coords_source": "SEED", "todo": "draw: green, fairway, bunker, water, ob", "centroid": "10.890756756660362,106.46199999988424"}}, {"type": "Feature", "geometry": {"type": "Polygon", "coordinates": [[[106.46206819129405, 10.888876703114063], [106.46206819129405, 10.892152125598646], [106.4635318084743, 10.892152125598646], [106.4635318084743, 10.888876703114063], [106.46206819129405, 10.888876703114063]]]}, "properties": {"db_hole_id": 880, "course_id": 49, "course": "West Lakes Golf & Villas — Championship", "facility": "West Lakes Golf & Villas", "hole_number": 16, "par": 3, "length_m": 203.0, "coords_source": "SEED", "todo": "draw: green, fairway, bunker, water, ob", "centroid": "10.890514414356355,106.46279999988418"}}, {"type": "Feature", "geometry": {"type": "Polygon", "coordinates": [[[106.46286818587643, 10.889476703391727], [106.46286818587643, 10.894472845963385], [106.46433181389179, 10.894472845963385], [106.46433181389179, 10.889476703391727], [106.46286818587643, 10.889476703391727]]]}, "properties": {"db_hole_id": 881, "course_id": 49, "course": "West Lakes Golf & Villas — Championship", "facility": "West Lakes Golf & Villas", "hole_number": 17, "par": 4, "length_m": 394.0, "coords_source": "SEED", "todo": "draw: green, fairway, bunker, water, ob", "centroid": "10.891974774677557,106.46359999988411"}}, {"type": "Feature", "geometry": {"type": "Polygon", "coordinates": [[[106.46366818118436, 10.890076703669532], [106.46366818118436, 10.896496269044212], [106.46513181858373, 10.896496269044212], [106.46513181858373, 10.890076703669532], [106.46366818118436, 10.890076703669532]]]}, "properties": {"db_hole_id": 882, "course_id": 49, "course": "West Lakes Golf & Villas — Championship", "facility": "West Lakes Golf & Villas", "hole_number": 18, "par": 5, "length_m": 552.0, "coords_source": "SEED", "todo": "draw: green, fairway, bunker, water, ob", "centroid": "10.893286486356873,106.46439999988405"}}, {"type": "Feature", "geometry": {"type": "Polygon", "coordinates": [[[105.86004175789314, 18.599877027941712], [105.86004175789314, 18.604584233017558], [105.86155824197061, 18.604584233017558], [105.86155824197061, 18.599877027941712], [105.86004175789314, 18.599877027941712]]]}, "properties": {"db_hole_id": 469, "course_id": 27, "course": "Xuân Thành Golf & Resort — Championship", "facility": "Xuân Thành Golf & Resort", "hole_number": 1, "par": 4, "length_m": 362.0, "coords_source": "SEED", "todo": "draw: green, fairway, bunker, water, ob", "centroid": "18.60223063047963,105.86079999993186"}}, {"type": "Feature", "geometry": {"type": "Polygon", "coordinates": [[[105.86084175035194, 18.600477028124324], [105.86084175035194, 18.60631936788404], [105.86235824951169, 18.60631936788404], [105.86235824951169, 18.600477028124324], [105.86084175035194, 18.600477028124324]]]}, "properties": {"db_hole_id": 470, "course_id": 27, "course": "Xuân Thành Golf & Resort — Championship", "facility": "Xuân Thành Golf & Resort", "hole_number": 2, "par": 5, "length_m": 488.0, "coords_source": "SEED", "todo": "draw: green, fairway, bunker, water, ob", "centroid": "18.603398198004182,105.86159999993181"}}, {"type": "Feature", "geometry": {"type": "Polygon", "coordinates": [[[105.86164175270642, 18.60107702830703], [105.86164175270642, 18.60582026868554], [105.86315824715707, 18.60582026868554], [105.86315824715707, 18.60107702830703], [105.86164175270642, 18.60107702830703]]]}, "properties": {"db_hole_id": 471, "course_id": 27, "course": "Xuân Thành Golf & Resort — Championship", "facility": "Xuân Thành Golf & Resort", "hole_number": 3, "par": 4, "length_m": 366.0, "coords_source": "SEED", "todo": "draw: green, fairway, bunker, water, ob", "centroid": "18.603448648496283,105.86239999993174"}}, {"type": "Feature", "geometry": {"type": "Polygon", "coordinates": [[[105.86244175813329, 18.601677028489892], [105.86244175813329, 18.60462747584579], [105.86395824173013, 18.60462747584579], [105.86395824173013, 18.601677028489892], [105.86244175813329, 18.601677028489892]]]}, "properties": {"db_hole_id": 472, "course_id": 27, "course": "Xuân Thành Golf & Resort — Championship", "facility": "Xuân Thành Golf & Resort", "hole_number": 4, "par": 3, "length_m": 167.0, "coords_source": "SEED", "todo": "draw: green, fairway, bunker, water, ob", "centroid": "18.60315225216784,105.86319999993171"}}, {"type": "Feature", "geometry": {"type": "Polygon", "coordinates": [[[105.86324174751982, 18.602277028672866], [105.86324174751982, 18.607056304353], [105.86475825234345, 18.607056304353], [105.86475825234345, 18.602277028672866], [105.86324174751982, 18.602277028672866]]]}, "properties": {"db_hole_id": 473, "course_id": 27, "course": "Xuân Thành Golf & Resort — Championship", "facility": "Xuân Thành Golf & Resort", "hole_number": 5, "par": 4, "length_m": 370.0, "coords_source": "SEED", "todo": "draw: green, fairway, bunker, water, ob", "centroid": "18.604666666512937,105.86399999993165"}}, {"type": "Feature", "geometry": {"type": "Polygon", "coordinates": [[[105.86404174492654, 18.602877028855975], [105.86404174492654, 18.607674322186554], [105.8655582549366, 18.607674322186554], [105.8655582549366, 18.602877028855975], [105.86404174492654, 18.602877028855975]]]}, "properties": {"db_hole_id": 474, "course_id": 27, "course": "Xuân Thành Golf & Resort — Championship", "facility": "Xuân Thành Golf & Resort", "hole_number": 6, "par": 4, "length_m": 372.0, "coords_source": "SEED", "todo": "draw: green, fairway, bunker, water, ob", "centroid": "18.605275675521263,105.86479999993156"}}, {"type": "Feature", "geometry": {"type": "Polygon", "coordinates": [[[105.86484173698537, 18.6034770290392], [105.86484173698537, 18.609499547135663], [105.86635826287764, 18.609499547135663], [105.86635826287764, 18.6034770290392], [105.86484173698537, 18.6034770290392]]]}, "properties": {"db_hole_id": 475, "course_id": 27, "course": "Xuân Thành Golf & Resort — Championship", "facility": "Xuân Thành Golf & Resort", "hole_number": 7, "par": 5, "length_m": 508.0, "coords_source": "SEED", "todo": "draw: green, fairway, bunker, water, ob", "centroid": "18.60648828808743,105.86559999993152"}}, {"type": "Feature", "geometry": {"type": "Polygon", "coordinates": [[[105.86564174760188, 18.604077029222555], [105.86564174760188, 18.607135583213022], [105.867158252261, 18.607135583213022], [105.867158252261, 18.604077029222555], [105.86564174760188, 18.604077029222555]]]}, "properties": {"db_hole_id": 476, "course_id": 27, "course": "Xuân Thành Golf & Resort — Championship", "facility": "Xuân Thành Golf & Resort", "hole_number": 8, "par": 3, "length_m": 179.0, "coords_source": "SEED", "todo": "draw: green, fairway, bunker, water, ob", "centroid": "18.60560630621779,105.86639999993146"}}, {"type": "Feature", "geometry": {"type": "Polygon", "coordinates": [[[105.86644173714687, 18.604677029406044], [105.86644173714687, 18.609528375686438], [105.86795826271587, 18.609528375686438], [105.86795826271587, 18.604677029406044], [105.86644173714687, 18.604677029406044]]]}, "properties": {"db_hole_id": 477, "course_id": 27, "course": "Xuân Thành Golf & Resort — Championship", "facility": "Xuân Thành Golf & Resort", "hole_number": 9, "par": 4, "length_m": 378.0, "coords_source": "SEED", "todo": "draw: green, fairway, bunker, water, ob", "centroid": "18.607102702546246,105.86719999993136"}}, {"type": "Feature", "geometry": {"type": "Polygon", "coordinates": [[[105.8672417345537, 18.605277029589658], [105.8672417345537, 18.61014639351947], [105.86875826530893, 18.61014639351947], [105.86875826530893, 18.605277029589658], [105.8672417345537, 18.605277029589658]]]}, "properties": {"db_hole_id": 478, "course_id": 27, "course": "Xuân Thành Golf & Resort — Championship", "facility": "Xuân Thành Golf & Resort", "hole_number": 10, "par": 4, "length_m": 380.0, "coords_source": "SEED", "todo": "draw: green, fairway, bunker, water, ob", "centroid": "18.60771171155456,105.86799999993133"}}, {"type": "Feature", "geometry": {"type": "Polygon", "coordinates": [[[105.86804173196055, 18.605877029773392], [105.86804173196055, 18.610764411352378], [105.86955826790194, 18.610764411352378], [105.86955826790194, 18.605877029773392], [105.86804173196055, 18.605877029773392]]]}, "properties": {"db_hole_id": 479, "course_id": 27, "course": "Xuân Thành Golf & Resort — Championship", "facility": "Xuân Thành Golf & Resort", "hole_number": 11, "par": 4, "length_m": 382.0, "coords_source": "SEED", "todo": "draw: green, fairway, bunker, water, ob", "centroid": "18.608320720562883,105.86879999993123"}}, {"type": "Feature", "geometry": {"type": "Polygon", "coordinates": [[[105.86884173707084, 18.60647702995727], [105.86884173707084, 18.60964369057824], [105.87035826279154, 18.60964369057824], [105.87035826279154, 18.60647702995727], [105.86884173707084, 18.60647702995727]]]}, "properties": {"db_hole_id": 480, "course_id": 27, "course": "Xuân Thành Golf & Resort — Championship", "facility": "Xuân Thành Golf & Resort", "hole_number": 12, "par": 3, "length_m": 191.0, "coords_source": "SEED", "todo": "draw: green, fairway, bunker, water, ob", "centroid": "18.608060360267757,105.86959999993118"}}, {"type": "Feature", "geometry": {"type": "Polygon", "coordinates": [[[105.86964172094609, 18.607077030141255], [105.86964172094609, 18.613315762233427], [105.87115827891617, 18.613315762233427], [105.87115827891617, 18.607077030141255], [105.86964172094609, 18.607077030141255]]]}, "properties": {"db_hole_id": 481, "course_id": 27, "course": "Xuân Thành Golf & Resort — Championship", "facility": "Xuân Thành Golf & Resort", "hole_number": 13, "par": 5, "length_m": 532.0, "coords_source": "SEED", "todo": "draw: green, fairway, bunker, water, ob", "centroid": "18.61019639618734,105.87039999993114"}}, {"type": "Feature", "geometry": {"type": "Polygon", "coordinates": [[[105.87044172418125, 18.607677030325373], [105.87044172418125, 18.61261846485036], [105.87195827568087, 18.61261846485036], [105.87195827568087, 18.607677030325373], [105.87044172418125, 18.607677030325373]]]}, "properties": {"db_hole_id": 482, "course_id": 27, "course": "Xuân Thành Golf & Resort — Championship", "facility": "Xuân Thành Golf & Resort", "hole_number": 14, "par": 4, "length_m": 388.0, "coords_source": "SEED", "todo": "draw: green, fairway, bunker, water, ob", "centroid": "18.610147747587867,105.87119999993106"}}, {"type": "Feature", "geometry": {"type": "Polygon", "coordinates": [[[105.8712417215882, 18.608277030509615], [105.8712417215882, 18.61323648268277], [105.87275827827378, 18.61323648268277], [105.87275827827378, 18.608277030509615], [105.8712417215882, 18.608277030509615]]]}, "properties": {"db_hole_id": 483, "course_id": 27, "course": "Xuân Thành Golf & Resort — Championship", "facility": "Xuân Thành Golf & Resort", "hole_number": 15, "par": 4, "length_m": 390.0, "coords_source": "SEED", "todo": "draw: green, fairway, bunker, water, ob", "centroid": "18.610756756596196,105.87199999993099"}}, {"type": "Feature", "geometry": {"type": "Polygon", "coordinates": [[[105.87204172654012, 18.608877030693982], [105.87204172654012, 18.612151797941422], [105.87355827332172, 18.612151797941422], [105.87355827332172, 18.608877030693982], [105.87204172654012, 18.608877030693982]]]}, "properties": {"db_hole_id": 484, "course_id": 27, "course": "Xuân Thành Golf & Resort — Championship", "facility": "Xuân Thành Golf & Resort", "hole_number": 16, "par": 3, "length_m": 203.0, "coords_source": "SEED", "todo": "draw: green, fairway, bunker, water, ob", "centroid": "18.610514414317706,105.8727999999309"}}, {"type": "Feature", "geometry": {"type": "Polygon", "coordinates": [[[105.87284171640219, 18.609477030878487], [105.87284171640219, 18.614472518347206], [105.87435828345956, 18.614472518347206], [105.87435828345956, 18.609477030878487], [105.87284171640219, 18.609477030878487]]]}, "properties": {"db_hole_id": 485, "course_id": 27, "course": "Xuân Thành Golf & Resort — Championship", "facility": "Xuân Thành Golf & Resort", "hole_number": 17, "par": 4, "length_m": 394.0, "coords_source": "SEED", "todo": "draw: green, fairway, bunker, water, ob", "centroid": "18.611974774612847,105.87359999993087"}}, {"type": "Feature", "geometry": {"type": "Polygon", "coordinates": [[[105.87364170758052, 18.610077031063106], [105.87364170758052, 18.616495941478078], [105.87515829228109, 18.616495941478078], [105.87515829228109, 18.610077031063106], [105.87364170758052, 18.610077031063106]]]}, "properties": {"db_hole_id": 486, "course_id": 27, "course": "Xuân Thành Golf & Resort — Championship", "facility": "Xuân Thành Golf & Resort", "hole_number": 18, "par": 5, "length_m": 552.0, "coords_source": "SEED", "todo": "draw: green, fairway, bunker, water, ob", "centroid": "18.613286486270592,105.8743999999308"}}, {"type": "Feature", "geometry": {"type": "Polygon", "coordinates": [[[106.25002935132281, 21.199877315747873], [106.25002935132281, 21.204583945180975], [106.25157064847934, 21.204583945180975], [106.25157064847934, 21.199877315747873], [106.25002935132281, 21.199877315747873]]]}, "properties": {"db_hole_id": 325, "course_id": 19, "course": "Yên Dũng Resort & Golf Club — Championship", "facility": "Yên Dũng Resort & Golf Club", "hole_number": 1, "par": 4, "length_m": 362.0, "coords_source": "SEED", "todo": "draw: green, fairway, bunker, water, ob", "centroid": "21.202230630464424,106.25079999990108"}}, {"type": "Feature", "geometry": {"type": "Polygon", "coordinates": [[[106.25082934252256, 21.200477315990614], [106.25082934252256, 21.206319079978663], [106.25237065727944, 21.206319079978663], [106.25237065727944, 21.200477315990614], [106.25082934252256, 21.200477315990614]]]}, "properties": {"db_hole_id": 326, "course_id": 19, "course": "Yên Dũng Resort & Golf Club — Championship", "facility": "Yên Dũng Resort & Golf Club", "hole_number": 2, "par": 5, "length_m": 488.0, "coords_source": "SEED", "todo": "draw: green, fairway, bunker, water, ob", "centroid": "21.20339819798464,106.25159999990099"}}, {"type": "Feature", "geometry": {"type": "Polygon", "coordinates": [[[106.25162934531858, 21.201077316233462], [106.25162934531858, 21.205819980728425], [106.2531706544833, 21.205819980728425], [106.2531706544833, 21.201077316233462], [106.25162934531858, 21.201077316233462]]]}, "properties": {"db_hole_id": 327, "course_id": 19, "course": "Yên Dũng Resort & Golf Club — Championship", "facility": "Yên Dũng Resort & Golf Club", "hole_number": 3, "par": 4, "length_m": 366.0, "coords_source": "SEED", "todo": "draw: green, fairway, bunker, water, ob", "centroid": "21.203448648480943,106.25239999990094"}}, {"type": "Feature", "geometry": {"type": "Polygon", "coordinates": [[[106.25242935171495, 21.20167731647644], [106.25242935171495, 21.204627187842238], [106.25397064808683, 21.204627187842238], [106.25397064808683, 21.20167731647644], [106.25242935171495, 21.20167731647644]]]}, "properties": {"db_hole_id": 328, "course_id": 19, "course": "Yên Dũng Resort & Golf Club — Championship", "facility": "Yên Dũng Resort & Golf Club", "hole_number": 4, "par": 3, "length_m": 167.0, "coords_source": "SEED", "todo": "draw: green, fairway, bunker, water, ob", "centroid": "21.20315225215934,106.2531999999009"}}, {"type": "Feature", "geometry": {"type": "Polygon", "coordinates": [[[106.25322933931443, 21.202277316719535], [106.25322933931443, 21.20705601627539], [106.25477066048721, 21.20705601627539], [106.25477066048721, 21.202277316719535], [106.25322933931443, 21.202277316719535]]]}, "properties": {"db_hole_id": 329, "course_id": 19, "course": "Yên Dũng Resort & Golf Club — Championship", "facility": "Yên Dũng Resort & Golf Club", "hole_number": 5, "par": 4, "length_m": 370.0, "coords_source": "SEED", "todo": "draw: green, fairway, bunker, water, ob", "centroid": "21.204666666497463,106.25399999990084"}}, {"type": "Feature", "geometry": {"type": "Polygon", "coordinates": [[[106.25402933631237, 21.202877316962752], [106.25402933631237, 21.207674034048683], [106.25557066348915, 21.207674034048683], [106.25557066348915, 21.202877316962752], [106.25402933631237, 21.202877316962752]]]}, "properties": {"db_hole_id": 330, "course_id": 19, "course": "Yên Dũng Resort & Golf Club — Championship", "facility": "Yên Dũng Resort & Golf Club", "hole_number": 6, "par": 4, "length_m": 372.0, "coords_source": "SEED", "todo": "draw: green, fairway, bunker, water, ob", "centroid": "21.205275675505714,106.25479999990078"}}, {"type": "Feature", "geometry": {"type": "Polygon", "coordinates": [[[106.25482932704345, 21.203477317206094], [106.25482932704345, 21.209499258928343], [106.25637067275792, 21.209499258928343], [106.25637067275792, 21.203477317206094], [106.25482932704345, 21.203477317206094]]]}, "properties": {"db_hole_id": 331, "course_id": 19, "course": "Yên Dũng Resort & Golf Club — Championship", "facility": "Yên Dũng Resort & Golf Club", "hole_number": 7, "par": 5, "length_m": 508.0, "coords_source": "SEED", "todo": "draw: green, fairway, bunker, water, ob", "centroid": "21.206488288067217,106.2555999999007"}}, {"type": "Feature", "geometry": {"type": "Polygon", "coordinates": [[[106.25562933952105, 21.204077317449553], [106.25562933952105, 21.207135294968214], [106.2571706602802, 21.207135294968214], [106.2571706602802, 21.204077317449553], [106.25562933952105, 21.204077317449553]]]}, "properties": {"db_hole_id": 332, "course_id": 19, "course": "Yên Dũng Resort & Golf Club — Championship", "facility": "Yên Dũng Resort & Golf Club", "hole_number": 8, "par": 3, "length_m": 179.0, "coords_source": "SEED", "todo": "draw: green, fairway, bunker, water, ob", "centroid": "21.20560630620888,106.25639999990062"}}, {"type": "Feature", "geometry": {"type": "Polygon", "coordinates": [[[106.25642932730628, 21.204677317693143], [106.25642932730628, 21.209528087367854], [106.25797067249486, 21.209528087367854], [106.25797067249486, 21.204677317693143], [106.25642932730628, 21.204677317693143]]]}, "properties": {"db_hole_id": 333, "course_id": 19, "course": "Yên Dũng Resort & Golf Club — Championship", "facility": "Yên Dũng Resort & Golf Club", "hole_number": 9, "par": 4, "length_m": 378.0, "coords_source": "SEED", "todo": "draw: green, fairway, bunker, water, ob", "centroid": "21.2071027025305,106.25719999990056"}}, {"type": "Feature", "geometry": {"type": "Polygon", "coordinates": [[[106.25722932430426, 21.205277317936844], [106.25722932430426, 21.210146105140673], [106.25877067549672, 21.210146105140673], [106.25877067549672, 21.205277317936844], [106.25722932430426, 21.205277317936844]]]}, "properties": {"db_hole_id": 334, "course_id": 19, "course": "Yên Dũng Resort & Golf Club — Championship", "facility": "Yên Dũng Resort & Golf Club", "hole_number": 10, "par": 4, "length_m": 380.0, "coords_source": "SEED", "todo": "draw: green, fairway, bunker, water, ob", "centroid": "21.207711711538757,106.2579999999005"}}, {"type": "Feature", "geometry": {"type": "Polygon", "coordinates": [[[106.25802932130227, 21.205877318180665], [106.25802932130227, 21.210764122913357], [106.25957067849859, 21.210764122913357], [106.25957067849859, 21.205877318180665], [106.25802932130227, 21.205877318180665]]]}, "properties": {"db_hole_id": 335, "course_id": 19, "course": "Yên Dũng Resort & Golf Club — Championship", "facility": "Yên Dũng Resort & Golf Club", "hole_number": 11, "par": 4, "length_m": 382.0, "coords_source": "SEED", "todo": "draw: green, fairway, bunker, water, ob", "centroid": "21.208320720547007,106.25879999990042"}}, {"type": "Feature", "geometry": {"type": "Polygon", "coordinates": [[[106.25882932732732, 21.20647731842462], [106.25882932732732, 21.20964340209226], [106.26037067247343, 21.20964340209226], [106.26037067247343, 21.20647731842462], [106.25882932732732, 21.20647731842462]]]}, "properties": {"db_hole_id": 336, "course_id": 19, "course": "Yên Dũng Resort & Golf Club — Championship", "facility": "Yên Dũng Resort & Golf Club", "hole_number": 12, "par": 3, "length_m": 191.0, "coords_source": "SEED", "todo": "draw: green, fairway, bunker, water, ob", "centroid": "21.208060360258443,106.25959999990039"}}, {"type": "Feature", "geometry": {"type": "Polygon", "coordinates": [[[106.25962930846876, 21.207077318668684], [106.25962930846876, 21.213315473663954], [106.2611706913319, 21.213315473663954], [106.2611706913319, 21.207077318668684], [106.25962930846876, 21.207077318668684]]]}, "properties": {"db_hole_id": 337, "course_id": 19, "course": "Yên Dũng Resort & Golf Club — Championship", "facility": "Yên Dũng Resort & Golf Club", "hole_number": 13, "par": 5, "length_m": 532.0, "coords_source": "SEED", "todo": "draw: green, fairway, bunker, water, ob", "centroid": "21.210196396166317,106.26039999990032"}}, {"type": "Feature", "geometry": {"type": "Polygon", "coordinates": [[[106.2604293122964, 21.207677318912864], [106.2604293122964, 21.21261817623072], [106.26197068750412, 21.21261817623072], [106.26197068750412, 21.207677318912864], [106.2604293122964, 21.207677318912864]]]}, "properties": {"db_hole_id": 338, "course_id": 19, "course": "Yên Dũng Resort & Golf Club — Championship", "facility": "Yên Dũng Resort & Golf Club", "hole_number": 14, "par": 4, "length_m": 388.0, "coords_source": "SEED", "todo": "draw: green, fairway, bunker, water, ob", "centroid": "21.21014774757179,106.26119999990026"}}, {"type": "Feature", "geometry": {"type": "Polygon", "coordinates": [[[106.26122930929445, 21.208277319157176], [106.26122930929445, 21.213236194002935], [106.26277069050592, 21.213236194002935], [106.26277069050592, 21.208277319157176], [106.26122930929445, 21.208277319157176]]]}, "properties": {"db_hole_id": 339, "course_id": 19, "course": "Yên Dũng Resort & Golf Club — Championship", "facility": "Yên Dũng Resort & Golf Club", "hole_number": 15, "par": 4, "length_m": 390.0, "coords_source": "SEED", "todo": "draw: green, fairway, bunker, water, ob", "centroid": "21.210756756580054,106.26199999990018"}}, {"type": "Feature", "geometry": {"type": "Polygon", "coordinates": [[[106.26202931513376, 21.208877319401605], [106.26202931513376, 21.212151509214372], [106.26357068466648, 21.212151509214372], [106.26357068466648, 21.208877319401605], [106.26202931513376, 21.208877319401605]]]}, "properties": {"db_hole_id": 340, "course_id": 19, "course": "Yên Dũng Resort & Golf Club — Championship", "facility": "Yên Dũng Resort & Golf Club", "hole_number": 16, "par": 3, "length_m": 203.0, "coords_source": "SEED", "todo": "draw: green, fairway, bunker, water, ob", "centroid": "21.210514414307987,106.26279999990014"}}, {"type": "Feature", "geometry": {"type": "Polygon", "coordinates": [[[106.26282930329062, 21.20947731964615], [106.26282930329062, 21.21447222954698], [106.26437069650952, 21.21447222954698], [106.26437069650952, 21.20947731964615], [106.26282930329062, 21.20947731964615]]]}, "properties": {"db_hole_id": 341, "course_id": 19, "course": "Yên Dũng Resort & Golf Club — Championship", "facility": "Yên Dũng Resort & Golf Club", "hole_number": 17, "par": 4, "length_m": 394.0, "coords_source": "SEED", "todo": "draw: green, fairway, bunker, water, ob", "centroid": "21.211974774596566,106.26359999990007"}}, {"type": "Feature", "geometry": {"type": "Polygon", "coordinates": [[[106.26362929298999, 21.210077319890825], [106.26362929298999, 21.216495652606977], [106.26517070681, 21.216495652606977], [106.26517070681, 21.210077319890825], [106.26362929298999, 21.210077319890825]]]}, "properties": {"db_hole_id": 342, "course_id": 19, "course": "Yên Dũng Resort & Golf Club — Championship", "facility": "Yên Dũng Resort & Golf Club", "hole_number": 18, "par": 5, "length_m": 552.0, "coords_source": "SEED", "todo": "draw: green, fairway, bunker, water, ob", "centroid": "21.213286486248897,106.26439999989998"}}]}
